date,game,team,line,p_mkt,p_model,act,over,nb,mean,edge,side,win,pm_side,aedge,u,q
2026-08-11,BAL@MIN,BAL,3.5,0.6071891461965003,0.5743,5.0,1,2,4.4616,-0.032889146196500296,Under,0,0.39281085380349967,0.032889146196500296,-1.0,"(-0.0581, -0.0149]"
2026-08-11,BAL@MIN,BAL,4.5,0.4796954314720812,0.43905,5.0,1,5,4.4616,-0.04064543147208122,Under,0,0.5203045685279188,0.04064543147208122,-1.0,"(-0.0581, -0.0149]"
2026-08-11,BAL@MIN,BAL,5.5,0.3681550968429781,0.3223,5.0,0,2,4.4616,-0.045855096842978116,Under,1,0.6318449031570219,0.045855096842978116,0.5564468680974225,"(-0.0581, -0.0149]"
2026-08-11,BAL@MIN,MIN,3.5,0.6086303689907391,0.5992,2.0,0,2,4.61045,-0.009430368990739124,Under,1,0.3913696310092609,0.009430368990739124,1.4851484538727584,"(-0.0149, 0.0263]"
2026-08-11,BAL@MIN,MIN,4.5,0.47368421052631576,0.4612,2.0,0,5,4.61045,-0.012484210526315764,Under,1,0.5263157894736843,0.012484210526315764,0.8594999999999997,"(-0.0149, 0.0263]"
2026-08-11,BAL@MIN,MIN,5.5,0.3544508255563532,0.33865,2.0,0,2,4.61045,-0.015800825556353204,Under,1,0.6455491744436468,0.015800825556353204,0.5243605782596609,"(-0.0581, -0.0149]"
2026-08-11,BOS@TOR,BOS,2.5,0.5715249662618084,0.5624,3.0,1,3,3.35355,-0.009124966261808365,Under,0,0.4284750337381916,0.009124966261808365,-1.0,"(-0.0149, 0.0263]"
2026-08-11,BOS@TOR,BOS,3.5,0.43451913297156397,0.4104,3.0,0,4,3.35355,-0.024119132971563984,Under,1,0.565480867028436,0.024119132971563984,0.7338281384628641,"(-0.0581, -0.0149]"
2026-08-11,BOS@TOR,BOS,4.5,0.31180082037076495,0.2862,3.0,0,2,3.35355,-0.025600820370764943,Under,1,0.688199179629235,0.025600820370764943,0.4326796547687008,"(-0.0581, -0.0149]"
2026-08-11,BOS@TOR,TOR,2.5,0.6336194460473168,0.6813,5.0,1,2,4.08885,0.047680553952683224,Over,1,0.6336194460473168,0.047680553952683224,0.5522138425636063,"(0.0263, 0.0699]"
2026-08-11,BOS@TOR,TOR,3.5,0.4796954314720812,0.5278,5.0,1,5,4.08885,0.048104568527918834,Over,1,0.4796954314720812,0.048104568527918834,1.035846560846561,"(0.0263, 0.0699]"
2026-08-11,BOS@TOR,TOR,4.5,0.3436672520382491,0.38245,5.0,1,2,4.08885,0.03878274796175091,Over,1,0.3436672520382491,0.03878274796175091,1.8238507468663654,"(0.0263, 0.0699]"
2026-08-11,CHC@WSH,CHC,4.5,0.5685600504636583,0.56135,8.0,1,2,5.43265,-0.007210050463658302,Under,0,0.4314399495363417,0.007210050463658302,-1.0,"(-0.0149, 0.0263]"
2026-08-11,CHC@WSH,CHC,5.5,0.45722256664600125,0.4447,8.0,1,5,5.43265,-0.012522566646001265,Under,0,0.5427774333539988,0.012522566646001265,-1.0,"(-0.0149, 0.0263]"
2026-08-11,CHC@WSH,CHC,6.5,0.36400159562343287,0.3372,8.0,1,2,5.43265,-0.026801595623432872,Under,0,0.6359984043765672,0.026801595623432872,-1.0,"(-0.0581, -0.0149]"
2026-08-11,CHC@WSH,WSH,2.5,0.6468514683799429,0.73205,6.0,1,2,4.4746,0.08519853162005708,Over,1,0.6468514683799429,0.08519853162005708,0.5213822093375214,"(0.0699, 0.22]"
2026-08-11,CHC@WSH,WSH,3.5,0.5168918918918919,0.5856,6.0,1,5,4.4746,0.06870810810810812,Over,1,0.5168918918918919,0.06870810810810812,0.8925816993464052,"(0.0263, 0.0699]"
2026-08-11,CHC@WSH,WSH,4.5,0.38107707799038687,0.4442,6.0,1,2,4.4746,0.06312292200961311,Over,1,0.38107707799038687,0.06312292200961311,1.5510546938068286,"(0.0263, 0.0699]"
2026-08-11,CIN@CWS,CIN,2.5,0.6161596906655311,0.6055,5.0,1,2,3.66355,-0.010659690665531074,Under,0,0.3838403093344689,0.010659690665531074,-1.0,"(-0.0149, 0.0263]"
2026-08-11,CIN@CWS,CIN,3.5,0.4718423169750604,0.4571,5.0,1,5,3.66355,-0.014742316975060399,Under,0,0.5281576830249396,0.014742316975060399,-1.0,"(-0.0149, 0.0263]"
2026-08-11,CIN@CWS,CIN,4.5,0.3493174391796364,0.3312,5.0,1,2,3.66355,-0.01811743917963643,Under,0,0.6506825608203636,0.01811743917963643,-1.0,"(-0.0581, -0.0149]"
2026-08-11,CIN@CWS,CWS,3.5,0.5732508614015909,0.6753,4.0,1,4,5.22245,0.10204913859840914,Over,1,0.5732508614015909,0.10204913859840914,0.7109373134914049,"(0.0699, 0.22]"
2026-08-11,CIN@CWS,CWS,4.5,0.43668122270742354,0.53745,4.0,0,3,5.22245,0.10076877729257644,Over,0,0.43668122270742354,0.10076877729257644,-1.0,"(0.0699, 0.22]"
2026-08-11,CIN@CWS,CWS,5.5,0.3273640804218341,0.40645,4.0,0,2,5.22245,0.07908591957816585,Over,0,0.3273640804218341,0.07908591957816585,-1.0,"(0.0699, 0.22]"
2026-08-11,CLE@DET,CLE,2.5,0.650198997760268,0.7201,4.0,1,2,4.5677,0.06990100223973195,Over,1,0.650198997760268,0.06990100223973195,0.5137811013084856,"(0.0263, 0.0699]"
2026-08-11,CLE@DET,CLE,3.5,0.5203045685279188,0.5853,4.0,1,5,4.5677,0.0649954314720812,Over,1,0.5203045685279188,0.0649954314720812,0.8804634146341461,"(0.0263, 0.0699]"
2026-08-11,CLE@DET,CLE,4.5,0.4015386428272579,0.45515,4.0,0,2,4.5677,0.053611357172742125,Over,0,0.4015386428272579,0.053611357172742125,-1.0,"(0.0263, 0.0699]"
2026-08-11,CLE@DET,CLE,5.5,0.2983761696632984,0.3367,4.0,0,2,4.5677,0.038323830336701614,Over,0,0.2983761696632984,0.038323830336701614,-1.0,"(0.0263, 0.0699]"
2026-08-11,CLE@DET,DET,3.5,0.5814584404327245,0.57345,6.0,1,2,4.39035,-0.008008440432724528,Under,0,0.41854155956727546,0.008008440432724528,-1.0,"(-0.0149, 0.0263]"
2026-08-11,CLE@DET,DET,4.5,0.4554079696394686,0.4292,6.0,1,5,4.39035,-0.026207969639468587,Under,0,0.5445920303605314,0.026207969639468587,-1.0,"(-0.0581, -0.0149]"
2026-08-11,CLE@DET,DET,5.5,0.3438150805071202,0.30735,6.0,1,2,4.39035,-0.03646508050712016,Under,0,0.6561849194928798,0.03646508050712016,-1.0,"(-0.0581, -0.0149]"
2026-08-11,COL@AZ,AZ,3.5,0.6769746646795827,0.6978,2.0,0,2,5.39215,0.020825335320417304,Over,0,0.6769746646795827,0.020825335320417304,-1.0,"(-0.0149, 0.0263]"
2026-08-11,COL@AZ,AZ,4.5,0.552733296521259,0.56545,2.0,0,5,5.39215,0.012716703478740987,Over,0,0.552733296521259,0.012716703478740987,-1.0,"(-0.0149, 0.0263]"
2026-08-11,COL@AZ,AZ,5.5,0.4295207355773143,0.43695,2.0,0,2,5.39215,0.007429264422685711,Over,0,0.4295207355773143,0.007429264422685711,-1.0,"(-0.0149, 0.0263]"
2026-08-11,COL@AZ,COL,2.5,0.6805147533997269,0.7507,3.0,1,2,4.90095,0.07018524660027314,Over,1,0.6805147533997269,0.07018524660027314,0.44834944279899175,"(0.0699, 0.22]"
2026-08-11,COL@AZ,COL,3.5,0.5520177711958534,0.61975,3.0,0,5,4.90095,0.06773222880414664,Over,0,0.5520177711958534,0.06773222880414664,-1.0,"(0.0263, 0.0699]"
2026-08-11,COL@AZ,COL,4.5,0.4196676031600357,0.4921,3.0,0,2,4.90095,0.07243239683996427,Over,0,0.4196676031600357,0.07243239683996427,-1.0,"(0.0699, 0.22]"
2026-08-11,HOU@SF,HOU,4.5,0.5061726421844668,0.5608,1.0,0,4,5.4467,0.054627357815533184,Over,0,0.5061726421844668,0.054627357815533184,-1.0,"(0.0263, 0.0699]"
2026-08-11,HOU@SF,SF,3.5,0.4340485811169843,0.5335,4.0,1,4,4.13325,0.09945141888301567,Over,1,0.4340485811169843,0.09945141888301567,1.245214541751052,"(0.0699, 0.22]"
2026-08-11,KC@LAD,KC,2.5,0.5608915420764153,0.64125,4.0,1,4,3.92355,0.08035845792358465,Over,1,0.5608915420764153,0.08035845792358465,0.7476464625667179,"(0.0699, 0.22]"
2026-08-11,KC@LAD,LAD,4.5,0.5493594874568327,0.53235,5.0,1,4,5.15245,-0.017009487456832728,Under,0,0.4506405125431673,0.017009487456832728,-1.0,"(-0.0581, -0.0149]"
2026-08-11,MIL@SD,MIL,2.5,0.6833160829354612,0.75495,2.0,0,2,4.94255,0.07163391706453881,Over,0,0.6833160829354612,0.07163391706453881,-1.0,"(0.0699, 0.22]"
2026-08-11,MIL@SD,MIL,3.5,0.5467012037178121,0.62795,2.0,0,5,4.94255,0.08124879628218795,Over,0,0.5467012037178121,0.08124879628218795,-1.0,"(0.0699, 0.22]"
2026-08-11,MIL@SD,MIL,4.5,0.4151898795938873,0.5002,2.0,0,2,4.94255,0.08501012040611267,Over,0,0.4151898795938873,0.08501012040611267,-1.0,"(0.0699, 0.22]"
2026-08-11,MIL@SD,SD,2.5,0.617878840905393,0.6654,11.0,1,2,3.979,0.04752115909460697,Over,1,0.617878840905393,0.04752115909460697,0.5906104607832421,"(0.0263, 0.0699]"
2026-08-11,MIL@SD,SD,3.5,0.4607930386631069,0.51275,11.0,1,5,3.979,0.05195696133689315,Over,1,0.4607930386631069,0.05195696133689315,1.1175139484978538,"(0.0263, 0.0699]"
2026-08-11,MIL@SD,SD,4.5,0.32959423902506574,0.3724,11.0,1,2,3.979,0.04280576097493427,Over,1,0.32959423902506574,0.04280576097493427,1.9425021008403367,"(0.0263, 0.0699]"
2026-08-11,NYM@ATL,ATL,3.5,0.5855211758679959,0.48115,4.0,1,2,3.74745,-0.10437117586799588,Under,0,0.4144788241320041,0.10437117586799588,-1.0,"(-0.206, -0.0581]"
2026-08-11,NYM@ATL,ATL,4.5,0.449438202247191,0.3394,4.0,0,5,3.74745,-0.11003820224719102,Under,1,0.550561797752809,0.11003820224719102,0.7795918367346938,"(-0.206, -0.0581]"
2026-08-11,NYM@ATL,ATL,5.5,0.33534743202416917,0.22505,4.0,0,2,3.74745,-0.11029743202416917,Under,1,0.6646525679758308,0.11029743202416917,0.48184090909090904,"(-0.206, -0.0581]"
2026-08-11,NYM@ATL,NYM,2.5,0.6805147533997269,0.59865,0.0,0,2,3.5527,-0.08186475339972688,Under,1,0.3194852466002731,0.08186475339972688,2.0341834135141053,"(-0.206, -0.0581]"
2026-08-11,NYM@ATL,NYM,3.5,0.550561797752809,0.4459,0.0,0,5,3.5527,-0.10466179775280898,Under,1,0.449438202247191,0.10466179775280898,1.169875,"(-0.206, -0.0581]"
2026-08-11,NYM@ATL,NYM,4.5,0.4141305303168765,0.31465,0.0,0,2,3.5527,-0.09948053031687654,Under,1,0.5858694696831235,0.09948053031687654,0.6750559244306185,"(-0.206, -0.0581]"
2026-08-11,PHI@STL,PHI,4.5,0.47448726011279263,0.41105,0.0,0,4,4.24715,-0.0634372601127926,Under,1,0.5255127398872074,0.0634372601127926,0.8622727843001008,"(-0.206, -0.0581]"
2026-08-11,PHI@STL,STL,3.5,0.4435314129850049,0.595,2.0,0,4,4.5482,0.15146858701499505,Over,0,0.4435314129850049,0.15146858701499505,-1.0,"(0.0699, 0.22]"
2026-08-11,PIT@MIA,MIA,2.5,0.6049886236324742,0.7224,2.0,0,2,4.4001,0.11741137636752585,Over,0,0.6049886236324742,0.11741137636752585,-1.0,"(0.0699, 0.22]"
2026-08-11,PIT@MIA,MIA,3.5,0.45168667810177243,0.5777,2.0,0,5,4.4001,0.12601332189822756,Over,0,0.45168667810177243,0.12601332189822756,-1.0,"(0.0699, 0.22]"
2026-08-11,PIT@MIA,MIA,4.5,0.3194852466002732,0.43215,2.0,0,2,4.4001,0.11266475339972676,Over,0,0.3194852466002732,0.11266475339972676,-1.0,"(0.0699, 0.22]"
2026-08-11,PIT@MIA,PIT,2.5,0.6267662277225456,0.71985,0.0,0,2,4.6305,0.09308377227745435,Over,0,0.6267662277225456,0.09308377227745435,-1.0,"(0.0699, 0.22]"
2026-08-11,PIT@MIA,PIT,3.5,0.49179655455291227,0.58945,0.0,0,5,4.6305,0.09765344544708776,Over,0,0.49179655455291227,0.09765344544708776,-1.0,"(0.0699, 0.22]"
2026-08-11,PIT@MIA,PIT,4.5,0.3647500338096741,0.4628,0.0,0,2,4.6305,0.09804996619032591,Over,0,0.3647500338096741,0.09804996619032591,-1.0,"(0.0699, 0.22]"
2026-08-11,SEA@NYY,NYY,3.5,0.563226468691384,0.46205,4.0,1,4,3.6052,-0.10117646869138402,Under,0,0.43677353130861596,0.10117646869138402,-1.0,"(-0.206, -0.0581]"
2026-08-11,SEA@NYY,NYY,4.5,0.43235704323570434,0.3218,4.0,0,3,3.6052,-0.11055704323570437,Under,1,0.5676429567642957,0.11055704323570437,0.7273955773955775,"(-0.206, -0.0581]"
2026-08-11,SEA@NYY,NYY,5.5,0.3135775862068966,0.2065,4.0,0,2,3.6052,-0.10707758620689659,Under,1,0.6864224137931034,0.10707758620689659,0.4362715855572999,"(-0.206, -0.0581]"
2026-08-11,SEA@NYY,SEA,2.5,0.6463738668333855,0.6647,1.0,0,2,4.0604,0.018326133166614467,Over,0,0.6463738668333855,0.018326133166614467,-1.0,"(-0.0149, 0.0263]"
2026-08-11,SEA@NYY,SEA,3.5,0.5187593796898449,0.52135,1.0,0,5,4.0604,0.0025906203101551117,Over,0,0.5187593796898449,0.0025906203101551117,-1.0,"(-0.0149, 0.0263]"
2026-08-11,SEA@NYY,SEA,4.5,0.3829914583905349,0.3878,1.0,0,2,4.0604,0.004808541609465089,Over,0,0.3829914583905349,0.004808541609465089,-1.0,"(-0.0149, 0.0263]"
2026-08-11,TB@ATH,ATH,3.5,0.5725500829684567,0.4929,4.0,1,2,3.8398,-0.07965008296845666,Under,0,0.42744991703154334,0.07965008296845666,-1.0,"(-0.206, -0.0581]"
2026-08-11,TB@ATH,ATH,4.5,0.44726670347874103,0.35405,4.0,0,5,3.8398,-0.09321670347874106,Under,1,0.552733296521259,0.09321670347874106,0.7727772227772226,"(-0.206, -0.0581]"
2026-08-11,TB@ATH,ATH,5.5,0.3222174870374317,0.2406,4.0,0,2,3.8398,-0.08161748703743169,Under,1,0.6777825129625683,0.08161748703743169,0.45400654964631915,"(-0.206, -0.0581]"
2026-08-11,TB@ATH,TB,4.5,0.6425480174758882,0.6326,12.0,1,2,6.09205,-0.009948017475888138,Under,0,0.3574519825241118,0.009948017475888138,-1.0,"(-0.0149, 0.0263]"
2026-08-11,TB@ATH,TB,5.5,0.539206961336893,0.5162,12.0,1,5,6.09205,-0.02300696133689306,Under,0,0.46079303866310695,0.02300696133689306,-1.0,"(-0.0581, -0.0149]"
2026-08-11,TB@ATH,TB,6.5,0.4381544708490088,0.40715,12.0,1,2,6.09205,-0.031004470849008814,Under,0,0.5618455291509912,0.031004470849008814,-1.0,"(-0.0581, -0.0149]"
2026-08-11,TEX@LAA,LAA,2.5,0.6805147533997269,0.68205,3.0,1,2,4.0928,0.0015352466002731546,Over,1,0.6805147533997269,0.0015352466002731546,0.44834944279899175,"(-0.0149, 0.0263]"
2026-08-11,TEX@LAA,LAA,3.5,0.5423385150140002,0.53215,3.0,0,5,4.0928,-0.010188515014000199,Under,1,0.4576614849859998,0.010188515014000199,1.131695147679325,"(-0.0149, 0.0263]"
2026-08-11,TEX@LAA,LAA,4.5,0.40747905709158816,0.39125,3.0,0,2,4.0928,-0.016229057091588173,Under,1,0.5925209429084118,0.016229057091588173,0.6567573757179717,"(-0.0581, -0.0149]"
2026-08-11,TEX@LAA,TEX,3.5,0.6535518349519734,0.6459,2.0,0,2,5.04615,-0.007651834951973413,Under,1,0.34644816504802656,0.007651834951973413,1.8015451237636446,"(-0.0149, 0.0263]"
2026-08-11,TEX@LAA,TEX,4.5,0.5367573011077543,0.51305,2.0,0,5,5.04615,-0.02370730110775432,Under,1,0.4632426988922457,0.02370730110775432,1.1065543478260873,"(-0.0581, -0.0149]"
2026-08-11,TEX@LAA,TEX,5.5,0.4248069556237045,0.39655,2.0,0,2,5.04615,-0.028256955623704505,Under,1,0.5751930443762955,0.028256955623704505,0.7053121496984446,"(-0.0581, -0.0149]"
2026-08-12,BAL@MIN,BAL,3.5,0.5834499776263388,0.60975,5.0,1,2,4.75445,0.026300022373661247,Over,1,0.5834499776263388,0.026300022373661247,0.6818155568113065,"(-0.0149, 0.0263]"
2026-08-12,BAL@MIN,BAL,4.5,0.4693877551020409,0.4766,5.0,1,5,4.75445,0.00721224489795913,Over,1,0.4693877551020409,0.00721224489795913,1.079565217391304,"(-0.0149, 0.0263]"
2026-08-12,BAL@MIN,BAL,5.5,0.3543554006968641,0.35765,5.0,0,2,4.75445,0.0032945993031359144,Over,0,0.3543554006968641,0.0032945993031359144,-1.0,"(-0.0149, 0.0263]"
2026-08-12,BAL@MIN,MIN,3.5,0.5718979500417649,0.53685,7.0,1,2,4.13315,-0.035047950041764864,Under,0,0.4281020499582351,0.035047950041764864,-1.0,"(-0.0581, -0.0149]"
2026-08-12,BAL@MIN,MIN,4.5,0.44726670347874103,0.3962,7.0,1,5,4.13315,-0.05106670347874104,Under,0,0.552733296521259,0.05106670347874104,-1.0,"(-0.0581, -0.0149]"
2026-08-12,BAL@MIN,MIN,5.5,0.3314653964695993,0.2751,7.0,1,2,4.13315,-0.056365396469599316,Under,0,0.6685346035304007,0.056365396469599316,-1.0,"(-0.0581, -0.0149]"
2026-08-12,BOS@TOR,BOS,3.5,0.5318509864359873,0.49045,4.0,1,4,3.86125,-0.041400986435987275,Under,0,0.46814901356401273,0.041400986435987275,-1.0,"(-0.0581, -0.0149]"
2026-08-12,BOS@TOR,TOR,3.5,0.43910845792358466,0.4244,6.0,1,4,3.40405,-0.014708457923584661,Under,0,0.5608915420764153,0.014708457923584661,-1.0,"(-0.0149, 0.0263]"
2026-08-12,CHC@WSH,CHC,5.5,0.46693386773547096,0.43945,12.0,1,5,5.434,-0.027483867735470957,Under,0,0.533066132264529,0.027483867735470957,-1.0,"(-0.0581, -0.0149]"
2026-08-12,CHC@WSH,WSH,3.5,0.5594871427548169,0.66155,6.0,1,3,5.1486,0.10206285724518305,Over,1,0.5594871427548169,0.10206285724518305,0.7519203687107927,"(0.0699, 0.22]"
2026-08-12,CHC@WSH,WSH,4.5,0.44726670347874103,0.5302,6.0,1,3,5.1486,0.08293329652125897,Over,1,0.44726670347874103,0.08293329652125897,1.1801913580246914,"(0.0699, 0.22]"
2026-08-12,CIN@CWS,CIN,2.5,0.6751460335406068,0.6532,0.0,0,2,3.9961,-0.021946033540606757,Under,1,0.32485396645939324,0.021946033540606757,1.9847824825986078,"(-0.0581, -0.0149]"
2026-08-12,CIN@CWS,CIN,3.5,0.5423385150140002,0.5082,0.0,0,5,3.9961,-0.034138515014000226,Under,1,0.4576614849859998,0.034138515014000226,1.131695147679325,"(-0.0581, -0.0149]"
2026-08-12,CIN@CWS,CIN,4.5,0.406939891024132,0.3782,0.0,0,2,3.9961,-0.028739891024132047,Under,1,0.593060108975868,0.028739891024132047,0.6552920859896505,"(-0.0581, -0.0149]"
2026-08-12,CIN@CWS,CWS,3.5,0.6308945654934618,0.5899,5.0,1,2,4.54415,-0.04099456549346181,Under,0,0.3691054345065382,0.04099456549346181,-1.0,"(-0.0581, -0.0149]"
2026-08-12,CIN@CWS,CWS,4.5,0.4968193384223919,0.45155,5.0,1,5,4.54415,-0.04526933842239189,Under,0,0.5031806615776081,0.04526933842239189,-1.0,"(-0.0581, -0.0149]"
2026-08-12,CIN@CWS,CWS,5.5,0.3787572806727218,0.3295,5.0,0,2,4.54415,-0.04925728067272178,Under,1,0.6212427193272783,0.04925728067272178,0.582241355575379,"(-0.0581, -0.0149]"
2026-08-12,CLE@DET,CLE,2.5,0.6668950293065388,0.7032,6.0,1,2,4.48035,0.03630497069346128,Over,1,0.6668950293065388,0.03630497069346128,0.4770094738043602,"(0.0263, 0.0699]"
2026-08-12,CLE@DET,CLE,3.5,0.533066132264529,0.5647,6.0,1,5,4.48035,0.031633867735470944,Over,1,0.533066132264529,0.031633867735470944,0.8365225563909775,"(0.0263, 0.0699]"
2026-08-12,CLE@DET,CLE,4.5,0.405776836476034,0.4378,6.0,1,2,4.48035,0.032023163523966,Over,1,0.405776836476034,0.032023163523966,1.3985103883545706,"(0.0263, 0.0699]"
2026-08-12,CLE@DET,DET,2.5,0.7000173536303171,0.70605,4.0,1,2,4.2802,0.006032646369682815,Over,1,0.7000173536303171,0.006032646369682815,0.40925189325283573,"(-0.0149, 0.0263]"
2026-08-12,CLE@DET,DET,3.5,0.5633187772925764,0.55775,4.0,1,4,4.2802,-0.005568777292576432,Under,0,0.4366812227074236,0.005568777292576432,-1.0,"(-0.0149, 0.0263]"
2026-08-12,CLE@DET,DET,4.5,0.43668122270742354,0.4142,4.0,0,3,4.2802,-0.02248122270742353,Under,1,0.5633187772925765,0.02248122270742353,0.7403100775193795,"(-0.0581, -0.0149]"
2026-08-12,COL@AZ,AZ,4.5,0.5543606364172068,0.64125,4.0,0,5,6.05295,0.0868893635827932,Over,0,0.5543606364172068,0.0868893635827932,-1.0,"(0.0699, 0.22]"
2026-08-12,COL@AZ,AZ,5.5,0.4341876351155418,0.52055,4.0,0,2,6.05295,0.08636236488445814,Over,0,0.4341876351155418,0.08636236488445814,-1.0,"(0.0699, 0.22]"
2026-08-12,COL@AZ,AZ,6.5,0.3305127345844504,0.40375,4.0,0,2,6.05295,0.07323726541554959,Over,0,0.3305127345844504,0.07323726541554959,-1.0,"(0.0699, 0.22]"
2026-08-12,COL@AZ,COL,3.5,0.5445920303605313,0.70435,6.0,1,5,5.69915,0.15975796963946876,Over,1,0.5445920303605313,0.15975796963946876,0.7986062717770036,"(0.0699, 0.22]"
2026-08-12,COL@AZ,COL,4.5,0.4116814215168093,0.5891,6.0,1,2,5.69915,0.17741857848319065,Over,1,0.4116814215168093,0.17741857848319065,1.36475491262485,"(0.0699, 0.22]"
2026-08-12,COL@AZ,COL,5.5,0.31072991761071056,0.47305,6.0,1,2,5.69915,0.16232008238928947,Over,1,0.31072991761071056,0.16232008238928947,2.118408596582082,"(0.0699, 0.22]"
2026-08-12,HOU@SF,HOU,3.5,0.5998968674406634,0.52065,2.0,0,2,4.08765,-0.07924686744066345,Under,1,0.4001031325593366,0.07924686744066345,1.4318845862094576,"(-0.206, -0.0581]"
2026-08-12,HOU@SF,HOU,4.5,0.48427672955974843,0.388,2.0,0,5,4.08765,-0.09627672955974842,Under,1,0.5157232704402516,0.09627672955974842,0.8967682926829268,"(-0.206, -0.0581]"
2026-08-12,HOU@SF,HOU,5.5,0.36875397167420226,0.2779,2.0,0,2,4.08765,-0.09085397167420228,Under,1,0.6312460283257977,0.09085397167420228,0.5578808058133349,"(-0.206, -0.0581]"
2026-08-12,HOU@SF,SF,2.5,0.6381926167790241,0.74805,1.0,0,2,4.61095,0.10985738322097593,Over,0,0.6381926167790241,0.10985738322097593,-1.0,"(0.0699, 0.22]"
2026-08-12,HOU@SF,SF,3.5,0.48987854251012153,0.6001,1.0,0,5,4.61095,0.11022145748987844,Over,0,0.48987854251012153,0.11022145748987844,-1.0,"(0.0699, 0.22]"
2026-08-12,HOU@SF,SF,4.5,0.3544508255563532,0.458,1.0,0,2,4.61095,0.10354917444364681,Over,0,0.3544508255563532,0.10354917444364681,-1.0,"(0.0699, 0.22]"
2026-08-12,KC@LAD,KC,2.5,0.6336194460473168,0.64775,2.0,0,2,3.9028,0.014130553952683256,Over,0,0.6336194460473168,0.014130553952683256,-1.0,"(-0.0149, 0.0263]"
2026-08-12,KC@LAD,KC,3.5,0.48987854251012153,0.49525,2.0,0,5,3.9028,0.005371457489878495,Over,0,0.48987854251012153,0.005371457489878495,-1.0,"(-0.0149, 0.0263]"
2026-08-12,KC@LAD,KC,4.5,0.3663805539526832,0.3647,2.0,0,2,3.9028,-0.0016805539526831836,Under,1,0.6336194460473168,0.0016805539526831836,0.5522138425636063,"(-0.0149, 0.0263]"
2026-08-12,KC@LAD,LAD,3.5,0.6955924862198177,0.60775,4.0,1,2,4.6102,-0.08784248621981772,Under,0,0.30440751378018227,0.08784248621981772,-1.0,"(-0.206, -0.0581]"
2026-08-12,KC@LAD,LAD,4.5,0.5702980775463844,0.46195,4.0,0,2,4.6102,-0.10834807754638437,Under,1,0.4297019224536156,0.10834807754638437,1.2674708573489986,"(-0.206, -0.0581]"
2026-08-12,KC@LAD,LAD,5.5,0.4458598726114649,0.3342,4.0,0,5,4.6102,-0.11165987261146493,Under,1,0.5541401273885351,0.11165987261146493,0.7683908045977008,"(-0.206, -0.0581]"
2026-08-12,MIL@SD,MIL,3.5,0.5676429567642958,0.6055,3.0,0,3,4.74085,0.03785704323570427,Over,0,0.5676429567642958,0.03785704323570427,-1.0,"(0.0263, 0.0699]"
2026-08-12,MIL@SD,MIL,4.5,0.4513373365591048,0.47345,3.0,0,4,4.74085,0.022112663440895186,Over,0,0.4513373365591048,0.022112663440895186,-1.0,"(-0.0149, 0.0263]"
2026-08-12,MIL@SD,MIL,5.5,0.3402783595844504,0.353,3.0,0,2,4.74085,0.012721640415549573,Over,0,0.3402783595844504,0.012721640415549573,-1.0,"(-0.0149, 0.0263]"
2026-08-12,MIL@SD,SD,2.5,0.6590291290632231,0.5755,4.0,1,2,3.3251,-0.08352912906322307,Under,0,0.3409708709367769,0.08352912906322307,-1.0,"(-0.206, -0.0581]"
2026-08-12,MIL@SD,SD,3.5,0.5203045685279188,0.4118,4.0,1,5,3.3251,-0.10850456852791884,Under,0,0.47969543147208116,0.10850456852791884,-1.0,"(-0.206, -0.0581]"
2026-08-12,MIL@SD,SD,4.5,0.3787572806727218,0.2766,4.0,0,2,3.3251,-0.10215728067272178,Under,1,0.6212427193272783,0.10215728067272178,0.582241355575379,"(-0.206, -0.0581]"
2026-08-12,NYM@ATL,ATL,3.5,0.6501218412696114,0.56275,6.0,1,2,4.3231,-0.0873718412696114,Under,0,0.34987815873038863,0.0873718412696114,-1.0,"(-0.206, -0.0581]"
2026-08-12,NYM@ATL,ATL,4.5,0.51901703080759,0.4229,6.0,1,5,4.3231,-0.09611703080758999,Under,0,0.48098296919241,0.09611703080758999,-1.0,"(-0.206, -0.0581]"
2026-08-12,NYM@ATL,ATL,5.5,0.39501137636752576,0.29995,6.0,1,2,4.3231,-0.09506137636752576,Under,0,0.6049886236324742,0.09506137636752576,-1.0,"(-0.206, -0.0581]"
2026-08-12,NYM@ATL,NYM,2.5,0.6420184661365214,0.739,3.0,1,2,4.80705,0.09698153386347863,Over,1,0.6420184661365214,0.09698153386347863,0.5324961552849244,"(0.0699, 0.22]"
2026-08-12,NYM@ATL,NYM,3.5,0.5041554124246831,0.61,3.0,0,5,4.80705,0.1058445875753169,Over,0,0.5041554124246831,0.1058445875753169,-1.0,"(0.0699, 0.22]"
2026-08-12,NYM@ATL,NYM,4.5,0.3787572806727218,0.4814,3.0,0,2,4.80705,0.1026427193272782,Over,0,0.3787572806727218,0.1026427193272782,-1.0,"(0.0699, 0.22]"
2026-08-12,PHI@STL,PHI,3.5,0.601973997178822,0.5615,1.0,0,2,4.37075,-0.04047399717882205,Under,1,0.39802600282117795,0.04047399717882205,1.4443407295780497,"(-0.0581, -0.0149]"
2026-08-12,PHI@STL,PHI,4.5,0.48427672955974843,0.42855,1.0,0,5,4.37075,-0.055726729559748445,Under,1,0.5157232704402516,0.055726729559748445,0.8967682926829268,"(-0.0581, -0.0149]"
2026-08-12,PHI@STL,PHI,5.5,0.3633793969849246,0.30935,1.0,0,2,4.37075,-0.054029396984924594,Under,1,0.6366206030150754,0.054029396984924594,0.5451085347804636,"(-0.0581, -0.0149]"
2026-08-12,PHI@STL,STL,2.5,0.6028106836748797,0.59385,7.0,1,2,3.42595,-0.008960683674879677,Under,0,0.39718931632512033,0.008960683674879677,-1.0,"(-0.0149, 0.0263]"
2026-08-12,PHI@STL,STL,3.5,0.4478339079598261,0.4295,7.0,1,5,3.42595,-0.01833390795982609,Under,0,0.5521660920401739,0.01833390795982609,-1.0,"(-0.0581, -0.0149]"
2026-08-12,PHI@STL,STL,4.5,0.3194852466002732,0.2903,7.0,1,2,3.42595,-0.029185246600273218,Under,0,0.6805147533997268,0.029185246600273218,-1.0,"(-0.0581, -0.0149]"
2026-08-12,PIT@MIA,MIA,2.5,0.6929962311557789,0.6873,8.0,1,2,4.14955,-0.005696231155778886,Under,0,0.3070037688442211,0.005696231155778886,-1.0,"(-0.0149, 0.0263]"
2026-08-12,PIT@MIA,MIA,3.5,0.552733296521259,0.53965,8.0,1,5,4.14955,-0.013083296521259058,Under,0,0.447266703478741,0.013083296521259058,-1.0,"(-0.0149, 0.0263]"
2026-08-12,PIT@MIA,MIA,4.5,0.41745831371679265,0.39935,8.0,1,2,4.14955,-0.018108313716792668,Under,0,0.5825416862832073,0.018108313716792668,-1.0,"(-0.0581, -0.0149]"
2026-08-12,PIT@MIA,PIT,2.5,0.6722637491656589,0.71375,2.0,0,2,4.4725,0.0414862508343411,Over,0,0.6722637491656589,0.0414862508343411,-1.0,"(0.0263, 0.0699]"
2026-08-12,PIT@MIA,PIT,3.5,0.5306122448979592,0.57245,2.0,0,5,4.4725,0.0418377551020408,Over,0,0.5306122448979592,0.0418377551020408,-1.0,"(0.0263, 0.0699]"
2026-08-12,PIT@MIA,PIT,4.5,0.40472824943299257,0.4377,2.0,0,2,4.4725,0.03297175056700741,Over,0,0.40472824943299257,0.03297175056700741,-1.0,"(0.0263, 0.0699]"
2026-08-12,SEA@NYY,NYY,3.5,0.5935521633232707,0.53505,10.0,1,2,4.06845,-0.05850216332327063,Under,0,0.40644783667672935,0.05850216332327063,-1.0,"(-0.206, -0.0581]"
2026-08-12,SEA@NYY,NYY,4.5,0.4554079696394686,0.38855,10.0,1,5,4.06845,-0.0668579696394686,Under,0,0.5445920303605314,0.0668579696394686,-1.0,"(-0.206, -0.0581]"
2026-08-12,SEA@NYY,NYY,5.5,0.33607118412046544,0.26325,10.0,1,2,4.06845,-0.07282118412046545,Under,0,0.6639288158795346,0.07282118412046545,-1.0,"(-0.206, -0.0581]"
2026-08-12,SEA@NYY,SEA,2.5,0.6724137931034483,0.71525,5.0,1,2,4.51295,0.042836206896551765,Over,1,0.6724137931034483,0.042836206896551765,0.46525641025641024,"(0.0263, 0.0699]"
2026-08-12,SEA@NYY,SEA,3.5,0.5427774333539988,0.57865,5.0,1,5,4.51295,0.03587256664600125,Over,1,0.5427774333539988,0.03587256664600125,0.8044688749286122,"(0.0263, 0.0699]"
2026-08-12,SEA@NYY,SEA,4.5,0.41146687539809357,0.4461,5.0,1,2,4.51295,0.03463312460190643,Over,1,0.41146687539809357,0.03463312460190643,1.365964473934965,"(0.0263, 0.0699]"
2026-08-12,TB@ATH,ATH,2.5,0.6124609380005206,0.51055,4.0,1,2,2.96895,-0.10191093800052065,Under,0,0.3875390619994794,0.10191093800052065,-1.0,"(-0.206, -0.0581]"
2026-08-12,TB@ATH,ATH,3.5,0.4693877551020409,0.3531,4.0,1,5,2.96895,-0.11628775510204087,Under,0,0.5306122448979591,0.11628775510204087,-1.0,"(-0.206, -0.0581]"
2026-08-12,TB@ATH,ATH,4.5,0.3424182012136474,0.224,4.0,0,2,2.96895,-0.1184182012136474,Under,1,0.6575817987863526,0.1184182012136474,0.4972908051326374,"(-0.206, -0.0581]"
2026-08-12,TB@ATH,TB,4.5,0.5931434151651712,0.6461,8.0,1,2,6.28295,0.05295658483482879,Over,1,0.5931434151651712,0.05295658483482879,0.6550659226471619,"(0.0263, 0.0699]"
2026-08-12,TB@ATH,TB,5.5,0.48987854251012153,0.5314,8.0,1,5,6.28295,0.041521457489878455,Over,1,0.48987854251012153,0.041521457489878455,0.994462809917355,"(0.0263, 0.0699]"
2026-08-12,TB@ATH,TB,6.5,0.384377121520706,0.4246,8.0,1,2,6.28295,0.040222878479293955,Over,1,0.384377121520706,0.040222878479293955,1.5295391323545646,"(0.0263, 0.0699]"
2026-08-12,TEX@LAA,LAA,2.5,0.6751460335406068,0.61305,5.0,1,2,3.61035,-0.062096033540606776,Under,0,0.32485396645939324,0.062096033540606776,-1.0,"(-0.206, -0.0581]"
2026-08-12,TEX@LAA,LAA,3.5,0.5423385150140002,0.4594,5.0,1,5,3.61035,-0.08293851501400024,Under,0,0.4576614849859998,0.08293851501400024,-1.0,"(-0.206, -0.0581]"
2026-08-12,TEX@LAA,LAA,4.5,0.40287935524718,0.3201,5.0,1,2,3.61035,-0.08277935524718,Under,0,0.59712064475282,0.08277935524718,-1.0,"(-0.206, -0.0581]"
2026-08-12,TEX@LAA,TEX,3.5,0.6161596906655311,0.59815,2.0,0,2,4.69825,-0.018009690665531153,Under,1,0.3838403093344689,0.018009690665531153,1.5330138348571325,"(-0.0581, -0.0149]"
2026-08-12,TEX@LAA,TEX,4.5,0.5,0.46995,2.0,0,5,4.69825,-0.03005000000000002,Under,1,0.5,0.03005000000000002,0.955,"(-0.0581, -0.0149]"
2026-08-12,TEX@LAA,TEX,5.5,0.38873374914734027,0.3524,2.0,0,2,4.69825,-0.03633374914734028,Under,1,0.6112662508526597,0.03633374914734028,0.6073306516069937,"(-0.0581, -0.0149]"
2026-08-13,BOS@TOR,BOS,3.5,0.5833210546677909,0.61055,7.0,1,2,4.70365,0.027228945332209098,Over,1,0.5833210546677909,0.027228945332209098,0.6821773183189576,"(0.0263, 0.0699]"
2026-08-13,BOS@TOR,BOS,4.5,0.44726670347874103,0.47025,7.0,1,5,4.70365,0.022983296521258967,Over,1,0.44726670347874103,0.022983296521258967,1.1801913580246914,"(-0.0149, 0.0263]"
2026-08-13,BOS@TOR,BOS,5.5,0.33807921624897946,0.34705,7.0,1,2,4.70365,0.008970783751020561,Over,1,0.33807921624897946,0.008970783751020561,1.8697817496615567,"(-0.0149, 0.0263]"
2026-08-13,BOS@TOR,TOR,2.5,0.6137133976524862,0.5556,0.0,0,2,3.2016,-0.05811339765248624,Under,1,0.3862866023475138,0.05811339765248624,1.5172576299471459,"(-0.206, -0.0581]"
2026-08-13,BOS@TOR,TOR,3.5,0.46281519310564956,0.39435,0.0,0,5,3.2016,-0.06846519310564958,Under,1,0.5371848068943504,0.06846519310564958,0.8227866904337493,"(-0.206, -0.0581]"
2026-08-13,BOS@TOR,TOR,4.5,0.3275862068965517,0.26025,0.0,0,2,3.2016,-0.06733620689655173,Under,1,0.6724137931034483,0.06733620689655173,0.46525641025641024,"(-0.206, -0.0581]"
2026-08-13,CHC@WSH,CHC,3.5,0.6295731707317073,0.61285,0.0,0,2,4.8331,-0.01672317073170726,Under,1,0.37042682926829273,0.01672317073170726,1.6231069958847733,"(-0.0581, -0.0149]"
2026-08-13,CHC@WSH,CHC,4.5,0.5101214574898786,0.4845,0.0,0,5,4.8331,-0.025621457489878596,Under,1,0.4898785425101214,0.025621457489878596,0.9944628099173554,"(-0.0581, -0.0149]"
2026-08-13,CHC@WSH,CHC,5.5,0.4033663748322911,0.3671,0.0,0,2,4.8331,-0.036266374832291115,Under,1,0.5966336251677089,0.036266374832291115,0.6456472979654092,"(-0.0581, -0.0149]"
2026-08-13,CHC@WSH,WSH,2.5,0.6597216404155497,0.7582,7.0,1,2,4.73345,0.09847835958445028,Over,1,0.6597216404155497,0.09847835958445028,0.49258022398425255,"(0.0699, 0.22]"
2026-08-13,CHC@WSH,WSH,3.5,0.5187593796898449,0.6229,7.0,1,5,4.73345,0.10414062031015514,Over,1,0.5187593796898449,0.10414062031015514,0.8859305689488912,"(0.0699, 0.22]"
2026-08-13,CHC@WSH,WSH,4.5,0.37280024698981173,0.4831,7.0,1,2,4.73345,0.11029975301018824,Over,1,0.37280024698981173,0.11029975301018824,1.6066935817805377,"(0.0699, 0.22]"
2026-08-13,CIN@CWS,CIN,2.5,0.6613877315033024,0.69185,9.0,1,2,4.32195,0.03046226849669753,Over,1,0.6613877315033024,0.03046226849669753,0.48893364816328083,"(0.0263, 0.0699]"
2026-08-13,CIN@CWS,CIN,3.5,0.5203045685279188,0.55215,9.0,1,5,4.32195,0.03184543147208119,Over,1,0.5203045685279188,0.03184543147208119,0.8804634146341461,"(0.0263, 0.0699]"
2026-08-13,CIN@CWS,CIN,4.5,0.39042040205318135,0.42095,9.0,1,2,4.32195,0.030529597946818643,Over,1,0.39042040205318135,0.030529597946818643,1.4910811857621982,"(0.0263, 0.0699]"
2026-08-13,CIN@CWS,CWS,3.5,0.5715249662618084,0.60435,8.0,1,3,4.62745,0.03282503373819168,Over,1,0.5715249662618084,0.03282503373819168,0.7159681227863045,"(0.0263, 0.0699]"
2026-08-13,CIN@CWS,CWS,4.5,0.45112466247206107,0.4626,8.0,1,4,4.62745,0.011475337527938945,Over,1,0.45112466247206107,0.011475337527938945,1.1619314813488937,"(-0.0149, 0.0263]"
2026-08-13,CIN@CWS,CWS,5.5,0.33064256258183466,0.3378,8.0,1,2,4.62745,0.007157437418165324,Over,1,0.33064256258183466,0.007157437418165324,1.9333153836664196,"(-0.0149, 0.0263]"
2026-08-13,CLE@DET,CLE,3.5,0.552733296521259,0.4281,0.0,0,3,3.4055,-0.12463329652125904,Under,1,0.447266703478741,0.12463329652125904,1.1801913580246914,"(-0.206, -0.0581]"
2026-08-13,CLE@DET,CLE,4.5,0.4326279077947771,0.29425,0.0,0,4,3.4055,-0.1383779077947771,Under,1,0.5673720922052229,0.1383779077947771,0.7281987563719808,"(-0.206, -0.0581]"
2026-08-13,CLE@DET,CLE,5.5,0.32672512390392683,0.1937,0.0,0,2,3.4055,-0.13302512390392682,Under,1,0.6732748760960732,0.13302512390392682,0.4634399773499434,"(-0.206, -0.0581]"
2026-08-13,CLE@DET,DET,2.5,0.6458336626151828,0.65835,3.0,1,2,3.8613,0.012516337384817167,Over,1,0.6458336626151828,0.012516337384817167,0.5237089234910826,"(-0.0149, 0.0263]"
2026-08-13,CLE@DET,DET,3.5,0.5203045685279188,0.50165,3.0,0,5,3.8613,-0.018654568527918802,Under,1,0.47969543147208116,0.018654568527918802,1.035846560846561,"(-0.0581, -0.0149]"
2026-08-13,CLE@DET,DET,4.5,0.3777638606196615,0.35625,3.0,0,2,3.8613,-0.021513860619661485,Under,1,0.6222361393803385,0.021513860619661485,0.5797871002012973,"(-0.0581, -0.0149]"
2026-08-13,MIL@LAD,LAD,3.5,0.5715249662618084,0.5928,4.0,1,3,4.5596,0.021275033738191618,Over,1,0.5715249662618084,0.021275033738191618,0.7159681227863045,"(-0.0149, 0.0263]"
2026-08-13,MIL@LAD,LAD,4.5,0.43734449690651994,0.45525,4.0,0,4,4.5596,0.017905503093480046,Over,0,0.43734449690651994,0.017905503093480046,-1.0,"(-0.0149, 0.0263]"
2026-08-13,MIL@LAD,LAD,5.5,0.32485396645939324,0.33115,4.0,0,2,4.5596,0.00629603354060676,Over,0,0.32485396645939324,0.00629603354060676,-1.0,"(-0.0149, 0.0263]"
2026-08-13,MIL@LAD,MIL,2.5,0.6501218412696114,0.7679,5.0,1,2,5.0963,0.11777815873038866,Over,1,0.6501218412696114,0.11777815873038866,0.5139554163185742,"(0.0699, 0.22]"
2026-08-13,MIL@LAD,MIL,3.5,0.5101214574898786,0.6452,5.0,1,5,5.0963,0.1350785425101214,Over,1,0.5101214574898786,0.1350785425101214,0.9171031746031744,"(0.0699, 0.22]"
2026-08-13,MIL@LAD,MIL,4.5,0.38537899901543893,0.51945,5.0,1,2,5.0963,0.13407100098456104,Over,1,0.38537899901543893,0.13407100098456104,1.5230800262593995,"(0.0699, 0.22]"
2026-08-13,PHI@MIN,MIN,3.5,0.5735751996751048,0.72245,1.0,0,3,5.6081,0.1488748003248952,Over,0,0.5735751996751048,0.1488748003248952,-1.0,"(0.0699, 0.22]"
2026-08-13,PHI@MIN,MIN,4.5,0.4565347273127342,0.58845,1.0,0,4,5.6081,0.13191527268726583,Over,0,0.4565347273127342,0.13191527268726583,-1.0,"(0.0699, 0.22]"
2026-08-13,PHI@MIN,MIN,5.5,0.32981355495521536,0.45915,1.0,0,2,5.6081,0.12933644504478464,Over,0,0.32981355495521536,0.12933644504478464,-1.0,"(0.0699, 0.22]"
2026-08-13,PHI@MIN,PHI,3.5,0.594223163523966,0.58455,7.0,1,2,4.6115,-0.009673163523965966,Under,0,0.405776836476034,0.009673163523965966,-1.0,"(-0.0149, 0.0263]"
2026-08-13,PHI@MIN,PHI,4.5,0.47614107883817425,0.455,7.0,1,5,4.6115,-0.021141078838174232,Under,0,0.5238589211618258,0.021141078838174232,-1.0,"(-0.0581, -0.0149]"
2026-08-13,PHI@MIN,PHI,5.5,0.3579815338634787,0.34275,7.0,1,2,4.6115,-0.015231533863478697,Under,0,0.6420184661365214,0.015231533863478697,-1.0,"(-0.0581, -0.0149]"
2026-08-13,PIT@MIA,MIA,2.5,0.6460742596341924,0.64985,1.0,0,2,3.8505,0.003775740365807634,Over,0,0.6460742596341924,0.003775740365807634,-1.0,"(-0.0149, 0.0263]"
2026-08-13,PIT@MIA,MIA,3.5,0.5061863687782805,0.4953,1.0,0,5,3.8505,-0.010886368778280475,Under,1,0.4938136312217195,0.010886368778280475,0.9789279833917959,"(-0.0149, 0.0263]"
2026-08-13,PIT@MIA,MIA,4.5,0.37634369552585706,0.3507,1.0,0,2,3.8505,-0.025643695525857046,Under,1,0.623656304474143,0.025643695525857046,0.5762921446456646,"(-0.0581, -0.0149]"
2026-08-13,PIT@MIA,PIT,3.5,0.5633187772925764,0.6216,13.0,1,3,4.8646,0.05828122270742364,Over,1,0.5633187772925764,0.05828122270742364,0.7403100775193798,"(0.0263, 0.0699]"
2026-08-13,PIT@MIA,PIT,4.5,0.44645303353076704,0.49165,13.0,1,4,4.8646,0.045196966469232935,Over,1,0.44645303353076704,0.045196966469232935,1.1840827887256067,"(0.0263, 0.0699]"
2026-08-13,PIT@MIA,PIT,5.5,0.3286592785947181,0.37065,13.0,1,2,4.8646,0.04199072140528187,Over,1,0.3286592785947181,0.04199072140528187,1.9507448311923234,"(0.0263, 0.0699]"
2026-08-13,SEA@NYY,NYY,3.5,0.5633187772925764,0.51645,0.0,0,5,3.9694,-0.046868777292576436,Under,1,0.4366812227074236,0.046868777292576436,1.2319499999999999,"(-0.0581, -0.0149]"
2026-08-13,SEA@NYY,NYY,4.5,0.4302276430347568,0.36525,0.0,0,2,3.9694,-0.06497764303475678,Under,1,0.5697723569652432,0.06497764303475678,0.7211079900165395,"(-0.206, -0.0581]"
2026-08-13,SEA@NYY,NYY,5.5,0.31539541094397205,0.2465,0.0,0,2,3.9694,-0.06889541094397206,Under,1,0.684604589056028,0.06889541094397206,0.43996581715411626,"(-0.206, -0.0581]"
2026-08-13,SEA@NYY,SEA,2.5,0.5992609785835883,0.52035,1.0,0,2,3.07365,-0.07891097858358831,Under,1,0.4007390214164117,0.07891097858358831,1.4280971005133298,"(-0.206, -0.0581]"
2026-08-13,SEA@NYY,SEA,3.5,0.45329879628218805,0.36885,1.0,0,5,3.07365,-0.08444879628218804,Under,1,0.546701203717812,0.08444879628218804,0.7918408584169454,"(-0.206, -0.0581]"
2026-08-13,SEA@NYY,SEA,4.5,0.3346508563899868,0.24865,1.0,0,2,3.07365,-0.08600085638998681,Under,1,0.6653491436100132,0.08600085638998681,0.4803366336633663,"(-0.206, -0.0581]"
2026-08-13,TEX@LAA,LAA,2.5,0.5785999533960613,0.6948,7.0,1,2,4.1441,0.11620004660393868,Over,1,0.5785999533960613,0.11620004660393868,0.6955359089551925,"(0.0699, 0.22]"
2026-08-13,TEX@LAA,LAA,3.5,0.4211388775092175,0.5417,7.0,1,3,4.1441,0.12056112249078244,Over,1,0.4211388775092175,0.12056112249078244,1.312660505836576,"(0.0699, 0.22]"
2026-08-13,TEX@LAA,TEX,3.5,0.552350962570672,0.44335,0.0,0,4,3.5619,-0.10900096257067193,Under,1,0.44764903742932804,0.10900096257067193,1.1783677058353315,"(-0.206, -0.0581]"
2026-08-14,AZ@ATL,ATL,3.5,0.6187955725274517,0.48605,0.0,0,2,3.79355,-0.13274557252745167,Under,1,0.38120442747254835,0.13274557252745167,1.550217492702842,"(-0.206, -0.0581]"
2026-08-14,AZ@ATL,ATL,4.5,0.4861937128292268,0.34205,0.0,0,5,3.79355,-0.14414371282922678,Under,1,0.5138062871707731,0.14414371282922678,0.9036771393137659,"(-0.206, -0.0581]"
2026-08-14,AZ@ATL,ATL,5.5,0.36180738322097594,0.2293,0.0,0,2,3.79355,-0.13250738322097594,Under,1,0.6381926167790241,0.13250738322097594,0.5414134258085147,"(-0.206, -0.0581]"
2026-08-14,AZ@ATL,AZ,2.5,0.5884604071314599,0.5968,2.0,0,2,3.5508,0.008339592868540135,Over,0,0.5884604071314599,0.008339592868540135,-1.0,"(-0.0149, 0.0263]"
2026-08-14,AZ@ATL,AZ,3.5,0.4479822288041465,0.4443,2.0,0,5,3.5508,-0.0036822288041465367,Under,1,0.5520177711958535,0.0036822288041465367,0.7750167672702881,"(-0.0149, 0.0263]"
2026-08-14,AZ@ATL,AZ,4.5,0.33064256258183466,0.3162,2.0,0,2,3.5508,-0.014442562581834684,Under,1,0.6693574374181653,0.014442562581834684,0.47174144875959023,"(-0.0149, 0.0263]"
2026-08-14,BAL@TB,BAL,2.5,0.6109203103667408,0.729,6.0,1,2,4.60965,0.11807968963325921,Over,1,0.6109203103667408,0.11807968963325921,0.6082153388822598,"(0.0699, 0.22]"
2026-08-14,BAL@TB,BAL,3.5,0.5052301255230125,0.59185,6.0,1,5,4.60965,0.08661987447698749,Over,1,0.5052301255230125,0.08661987447698749,0.9352277432712217,"(0.0699, 0.22]"
2026-08-14,BAL@TB,BAL,4.5,0.3580586080586081,0.46185,6.0,1,2,4.60965,0.10379139194139186,Over,1,0.3580586080586081,0.10379139194139186,1.7121611253196924,"(0.0699, 0.22]"
2026-08-14,BAL@TB,TB,3.5,0.607625876805013,0.66295,5.0,1,2,5.1618,0.05532412319498703,Over,1,0.607625876805013,0.05532412319498703,0.6166907993147553,"(0.0263, 0.0699]"
2026-08-14,BAL@TB,TB,4.5,0.4693877551020409,0.52855,5.0,1,5,5.1618,0.05916224489795907,Over,1,0.4693877551020409,0.05916224489795907,1.079565217391304,"(0.0263, 0.0699]"
2026-08-14,BAL@TB,TB,5.5,0.3613375645164232,0.40705,5.0,0,2,5.1618,0.04571243548357684,Over,0,0.3613375645164232,0.04571243548357684,-1.0,"(0.0263, 0.0699]"
2026-08-14,BOS@PIT,BOS,3.5,0.5573627627078213,0.54735,4.0,1,4,4.29805,-0.010012762707821254,Under,0,0.44263723729217874,0.010012762707821254,-1.0,"(-0.0149, 0.0263]"
2026-08-14,BOS@PIT,BOS,4.5,0.43327556325823224,0.4185,4.0,0,3,4.29805,-0.01477556325823226,Under,1,0.5667244367417678,0.01477556325823226,0.7301223241590213,"(-0.0149, 0.0263]"
2026-08-14,BOS@PIT,BOS,5.5,0.32928309625107544,0.30545,4.0,0,2,4.29805,-0.023833096251075436,Under,1,0.6707169037489246,0.023833096251075436,0.4688496072815449,"(-0.0581, -0.0149]"
2026-08-14,BOS@PIT,PIT,3.5,0.5,0.50865,8.0,1,5,3.94055,0.008650000000000047,Over,1,0.5,0.008650000000000047,0.955,"(-0.0149, 0.0263]"
2026-08-14,BOS@PIT,PIT,4.5,0.37599840255591055,0.3661,8.0,1,2,3.94055,-0.009898402555910568,Under,0,0.6240015974440895,0.009898402555910568,-1.0,"(-0.0149, 0.0263]"
2026-08-14,BOS@PIT,PIT,5.5,0.2750489398543739,0.25095,8.0,1,2,3.94055,-0.02409893985437389,Under,0,0.7249510601456262,0.02409893985437389,-1.0,"(-0.0581, -0.0149]"
2026-08-14,COL@SF,COL,2.5,0.6229575163398693,0.68945,5.0,1,2,4.386,0.06649248366013072,Over,1,0.6229575163398693,0.06649248366013072,0.5780098360655737,"(0.0263, 0.0699]"
2026-08-14,COL@SF,COL,3.5,0.48124062031015497,0.55825,5.0,1,5,4.386,0.07700937968984506,Over,1,0.48124062031015497,0.07700937968984506,1.0294542619542624,"(0.0699, 0.22]"
2026-08-14,COL@SF,COL,4.5,0.3588062262532173,0.42825,5.0,1,2,4.386,0.06944377374678273,Over,1,0.3588062262532173,0.06944377374678273,1.7066037574722461,"(0.0263, 0.0699]"
2026-08-14,COL@SF,SF,2.5,0.6787379875635953,0.85255,2.0,0,2,5.8054,0.17381201243640476,Over,0,0.6787379875635953,0.17381201243640476,-1.0,"(0.0699, 0.22]"
2026-08-14,COL@SF,SF,3.5,0.5371848068943506,0.74215,2.0,0,5,5.8054,0.20496519310564942,Over,0,0.5371848068943506,0.20496519310564942,-1.0,"(0.0699, 0.22]"
2026-08-14,COL@SF,SF,4.5,0.3966972619777177,0.6163,2.0,0,2,5.8054,0.21960273802228225,Over,0,0.3966972619777177,0.21960273802228225,-1.0,"(0.0699, 0.22]"
2026-08-14,CWS@DET,CWS,2.5,0.6760057471264369,0.7409,9.0,1,2,4.73295,0.0648942528735631,Over,1,0.6760057471264369,0.0648942528735631,0.4577098831030815,"(0.0263, 0.0699]"
2026-08-14,CWS@DET,CWS,3.5,0.5423385150140002,0.60735,9.0,1,5,4.73295,0.06501148498599973,Over,1,0.5423385150140002,0.06501148498599973,0.8058928253516111,"(0.0263, 0.0699]"
2026-08-14,CWS@DET,CWS,4.5,0.4223105645678745,0.4759,9.0,1,2,4.73295,0.053589435432125465,Over,1,0.4223105645678745,0.053589435432125465,1.3063689548050854,"(0.0263, 0.0699]"
2026-08-14,CWS@DET,DET,3.5,0.593060108975868,0.51965,5.0,1,2,4.06415,-0.07341010897586808,Under,0,0.40693989102413197,0.07341010897586808,-1.0,"(-0.206, -0.0581]"
2026-08-14,CWS@DET,DET,4.5,0.4554079696394686,0.38365,5.0,1,5,4.06415,-0.07175796963946862,Under,0,0.5445920303605314,0.07175796963946862,-1.0,"(-0.206, -0.0581]"
2026-08-14,CWS@DET,DET,5.5,0.33807921624897946,0.27025,5.0,0,2,4.06415,-0.06782921624897947,Under,1,0.6619207837510206,0.06782921624897947,0.48777083216534894,"(-0.206, -0.0581]"
2026-08-14,KC@LAA,KC,3.5,0.5774023338195385,0.63015,7.0,1,2,4.94085,0.05274766618046145,Over,1,0.5774023338195385,0.05274766618046145,0.6989593695138682,"(0.0263, 0.0699]"
2026-08-14,KC@LAA,KC,4.5,0.45168667810177243,0.5023,7.0,1,5,4.94085,0.05061332189822754,Over,1,0.45168667810177243,0.05061332189822754,1.1592974683544304,"(0.0263, 0.0699]"
2026-08-14,KC@LAA,KC,5.5,0.3436672520382491,0.38185,7.0,1,2,4.94085,0.03818274796175092,Over,1,0.3436672520382491,0.03818274796175092,1.8238507468663654,"(0.0263, 0.0699]"
2026-08-14,KC@LAA,LAA,2.5,0.6913060574286175,0.7469,6.0,1,2,4.6502,0.055593942571382504,Over,1,0.6913060574286175,0.055593942571382504,0.42644312455791095,"(0.0263, 0.0699]"
2026-08-14,KC@LAA,LAA,3.5,0.5559568117330582,0.6077,6.0,1,5,4.6502,0.0517431882669418,Over,1,0.5559568117330582,0.0517431882669418,0.7627593292238349,"(0.0263, 0.0699]"
2026-08-14,KC@LAA,LAA,4.5,0.4224064374609477,0.4653,6.0,1,2,4.6502,0.0428935625390523,Over,1,0.4224064374609477,0.0428935625390523,1.3058556956196756,"(0.0263, 0.0699]"
2026-08-14,MIA@CIN,CIN,2.5,0.6751460335406068,0.63715,1.0,0,2,3.70695,-0.037996033540606766,Under,1,0.32485396645939324,0.037996033540606766,1.9847824825986078,"(-0.0581, -0.0149]"
2026-08-14,MIA@CIN,CIN,3.5,0.5306122448979592,0.479,1.0,0,5,3.70695,-0.051612244897959236,Under,1,0.4693877551020408,0.051612244897959236,1.0795652173913044,"(-0.0581, -0.0149]"
2026-08-14,MIA@CIN,CIN,4.5,0.3944967394136916,0.33115,1.0,0,2,3.70695,-0.06334673941369162,Under,1,0.6055032605863084,0.06334673941369162,0.622200425106339,"(-0.206, -0.0581]"
2026-08-14,MIA@CIN,MIA,2.5,0.6563327479617509,0.60905,0.0,0,2,3.6021,-0.047282747961750915,Under,1,0.3436672520382491,0.047282747961750915,1.8238507468663654,"(-0.0581, -0.0149]"
2026-08-14,MIA@CIN,MIA,3.5,0.5289256198347108,0.45405,0.0,0,5,3.6021,-0.07487561983471075,Under,1,0.47107438016528924,0.07487561983471075,1.072280701754386,"(-0.206, -0.0581]"
2026-08-14,MIA@CIN,MIA,4.5,0.4001031325593366,0.3222,0.0,0,2,3.6021,-0.07790313255933662,Under,1,0.5998968674406634,0.07790313255933662,0.6369403014626681,"(-0.206, -0.0581]"
2026-08-14,MIL@LAD,LAD,3.5,0.5935521633232707,0.63465,3.0,0,2,4.83655,0.04109783667672939,Over,0,0.5935521633232707,0.04109783667672939,-1.0,"(0.0263, 0.0699]"
2026-08-14,MIL@LAD,LAD,4.5,0.4554079696394686,0.49395,3.0,0,5,4.83655,0.03854203036053139,Over,0,0.4554079696394686,0.03854203036053139,-1.0,"(0.0263, 0.0699]"
2026-08-14,MIL@LAD,LAD,5.5,0.33534743202416917,0.36125,3.0,0,2,4.83655,0.025902567975830848,Over,0,0.33534743202416917,0.025902567975830848,-1.0,"(-0.0149, 0.0263]"
2026-08-14,MIL@LAD,MIL,2.5,0.5884604071314599,0.55235,1.0,0,2,3.27695,-0.036110407131459854,Under,1,0.41153959286854014,0.036110407131459854,1.3655543683984246,"(-0.0581, -0.0149]"
2026-08-14,MIL@LAD,MIL,3.5,0.4478339079598261,0.39985,1.0,0,5,3.27695,-0.0479839079598261,Under,1,0.5521660920401739,0.0479839079598261,0.7745520564680332,"(-0.0581, -0.0149]"
2026-08-14,MIL@LAD,MIL,4.5,0.3218816067653277,0.27515,1.0,0,2,3.27695,-0.04673160676532767,Under,1,0.6781183932346724,0.04673160676532767,0.45330865159781747,"(-0.0581, -0.0149]"
2026-08-14,NYY@TOR,NYY,3.5,0.592520942908412,0.6506,1.0,0,2,5.1104,0.058079057091588004,Over,0,0.592520942908412,0.058079057091588004,-1.0,"(0.0263, 0.0699]"
2026-08-14,NYY@TOR,NYY,4.5,0.4669102720259846,0.52315,1.0,0,5,5.1104,0.056239727974015385,Over,0,0.4669102720259846,0.056239727974015385,-1.0,"(0.0263, 0.0699]"
2026-08-14,NYY@TOR,NYY,5.5,0.3536261331666146,0.4046,1.0,0,2,5.1104,0.050973866833385395,Over,0,0.3536261331666146,0.050973866833385395,-1.0,"(0.0263, 0.0699]"
2026-08-14,NYY@TOR,TOR,2.5,0.6136135097430016,0.64315,3.0,1,2,3.784,0.02953649025699845,Over,1,0.6136135097430016,0.02953649025699845,0.6013542601921862,"(0.0263, 0.0699]"
2026-08-14,NYY@TOR,TOR,3.5,0.4607930386631069,0.48295,3.0,0,5,3.784,0.0221569613368931,Over,0,0.4607930386631069,0.0221569613368931,-1.0,"(-0.0149, 0.0263]"
2026-08-14,NYY@TOR,TOR,4.5,0.3321043529875066,0.34245,3.0,0,2,3.784,0.010345647012493353,Over,0,0.3321043529875066,0.010345647012493353,-1.0,"(-0.0149, 0.0263]"
2026-08-14,SD@CLE,CLE,2.5,0.6189229220096133,0.6703,5.0,1,2,3.99685,0.05137707799038671,Over,1,0.6189229220096133,0.05137707799038671,0.5880031204841475,"(0.0263, 0.0699]"
2026-08-14,SD@CLE,CLE,3.5,0.47823563551944287,0.5182,5.0,1,5,3.99685,0.039964364480557124,Over,1,0.47823563551944287,0.039964364480557124,1.0419235436893204,"(0.0263, 0.0699]"
2026-08-14,SD@CLE,CLE,4.5,0.3438538205980067,0.37505,5.0,1,2,3.99685,0.031196179401993318,Over,1,0.3438538205980067,0.031196179401993318,1.822342995169082,"(0.0263, 0.0699]"
2026-08-14,SD@CLE,SD,2.5,0.6030239517955609,0.71615,7.0,1,2,4.52285,0.11312604820443906,Over,1,0.6030239517955609,0.11312604820443906,0.6286850213932582,"(0.0699, 0.22]"
2026-08-14,SD@CLE,SD,3.5,0.4576614849859998,0.58045,7.0,1,5,4.52285,0.12278851501400023,Over,1,0.4576614849859998,0.12278851501400023,1.131695147679325,"(0.0699, 0.22]"
2026-08-14,SD@CLE,SD,4.5,0.34010327022375214,0.444,7.0,1,2,4.52285,0.10389672977624786,Over,1,0.34010327022375214,0.10389672977624786,1.8529706477732797,"(0.0699, 0.22]"
2026-08-14,SEA@HOU,HOU,3.5,0.5594871427548169,0.63165,10.0,1,5,4.82165,0.07216285724518312,Over,1,0.5594871427548169,0.07216285724518312,0.7519203687107927,"(0.0699, 0.22]"
2026-08-14,SEA@HOU,SEA,3.5,0.5330897279740154,0.57645,7.0,1,5,4.4958,0.04336027202598458,Over,1,0.5330897279740154,0.04336027202598458,0.8364432597105864,"(0.0263, 0.0699]"
2026-08-14,STL@CHC,CHC,3.5,0.624494495297231,0.6904,3.0,0,2,5.38545,0.06590550470276901,Over,0,0.624494495297231,0.06590550470276901,-1.0,"(0.0263, 0.0699]"
2026-08-14,STL@CHC,CHC,4.5,0.4796954314720812,0.55795,3.0,0,5,5.38545,0.07825456852791873,Over,0,0.4796954314720812,0.07825456852791873,-1.0,"(0.0699, 0.22]"
2026-08-14,STL@CHC,CHC,5.5,0.3691054345065382,0.4287,3.0,0,2,5.38545,0.059594565493461815,Over,0,0.3691054345065382,0.059594565493461815,-1.0,"(0.0263, 0.0699]"
2026-08-14,STL@CHC,STL,2.5,0.5946065420165916,0.57975,0.0,0,2,3.48405,-0.01485654201659159,Under,1,0.4053934579834084,0.01485654201659159,1.4007360909338733,"(-0.0581, -0.0149]"
2026-08-14,STL@CHC,STL,3.5,0.449438202247191,0.428,0.0,0,5,3.48405,-0.021438202247191007,Under,1,0.550561797752809,0.021438202247191007,0.7795918367346938,"(-0.0581, -0.0149]"
2026-08-14,STL@CHC,STL,4.5,0.32485396645939324,0.30535,0.0,0,2,3.48405,-0.01950396645939323,Under,1,0.6751460335406068,0.01950396645939323,0.45950879151548973,"(-0.0581, -0.0149]"
2026-08-14,TEX@ATH,ATH,3.5,0.6161596906655311,0.54755,8.0,1,2,4.246,-0.06860969066553113,Under,0,0.3838403093344689,0.06860969066553113,-1.0,"(-0.206, -0.0581]"
2026-08-14,TEX@ATH,ATH,4.5,0.4796954314720812,0.4063,8.0,1,5,4.246,-0.07339543147208122,Under,0,0.5203045685279188,0.07339543147208122,-1.0,"(-0.206, -0.0581]"
2026-08-14,TEX@ATH,ATH,5.5,0.36585365853658536,0.2903,8.0,1,2,4.246,-0.07555365853658536,Under,0,0.6341463414634146,0.07555365853658536,-1.0,"(-0.206, -0.0581]"
2026-08-14,TEX@ATH,TEX,3.5,0.6336194460473168,0.6612,3.0,0,2,5.23765,0.027580553952683218,Over,0,0.6336194460473168,0.027580553952683218,-1.0,"(0.0263, 0.0699]"
2026-08-14,TEX@ATH,TEX,4.5,0.5306122448979592,0.5359,3.0,0,5,5.23765,0.005287755102040825,Over,0,0.5306122448979592,0.005287755102040825,-1.0,"(-0.0149, 0.0263]"
2026-08-14,TEX@ATH,TEX,5.5,0.40697081464617096,0.4174,3.0,0,2,5.23765,0.010429185353829029,Over,0,0.40697081464617096,0.010429185353829029,-1.0,"(-0.0149, 0.0263]"
2026-08-14,WSH@NYM,NYM,3.5,0.5803323968399643,0.5266,4.0,1,2,4.12225,-0.053732396839964336,Under,0,0.4196676031600357,0.053732396839964336,-1.0,"(-0.0581, -0.0149]"
2026-08-14,WSH@NYM,NYM,4.5,0.44726670347874103,0.39275,4.0,0,5,4.12225,-0.054516703478741046,Under,1,0.552733296521259,0.054516703478741046,0.7727772227772226,"(-0.0581, -0.0149]"
2026-08-14,WSH@NYM,NYM,5.5,0.3222174870374317,0.277,4.0,0,2,4.12225,-0.04521748703743167,Under,1,0.6777825129625683,0.04521748703743167,0.45400654964631915,"(-0.0581, -0.0149]"
2026-08-14,WSH@NYM,WSH,3.5,0.5734924423417591,0.58885,1.0,0,2,4.6489,0.015357557658240872,Over,0,0.5734924423417591,0.015357557658240872,-1.0,"(-0.0149, 0.0263]"
2026-08-14,WSH@NYM,WSH,4.5,0.44726670347874103,0.4646,1.0,0,5,4.6489,0.01733329652125898,Over,0,0.44726670347874103,0.01733329652125898,-1.0,"(-0.0149, 0.0263]"
2026-08-14,WSH@NYM,WSH,5.5,0.33889356681590266,0.34785,1.0,0,2,4.6489,0.008956433184097334,Over,0,0.33889356681590266,0.008956433184097334,-1.0,"(-0.0149, 0.0263]"
2026-08-15,AZ@ATL,ATL,3.5,0.6149774325712047,0.57255,3.0,0,2,4.35805,-0.04242743257120474,Under,1,0.38502256742879526,0.04242743257120474,1.5253740891801475,"(-0.0581, -0.0149]"
2026-08-15,AZ@ATL,ATL,4.5,0.49179655455291227,0.43065,3.0,0,5,4.35805,-0.06114655455291229,Under,1,0.5082034454470877,0.06114655455291229,0.9241686844229219,"(-0.206, -0.0581]"
2026-08-15,AZ@ATL,ATL,5.5,0.3676333800296623,0.30275,3.0,0,2,4.35805,-0.06488338002966226,Under,1,0.6323666199703377,0.06488338002966226,0.5551998901282865,"(-0.206, -0.0581]"
2026-08-15,AZ@ATL,AZ,3.5,0.5702452417515939,0.57725,10.0,1,2,4.4974,0.007004758248406184,Over,1,0.5702452417515939,0.007004758248406184,0.7197180512485719,"(-0.0149, 0.0263]"
2026-08-15,AZ@ATL,AZ,4.5,0.44726670347874103,0.447,10.0,1,5,4.4974,-0.00026670347874102607,Under,0,0.552733296521259,0.00026670347874102607,-1.0,"(-0.0149, 0.0263]"
2026-08-15,AZ@ATL,AZ,5.5,0.3409708709367768,0.32845,10.0,1,2,4.4974,-0.012520870936776785,Under,0,0.6590291290632232,0.012520870936776785,-1.0,"(-0.0149, 0.0263]"
2026-08-15,BAL@TB,BAL,3.5,0.4576614849859998,0.4825,4.0,1,5,3.80495,0.024838515014000195,Over,1,0.4576614849859998,0.024838515014000195,1.131695147679325,"(-0.0149, 0.0263]"
2026-08-15,BAL@TB,TB,3.5,0.5486725663716814,0.64285,3.0,0,5,4.9577,0.09417743362831865,Over,0,0.5486725663716814,0.09417743362831865,-1.0,"(0.0699, 0.22]"
2026-08-15,BOS@PIT,BOS,2.5,0.6833160829354612,0.73765,4.0,1,2,4.734,0.05433391706453883,Over,1,0.6833160829354612,0.05433391706453883,0.44259625720707524,"(0.0263, 0.0699]"
2026-08-15,BOS@PIT,BOS,3.5,0.5534367119548971,0.60305,4.0,1,4,4.734,0.0496132880451029,Over,1,0.5534367119548971,0.0496132880451029,0.7705812261291202,"(0.0263, 0.0699]"
2026-08-15,BOS@PIT,BOS,4.5,0.42847503373819157,0.47375,4.0,0,3,4.734,0.045274966261808436,Over,0,0.42847503373819157,0.045274966261808436,-1.0,"(0.0263, 0.0699]"
2026-08-15,BOS@PIT,PIT,2.5,0.637445295404814,0.7267,0.0,0,2,4.4854,0.08925470459518603,Over,0,0.637445295404814,0.08925470459518603,-1.0,"(0.0699, 0.22]"
2026-08-15,BOS@PIT,PIT,3.5,0.5,0.58405,0.0,0,5,4.4854,0.08404999999999996,Over,0,0.5,0.08404999999999996,-1.0,"(0.0699, 0.22]"
2026-08-15,BOS@PIT,PIT,4.5,0.3583478251097906,0.4434,0.0,0,2,4.4854,0.08505217489020944,Over,0,0.3583478251097906,0.08505217489020944,-1.0,"(0.0699, 0.22]"
2026-08-15,COL@SF,COL,2.5,0.5925095326902636,0.61695,1.0,0,2,3.742,0.02444046730973637,Over,0,0.5925095326902636,0.02444046730973637,-1.0,"(-0.0149, 0.0263]"
2026-08-15,COL@SF,COL,3.5,0.44726670347874103,0.46715,1.0,0,5,3.742,0.019883296521258975,Over,0,0.44726670347874103,0.019883296521258975,-1.0,"(-0.0149, 0.0263]"
2026-08-15,COL@SF,COL,4.5,0.3300963208589926,0.33965,1.0,0,2,3.742,0.00955367914100741,Over,0,0.3300963208589926,0.00955367914100741,-1.0,"(-0.0149, 0.0263]"
2026-08-15,COL@SF,SF,3.5,0.5837822471479227,0.7326,7.0,1,2,5.7654,0.14881775285207732,Over,1,0.5837822471479227,0.14881775285207732,0.6808839356038444,"(0.0699, 0.22]"
2026-08-15,COL@SF,SF,4.5,0.43668122270742354,0.60565,7.0,1,5,5.7654,0.16896877729257648,Over,1,0.43668122270742354,0.16896877729257648,1.23195,"(0.0699, 0.22]"
2026-08-15,COL@SF,SF,5.5,0.32422551916594566,0.4762,7.0,1,2,5.7654,0.15197448083405435,Over,1,0.32422551916594566,0.15197448083405435,1.9904806717765182,"(0.0699, 0.22]"
2026-08-15,CWS@DET,CWS,2.5,0.6350922638104661,0.55785,4.0,1,2,3.33705,-0.07724226381046617,Under,0,0.36490773618953387,0.07724226381046617,-1.0,"(-0.206, -0.0581]"
2026-08-15,CWS@DET,CWS,3.5,0.49179655455291227,0.4053,4.0,1,5,3.33705,-0.08649655455291227,Under,0,0.5082034454470877,0.08649655455291227,-1.0,"(-0.206, -0.0581]"
2026-08-15,CWS@DET,CWS,4.5,0.3635819261112708,0.2802,4.0,0,2,3.33705,-0.08338192611127082,Under,1,0.6364180738887292,0.08338192611127082,0.5455859185686348,"(-0.206, -0.0581]"
2026-08-15,CWS@DET,DET,2.5,0.7046165530460571,0.82065,3.0,1,2,5.50935,0.11603344695394291,Over,1,0.7046165530460571,0.11603344695394291,0.40034709746958874,"(0.0699, 0.22]"
2026-08-15,CWS@DET,DET,3.5,0.5715249662618084,0.6989,3.0,0,3,5.50935,0.1273750337381916,Over,0,0.5715249662618084,0.1273750337381916,-1.0,"(0.0699, 0.22]"
2026-08-15,CWS@DET,DET,4.5,0.43894208803298423,0.5692,3.0,0,4,5.50935,0.1302579119670158,Over,0,0.43894208803298423,0.1302579119670158,-1.0,"(0.0699, 0.22]"
2026-08-15,KC@LAA,KC,2.5,0.6119255129477179,0.60805,0.0,0,2,3.6345,-0.0038755129477179295,Under,1,0.3880744870522821,0.0038755129477179295,1.5058677763229011,"(-0.0149, 0.0263]"
2026-08-15,KC@LAA,KC,3.5,0.4693877551020409,0.45915,0.0,0,5,3.6345,-0.01023775510204089,Under,1,0.5306122448979591,0.01023775510204089,0.8448076923076926,"(-0.0149, 0.0263]"
2026-08-15,KC@LAA,KC,4.5,0.350142131569375,0.3256,0.0,0,2,3.6345,-0.024542131569375014,Under,1,0.649857868430625,0.024542131569375014,0.5145521073035222,"(-0.0581, -0.0149]"
2026-08-15,KC@LAA,LAA,3.5,0.5776397515527951,0.5397,1.0,0,3,4.18625,-0.037939751552795165,Under,1,0.4223602484472049,0.037939751552795165,1.306102941176471,"(-0.0581, -0.0149]"
2026-08-15,KC@LAA,LAA,4.5,0.44645303353076704,0.4016,1.0,0,4,4.18625,-0.04485303353076703,Under,1,0.553546966469233,0.04485303353076703,0.7702375278856857,"(-0.0581, -0.0149]"
2026-08-15,KC@LAA,LAA,5.5,0.3275862068965517,0.27865,1.0,0,2,4.18625,-0.048936206896551704,Under,1,0.6724137931034483,0.048936206896551704,0.46525641025641024,"(-0.0581, -0.0149]"
2026-08-15,MIA@CIN,CIN,3.5,0.6066351875236462,0.5444,4.0,1,2,4.16735,-0.06223518752364621,Under,0,0.3933648124763538,0.06223518752364621,-1.0,"(-0.206, -0.0581]"
2026-08-15,MIA@CIN,CIN,4.5,0.4693877551020409,0.4004,4.0,0,5,4.16735,-0.06898775510204092,Under,1,0.5306122448979591,0.06898775510204092,0.8448076923076926,"(-0.206, -0.0581]"
2026-08-15,MIA@CIN,CIN,5.5,0.35718956385274303,0.277,4.0,0,2,4.16735,-0.080189563852743,Under,1,0.642810436147257,0.080189563852743,0.5306634962616346,"(-0.206, -0.0581]"
2026-08-15,MIA@CIN,MIA,3.5,0.6086303689907391,0.64505,8.0,1,2,5.06795,0.03641963100926093,Over,1,0.6086303689907391,0.03641963100926093,0.6140968585475419,"(0.0263, 0.0699]"
2026-08-15,MIA@CIN,MIA,4.5,0.48945992664108945,0.5181,8.0,1,5,5.06795,0.028640073358910556,Over,1,0.48945992664108945,0.028640073358910556,0.9961301089624874,"(0.0263, 0.0699]"
2026-08-15,MIA@CIN,MIA,5.5,0.3726851851851852,0.39755,8.0,1,2,5.06795,0.02486481481481484,Over,1,0.3726851851851852,0.02486481481481484,1.6074844720496895,"(-0.0149, 0.0263]"
2026-08-15,MIL@LAD,LAD,2.5,0.6132465672839704,0.5685,1.0,0,2,3.2855,-0.04474656728397042,Under,1,0.3867534327160296,0.04474656728397042,1.5142734936917823,"(-0.0581, -0.0149]"
2026-08-15,MIL@LAD,LAD,3.5,0.4607930386631069,0.4034,1.0,0,5,3.2855,-0.05739303866310691,Under,1,0.539206961336893,0.05739303866310691,0.8161195672107098,"(-0.0581, -0.0149]"
2026-08-15,MIL@LAD,LAD,4.5,0.32959423902506574,0.27255,1.0,0,2,3.2855,-0.057044239025065724,Under,1,0.6704057609749343,0.057044239025065724,0.4695104317289814,"(-0.0581, -0.0149]"
2026-08-15,MIL@LAD,MIL,2.5,0.6805147533997269,0.6765,4.0,1,2,4.10905,-0.0040147533997269,Under,0,0.3194852466002731,0.0040147533997269,-1.0,"(-0.0149, 0.0263]"
2026-08-15,MIL@LAD,MIL,3.5,0.5467012037178121,0.52795,4.0,1,5,4.10905,-0.018751203717812026,Under,0,0.45329879628218794,0.018751203717812026,-1.0,"(-0.0581, -0.0149]"
2026-08-15,MIL@LAD,MIL,4.5,0.4141305303168765,0.38995,4.0,0,2,4.10905,-0.024180530316876503,Under,1,0.5858694696831235,0.024180530316876503,0.6750559244306185,"(-0.0581, -0.0149]"
2026-08-15,NYY@TOR,NYY,4.5,0.45253423527984094,0.36215,1.0,0,4,3.88585,-0.09038423527984091,Under,1,0.5474657647201591,0.09038423527984091,0.7894013151911972,"(-0.206, -0.0581]"
2026-08-15,NYY@TOR,TOR,2.5,0.5306237054994776,0.51785,4.0,1,4,2.97,-0.012773705499477539,Under,0,0.46937629450052243,0.012773705499477539,-1.0,"(-0.0149, 0.0263]"
2026-08-15,PHI@MIN,MIN,2.5,0.6455491744436468,0.73825,1.0,0,2,4.57915,0.09270082555635317,Over,0,0.6455491744436468,0.09270082555635317,-1.0,"(0.0699, 0.22]"
2026-08-15,PHI@MIN,MIN,3.5,0.5,0.5998,1.0,0,5,4.57915,0.0998,Over,0,0.5,0.0998,-1.0,"(0.0699, 0.22]"
2026-08-15,PHI@MIN,MIN,4.5,0.3663805539526832,0.4599,1.0,0,2,4.57915,0.09351944604731677,Over,0,0.3663805539526832,0.09351944604731677,-1.0,"(0.0699, 0.22]"
2026-08-15,PHI@MIN,PHI,3.5,0.5925095326902636,0.6081,9.0,1,2,4.7755,0.015590467309736344,Over,1,0.5925095326902636,0.015590467309736344,0.6567884140426641,"(-0.0149, 0.0263]"
2026-08-15,PHI@MIN,PHI,4.5,0.46693386773547096,0.4791,9.0,1,5,4.7755,0.012166132264529061,Over,1,0.46693386773547096,0.012166132264529061,1.0902575107296137,"(-0.0149, 0.0263]"
2026-08-15,PHI@MIN,PHI,5.5,0.3544508255563532,0.35965,9.0,1,2,4.7755,0.005199174443646815,Over,1,0.3544508255563532,0.005199174443646815,1.7393088607594935,"(-0.0149, 0.0263]"
2026-08-15,SD@CLE,CLE,3.5,0.5633187772925764,0.6293,6.0,1,3,4.8493,0.06598122270742357,Over,1,0.5633187772925764,0.06598122270742357,0.7403100775193798,"(0.0263, 0.0699]"
2026-08-15,SD@CLE,CLE,4.5,0.43668122270742354,0.49165,6.0,1,4,4.8493,0.05496877729257643,Over,1,0.43668122270742354,0.05496877729257643,1.23195,"(0.0263, 0.0699]"
2026-08-15,SD@CLE,CLE,5.5,0.3166839170645388,0.36685,6.0,1,2,4.8493,0.05016608293546121,Over,1,0.3166839170645388,0.05016608293546121,2.0606251976805474,"(0.0263, 0.0699]"
2026-08-15,SD@CLE,SD,2.5,0.6938620594441378,0.72635,1.0,0,2,4.7157,0.03248794055586224,Over,0,0.6938620594441378,0.03248794055586224,-1.0,"(0.0263, 0.0699]"
2026-08-15,SD@CLE,SD,3.5,0.5661414071601902,0.5972,1.0,0,2,4.7157,0.031058592839809718,Over,0,0.5661414071601902,0.031058592839809718,-1.0,"(0.0263, 0.0699]"
2026-08-15,SD@CLE,SD,4.5,0.44051285724518296,0.47115,1.0,0,5,4.7157,0.03063714275481705,Over,0,0.44051285724518296,0.03063714275481705,-1.0,"(0.0263, 0.0699]"
2026-08-15,SEA@HOU,HOU,4.5,0.44726670347874103,0.40525,5.0,1,5,4.20415,-0.042016703478741035,Under,0,0.552733296521259,0.042016703478741035,-1.0,"(-0.0581, -0.0149]"
2026-08-15,SEA@HOU,SEA,3.5,0.5594871427548169,0.62765,10.0,1,5,4.94055,0.06816285724518312,Over,1,0.5594871427548169,0.06816285724518312,0.7519203687107927,"(0.0263, 0.0699]"
2026-08-15,STL@CHC,CHC,3.5,0.6666251969810069,0.61365,4.0,1,2,4.72165,-0.052975196981006833,Under,0,0.33337480301899314,0.052975196981006833,-1.0,"(-0.0581, -0.0149]"
2026-08-15,STL@CHC,CHC,4.5,0.5445920303605313,0.4759,4.0,0,5,4.72165,-0.06869203036053129,Under,1,0.4554079696394687,0.06869203036053129,1.142020833333333,"(-0.206, -0.0581]"
2026-08-15,STL@CHC,CHC,5.5,0.42259766618046146,0.35225,4.0,0,2,4.72165,-0.07034766618046145,Under,1,0.5774023338195385,0.07034766618046145,0.6989593695138682,"(-0.206, -0.0581]"
2026-08-15,STL@CHC,STL,2.5,0.6648177251856645,0.75155,8.0,1,2,4.94905,0.08673227481433554,Over,1,0.6648177251856645,0.08673227481433554,0.4814839621766942,"(0.0699, 0.22]"
2026-08-15,STL@CHC,STL,3.5,0.5263157894736842,0.6299,8.0,1,5,4.94905,0.10358421052631583,Over,1,0.5263157894736842,0.10358421052631583,0.8595,"(0.0699, 0.22]"
2026-08-15,STL@CHC,STL,4.5,0.4033663748322911,0.50415,8.0,1,2,4.94905,0.10078362516770889,Over,1,0.4033663748322911,0.10078362516770889,1.4125746407891917,"(0.0699, 0.22]"
2026-08-15,TEX@ATH,ATH,2.5,0.6805838424983028,0.66905,3.0,1,2,3.92065,-0.011533842498302804,Under,0,0.31941615750169716,0.011533842498302804,-1.0,"(-0.0149, 0.0263]"
2026-08-15,TEX@ATH,ATH,3.5,0.550561797752809,0.5081,3.0,0,5,3.92065,-0.042461797752809005,Under,1,0.449438202247191,0.042461797752809005,1.169875,"(-0.0581, -0.0149]"
2026-08-15,TEX@ATH,ATH,4.5,0.405776836476034,0.3648,3.0,0,2,3.92065,-0.040976836476034006,Under,1,0.594223163523966,0.040976836476034006,0.652140311287248,"(-0.0581, -0.0149]"
2026-08-15,TEX@ATH,TEX,4.5,0.5678975593836275,0.3627,5.0,1,2,3.9188,-0.2051975593836275,Under,0,0.4321024406163725,0.2051975593836275,-1.0,"(-0.206, -0.0581]"
2026-08-15,TEX@ATH,TEX,5.5,0.4524539877300614,0.25495,5.0,0,5,3.9188,-0.1975039877300614,Under,1,0.5475460122699386,0.1975039877300614,0.7891456582633054,"(-0.206, -0.0581]"
2026-08-15,TEX@ATH,TEX,6.5,0.3579815338634787,0.16965,5.0,0,2,3.9188,-0.1883315338634787,Under,1,0.6420184661365214,0.1883315338634787,0.5324961552849244,"(-0.206, -0.0581]"
2026-08-15,WSH@NYM,NYM,2.5,0.6957666908424629,0.5786,5.0,1,2,3.41885,-0.1171666908424629,Under,0,0.3042333091575371,0.1171666908424629,-1.0,"(-0.206, -0.0581]"
2026-08-15,WSH@NYM,NYM,3.5,0.5563770794824399,0.4278,5.0,1,5,3.41885,-0.12857707948243985,Under,0,0.44362292051756014,0.12857707948243985,-1.0,"(-0.206, -0.0581]"
2026-08-15,WSH@NYM,NYM,4.5,0.4156070673830837,0.2942,5.0,1,2,3.41885,-0.12140706738308366,Under,0,0.5843929326169164,0.12140706738308366,-1.0,"(-0.206, -0.0581]"
2026-08-15,WSH@NYM,WSH,2.5,0.6381926167790241,0.80895,4.0,1,2,5.4895,0.1707573832209759,Over,1,0.6381926167790241,0.1707573832209759,0.5414134258085147,"(0.0699, 0.22]"
2026-08-15,WSH@NYM,WSH,3.5,0.4947698744769875,0.69465,4.0,1,5,5.4895,0.1998801255230125,Over,1,0.4947698744769875,0.1998801255230125,0.9751902748414374,"(0.0699, 0.22]"
2026-08-15,WSH@NYM,WSH,4.5,0.3736786052382455,0.5719,4.0,0,2,5.4895,0.1982213947617545,Over,0,0.3736786052382455,0.1982213947617545,-1.0,"(0.0699, 0.22]"
