date,game,team,line,side,p_model,p_mkt,edge,price,book,nb,mean,lineup,game_pk,pay,ev,on_board,actual,settle,units
2026-08-19,DET@PIT,DET,2.5,Over,0.705,0.635,0.07,-200,williamhill_us,2,4.46,CONF (statsapi),823342,0.5,0.0575,False,3,W,0.5
2026-08-19,DET@PIT,DET,2.5,Under,0.295,0.365,-0.07,160,williamhill_us,2,4.46,CONF (statsapi),823342,1.6,-0.233,False,3,L,-1.0
2026-08-19,DET@PIT,DET,3.5,Over,0.567,0.496,0.071,-110,williamhill_us,5,4.46,CONF (statsapi),823342,0.9091,0.0825,True,3,L,-1.0
2026-08-19,DET@PIT,DET,3.5,Under,0.433,0.504,-0.071,-110,betmgm,5,4.46,CONF (statsapi),823342,0.9091,-0.1734,False,3,W,0.9091
2026-08-19,DET@PIT,DET,4.5,Over,0.436,0.374,0.062,155,betrivers,2,4.46,CONF (statsapi),823342,1.55,0.1118,False,3,L,-1.0
2026-08-19,DET@PIT,DET,4.5,Under,0.564,0.626,-0.062,-195,betrivers,2,4.46,CONF (statsapi),823342,0.5128,-0.1468,False,3,W,0.5128
2026-08-19,DET@PIT,DET,5.5,Over,0.322,0.277,0.046,240,williamhill_us,1,4.46,CONF (statsapi),823342,2.4,0.0948,False,3,L,-1.0
2026-08-19,DET@PIT,DET,5.5,Under,0.678,0.723,-0.046,-333,williamhill_us,1,4.46,CONF (statsapi),823342,0.3003,-0.1184,False,3,W,0.3003
2026-08-19,DET@PIT,DET,6.5,Over,0.23,0.197,0.033,375,williamhill_us,1,4.46,CONF (statsapi),823342,3.75,0.0925,False,3,L,-1.0
2026-08-19,DET@PIT,DET,6.5,Under,0.77,0.803,-0.033,-600,williamhill_us,1,4.46,CONF (statsapi),823342,0.1667,-0.1017,False,3,W,0.1667
2026-08-19,DET@PIT,DET,7.5,Over,0.157,0.145,0.012,550,williamhill_us,1,4.46,CONF (statsapi),823342,5.5,0.0205,False,3,L,-1.0
2026-08-19,DET@PIT,DET,7.5,Under,0.843,0.855,-0.012,-1000,williamhill_us,1,4.46,CONF (statsapi),823342,0.1,-0.0727,False,3,W,0.1
2026-08-19,DET@PIT,DET,8.5,Over,0.103,0.11,-0.006,750,williamhill_us,1,4.46,CONF (statsapi),823342,7.5,-0.1245,False,3,L,-1.0
2026-08-19,DET@PIT,DET,8.5,Under,0.896,0.89,0.006,-2000,williamhill_us,1,4.46,CONF (statsapi),823342,0.05,-0.0592,False,3,W,0.05
2026-08-19,DET@PIT,PIT,2.5,Over,0.758,0.723,0.034,-333,williamhill_us,1,4.79,CONF (statsapi),823342,0.3003,-0.0144,False,4,W,0.3003
2026-08-19,DET@PIT,PIT,2.5,Under,0.242,0.277,-0.034,240,williamhill_us,1,4.79,CONF (statsapi),823342,2.4,-0.1772,False,4,L,-1.0
2026-08-19,DET@PIT,PIT,3.5,Over,0.624,0.602,0.022,-175,williamhill_us,2,4.79,CONF (statsapi),823342,0.5714,-0.0194,False,4,W,0.5714
2026-08-19,DET@PIT,PIT,3.5,Under,0.376,0.398,-0.022,143,betrivers,2,4.79,CONF (statsapi),823342,1.43,-0.0863,False,4,L,-1.0
2026-08-19,DET@PIT,PIT,4.5,Over,0.486,0.463,0.023,105,draftkings,5,4.79,CONF (statsapi),823342,1.05,-0.0037,False,4,L,-1.0
2026-08-19,DET@PIT,PIT,4.5,Under,0.514,0.537,-0.023,-125,betrivers,5,4.79,CONF (statsapi),823342,0.8,-0.0748,False,4,W,0.8
2026-08-19,DET@PIT,PIT,5.5,Over,0.358,0.349,0.009,170,williamhill_us,2,4.79,CONF (statsapi),823342,1.7,-0.0334,False,4,L,-1.0
2026-08-19,DET@PIT,PIT,5.5,Under,0.642,0.651,-0.009,-220,betrivers,2,4.79,CONF (statsapi),823342,0.4545,-0.0662,False,4,W,0.4545
2026-08-19,DET@PIT,PIT,6.5,Over,0.256,0.258,-0.002,260,williamhill_us,1,4.79,CONF (statsapi),823342,2.6,-0.0784,False,4,L,-1.0
2026-08-19,DET@PIT,PIT,6.5,Under,0.744,0.742,0.002,-400,williamhill_us,1,4.79,CONF (statsapi),823342,0.25,-0.07,False,4,W,0.25
2026-08-19,DET@PIT,PIT,7.5,Over,0.174,0.188,-0.014,400,williamhill_us,1,4.79,CONF (statsapi),823342,4.0,-0.13,False,4,L,-1.0
2026-08-19,DET@PIT,PIT,7.5,Under,0.826,0.812,0.014,-650,williamhill_us,1,4.79,CONF (statsapi),823342,0.1538,-0.0469,False,4,W,0.1538
2026-08-19,DET@PIT,PIT,8.5,Over,0.116,0.134,-0.018,600,williamhill_us,1,4.79,CONF (statsapi),823342,6.0,-0.188,False,4,L,-1.0
2026-08-19,DET@PIT,PIT,8.5,Under,0.884,0.866,0.018,-1200,williamhill_us,1,4.79,CONF (statsapi),823342,0.0833,-0.0423,False,4,W,0.0833
2026-08-19,SD@NYM,SD,2.5,Over,0.733,0.737,-0.004,-350,williamhill_us,1,4.76,CONF (statsapi),823587,0.2857,-0.0576,False,2,L,-1.0
2026-08-19,SD@NYM,SD,2.5,Under,0.267,0.263,0.004,260,williamhill_us,1,4.76,CONF (statsapi),823587,2.6,-0.0388,False,2,W,2.6
2026-08-19,SD@NYM,SD,3.5,Over,0.601,0.623,-0.022,-190,betrivers,2,4.76,CONF (statsapi),823587,0.5263,-0.0827,False,2,L,-1.0
2026-08-19,SD@NYM,SD,3.5,Under,0.399,0.377,0.022,150,williamhill_us,2,4.76,CONF (statsapi),823587,1.5,-0.0025,False,2,W,1.5
2026-08-19,SD@NYM,SD,4.5,Over,0.475,0.495,-0.02,-106,fanduel,5,4.76,CONF (statsapi),823587,0.9434,-0.0769,False,2,L,-1.0
2026-08-19,SD@NYM,SD,4.5,Under,0.525,0.505,0.02,-113,betrivers,5,4.76,CONF (statsapi),823587,0.885,-0.0104,False,2,W,0.885
2026-08-19,SD@NYM,SD,5.5,Over,0.363,0.387,-0.025,150,betrivers,2,4.76,CONF (statsapi),823587,1.5,-0.0925,False,2,L,-1.0
2026-08-19,SD@NYM,SD,5.5,Under,0.637,0.613,0.025,-182,williamhill_us,2,4.76,CONF (statsapi),823587,0.5495,-0.013,False,2,W,0.5495
2026-08-19,SD@NYM,SD,6.5,Over,0.264,0.303,-0.039,210,williamhill_us,1,4.76,CONF (statsapi),823587,2.1,-0.1816,False,2,L,-1.0
2026-08-19,SD@NYM,SD,6.5,Under,0.736,0.697,0.039,-286,williamhill_us,1,4.76,CONF (statsapi),823587,0.3497,-0.0067,False,2,W,0.3497
2026-08-19,SD@NYM,SD,7.5,Over,0.183,0.225,-0.043,320,williamhill_us,1,4.76,CONF (statsapi),823587,3.2,-0.2314,False,2,L,-1.0
2026-08-19,SD@NYM,SD,7.5,Under,0.817,0.775,0.043,-450,williamhill_us,1,4.76,CONF (statsapi),823587,0.2222,-0.0014,False,2,W,0.2222
2026-08-19,SD@NYM,SD,8.5,Over,0.124,0.17,-0.046,450,williamhill_us,1,4.76,CONF (statsapi),823587,4.5,-0.318,False,2,L,-1.0
2026-08-19,SD@NYM,SD,8.5,Under,0.876,0.83,0.046,-800,williamhill_us,1,4.76,CONF (statsapi),823587,0.125,-0.0145,False,2,W,0.125
2026-08-19,SD@NYM,NYM,2.5,Over,0.66,0.666,-0.006,-240,betrivers,2,3.95,CONF (statsapi),823587,0.4167,-0.065,False,4,W,0.4167
2026-08-19,SD@NYM,NYM,2.5,Under,0.34,0.334,0.006,188,betrivers,2,3.95,CONF (statsapi),823587,1.88,-0.0208,False,4,L,-1.0
2026-08-19,SD@NYM,NYM,3.5,Over,0.509,0.526,-0.017,-122,fanduel,5,3.95,CONF (statsapi),823587,0.8197,-0.0738,False,4,W,0.8197
2026-08-19,SD@NYM,NYM,3.5,Under,0.491,0.474,0.017,100,draftkings,5,3.95,CONF (statsapi),823587,1.0,-0.018,False,4,L,-1.0
2026-08-19,SD@NYM,NYM,4.5,Over,0.37,0.393,-0.022,143,betrivers,2,3.95,CONF (statsapi),823587,1.43,-0.1009,False,4,L,-1.0
2026-08-19,SD@NYM,NYM,4.5,Under,0.63,0.607,0.022,-180,betrivers,2,3.95,CONF (statsapi),823587,0.5556,-0.02,False,4,W,0.5556
2026-08-19,SD@NYM,NYM,5.5,Over,0.254,0.286,-0.032,225,williamhill_us,1,3.95,CONF (statsapi),823587,2.25,-0.1745,False,4,L,-1.0
2026-08-19,SD@NYM,NYM,5.5,Under,0.746,0.714,0.032,-333,williamhill_us,1,3.95,CONF (statsapi),823587,0.3003,-0.03,False,4,W,0.3003
2026-08-19,SD@NYM,NYM,6.5,Over,0.166,0.204,-0.039,360,williamhill_us,1,3.95,CONF (statsapi),823587,3.6,-0.2364,False,4,L,-1.0
2026-08-19,SD@NYM,NYM,6.5,Under,0.834,0.796,0.039,-550,williamhill_us,1,3.95,CONF (statsapi),823587,0.1818,-0.0144,False,4,W,0.1818
2026-08-19,SD@NYM,NYM,7.5,Over,0.105,0.145,-0.04,550,williamhill_us,1,3.95,CONF (statsapi),823587,5.5,-0.3175,False,4,L,-1.0
2026-08-19,SD@NYM,NYM,7.5,Under,0.895,0.855,0.04,-1000,williamhill_us,1,3.95,CONF (statsapi),823587,0.1,-0.0155,False,4,W,0.1
2026-08-19,SD@NYM,NYM,8.5,Over,0.065,0.104,-0.039,800,williamhill_us,1,3.95,CONF (statsapi),823587,8.0,-0.415,False,4,L,-1.0
2026-08-19,SD@NYM,NYM,8.5,Under,0.935,0.896,0.039,-2500,williamhill_us,1,3.95,CONF (statsapi),823587,0.04,-0.0276,False,4,W,0.04
2026-08-19,ATL@MIN,ATL,2.5,Over,0.747,0.706,0.041,-300,williamhill_us,1,4.83,CONF (statsapi),823664,0.3333,-0.004,False,4,W,0.3333
2026-08-19,ATL@MIN,ATL,2.5,Under,0.253,0.294,-0.041,220,williamhill_us,1,4.83,CONF (statsapi),823664,2.2,-0.1904,False,4,L,-1.0
2026-08-19,ATL@MIN,ATL,3.5,Over,0.617,0.593,0.025,-167,williamhill_us,2,4.83,CONF (statsapi),823664,0.5988,-0.0135,False,4,W,0.5988
2026-08-19,ATL@MIN,ATL,3.5,Under,0.383,0.407,-0.025,135,betrivers,2,4.83,CONF (statsapi),823664,1.35,-0.0999,False,4,L,-1.0
2026-08-19,ATL@MIN,ATL,4.5,Over,0.486,0.467,0.019,105,williamhill_us,5,4.83,CONF (statsapi),823664,1.05,-0.0037,False,4,L,-1.0
2026-08-19,ATL@MIN,ATL,4.5,Under,0.514,0.533,-0.019,-129,betrivers,5,4.83,CONF (statsapi),823664,0.7752,-0.0876,False,4,W,0.7752
2026-08-19,ATL@MIN,ATL,5.5,Over,0.369,0.354,0.014,170,betrivers,2,4.83,CONF (statsapi),823664,1.7,-0.0037,False,4,L,-1.0
2026-08-19,ATL@MIN,ATL,5.5,Under,0.631,0.646,-0.014,-215,betrivers,2,4.83,CONF (statsapi),823664,0.4651,-0.0755,False,4,W,0.4651
2026-08-19,ATL@MIN,ATL,6.5,Over,0.267,0.274,-0.007,240,williamhill_us,1,4.83,CONF (statsapi),823664,2.4,-0.0922,False,4,L,-1.0
2026-08-19,ATL@MIN,ATL,6.5,Under,0.733,0.726,0.007,-350,williamhill_us,1,4.83,CONF (statsapi),823664,0.2857,-0.0576,False,4,W,0.2857
2026-08-19,ATL@MIN,ATL,7.5,Over,0.186,0.204,-0.018,360,williamhill_us,1,4.83,CONF (statsapi),823664,3.6,-0.1444,False,4,L,-1.0
2026-08-19,ATL@MIN,ATL,7.5,Under,0.814,0.796,0.018,-550,williamhill_us,1,4.83,CONF (statsapi),823664,0.1818,-0.038,False,4,W,0.1818
2026-08-19,ATL@MIN,ATL,8.5,Over,0.127,0.145,-0.018,550,williamhill_us,1,4.83,CONF (statsapi),823664,5.5,-0.1745,False,4,L,-1.0
2026-08-19,ATL@MIN,ATL,8.5,Under,0.873,0.855,0.018,-1000,williamhill_us,1,4.83,CONF (statsapi),823664,0.1,-0.0397,False,4,W,0.1
2026-08-19,ATL@MIN,MIN,2.5,Over,0.721,0.688,0.033,-275,williamhill_us,1,4.44,CONF (statsapi),823664,0.3636,-0.0168,False,6,W,0.3636
2026-08-19,ATL@MIN,MIN,2.5,Under,0.279,0.312,-0.033,200,williamhill_us,1,4.44,CONF (statsapi),823664,2.0,-0.163,False,6,L,-1.0
2026-08-19,ATL@MIN,MIN,3.5,Over,0.579,0.563,0.016,-143,williamhill_us,5,4.44,CONF (statsapi),823664,0.6993,-0.0161,False,6,W,0.6993
2026-08-19,ATL@MIN,MIN,3.5,Under,0.421,0.437,-0.016,120,draftkings,5,4.44,CONF (statsapi),823664,1.2,-0.0738,False,6,L,-1.0
2026-08-19,ATL@MIN,MIN,4.5,Over,0.442,0.43,0.012,120,williamhill_us,2,4.44,CONF (statsapi),823664,1.2,-0.0276,False,6,W,1.2
2026-08-19,ATL@MIN,MIN,4.5,Under,0.558,0.57,-0.012,-148,betrivers,2,4.44,CONF (statsapi),823664,0.6757,-0.065,False,6,L,-1.0
2026-08-19,ATL@MIN,MIN,5.5,Over,0.316,0.312,0.005,205,betrivers,2,4.44,CONF (statsapi),823664,2.05,-0.0362,False,6,W,2.05
2026-08-19,ATL@MIN,MIN,5.5,Under,0.684,0.688,-0.005,-265,betrivers,2,4.44,CONF (statsapi),823664,0.3774,-0.0579,False,6,L,-1.0
2026-08-19,ATL@MIN,MIN,6.5,Over,0.218,0.225,-0.007,320,williamhill_us,1,4.44,CONF (statsapi),823664,3.2,-0.0844,False,6,L,-1.0
2026-08-19,ATL@MIN,MIN,6.5,Under,0.782,0.775,0.007,-450,williamhill_us,1,4.44,CONF (statsapi),823664,0.2222,-0.0442,False,6,W,0.2222
2026-08-19,ATL@MIN,MIN,7.5,Over,0.142,0.162,-0.02,480,williamhill_us,1,4.44,CONF (statsapi),823664,4.8,-0.1764,False,6,L,-1.0
2026-08-19,ATL@MIN,MIN,7.5,Under,0.858,0.838,0.02,-800,williamhill_us,1,4.44,CONF (statsapi),823664,0.125,-0.0348,False,6,W,0.125
2026-08-19,ATL@MIN,MIN,8.5,Over,0.089,0.117,-0.029,700,williamhill_us,1,4.44,CONF (statsapi),823664,7.0,-0.288,False,6,L,-1.0
2026-08-19,ATL@MIN,MIN,8.5,Under,0.911,0.883,0.029,-1600,williamhill_us,1,4.44,CONF (statsapi),823664,0.0625,-0.0321,False,6,W,0.0625
2026-08-19,CWS@CHC,CWS,2.5,Over,0.662,0.62,0.042,-187,williamhill_us,2,4.07,CONF (statsapi),824640,0.5348,0.016,False,3,W,0.5348
2026-08-19,CWS@CHC,CWS,2.5,Under,0.338,0.38,-0.042,150,betrivers,2,4.07,CONF (statsapi),824640,1.5,-0.155,False,3,L,-1.0
2026-08-19,CWS@CHC,CWS,3.5,Over,0.518,0.479,0.04,100,williamhill_us,5,4.07,CONF (statsapi),824640,1.0,0.036,True,3,L,-1.0
2026-08-19,CWS@CHC,CWS,3.5,Under,0.482,0.521,-0.04,-117,betrivers,5,4.07,CONF (statsapi),824640,0.8547,-0.106,False,3,W,0.8547
2026-08-19,CWS@CHC,CWS,4.5,Over,0.384,0.365,0.019,162,williamhill_us,2,4.07,CONF (statsapi),824640,1.62,0.0061,False,3,L,-1.0
2026-08-19,CWS@CHC,CWS,4.5,Under,0.616,0.635,-0.019,-200,betrivers,2,4.07,CONF (statsapi),824640,0.5,-0.076,False,3,W,0.5
2026-08-19,CWS@CHC,CWS,5.5,Over,0.274,0.258,0.017,260,williamhill_us,1,4.07,CONF (statsapi),824640,2.6,-0.0136,False,3,L,-1.0
2026-08-19,CWS@CHC,CWS,5.5,Under,0.726,0.742,-0.017,-400,williamhill_us,1,4.07,CONF (statsapi),824640,0.25,-0.0925,False,3,W,0.25
2026-08-19,CWS@CHC,CWS,6.5,Over,0.188,0.187,0.001,400,williamhill_us,1,4.07,CONF (statsapi),824640,4.0,-0.06,False,3,L,-1.0
2026-08-19,CWS@CHC,CWS,6.5,Under,0.812,0.813,-0.001,-667,williamhill_us,1,4.07,CONF (statsapi),824640,0.1499,-0.0663,False,3,W,0.1499
2026-08-19,CWS@CHC,CWS,7.5,Over,0.123,0.134,-0.011,600,williamhill_us,1,4.07,CONF (statsapi),824640,6.0,-0.139,False,3,L,-1.0
2026-08-19,CWS@CHC,CWS,7.5,Under,0.877,0.866,0.011,-1200,williamhill_us,1,4.07,CONF (statsapi),824640,0.0833,-0.0499,False,3,W,0.0833
2026-08-19,CWS@CHC,CWS,8.5,Over,0.078,0.099,-0.021,850,williamhill_us,1,4.07,CONF (statsapi),824640,8.5,-0.259,False,3,L,-1.0
2026-08-19,CWS@CHC,CWS,8.5,Under,0.922,0.901,0.021,-2500,williamhill_us,1,4.07,CONF (statsapi),824640,0.04,-0.0411,False,3,W,0.04
2026-08-19,CWS@CHC,CHC,2.5,Over,0.807,0.688,0.12,-275,williamhill_us,1,5.32,CONF (statsapi),824640,0.3636,0.1005,False,0,L,-1.0
2026-08-19,CWS@CHC,CHC,2.5,Under,0.193,0.312,-0.12,200,williamhill_us,1,5.32,CONF (statsapi),824640,2.0,-0.421,False,0,W,2.0
2026-08-19,CWS@CHC,CHC,3.5,Over,0.684,0.554,0.129,-138,fanduel,5,5.32,CONF (statsapi),824640,0.7246,0.1797,True,0,L,-1.0
2026-08-19,CWS@CHC,CHC,3.5,Under,0.316,0.446,-0.129,115,betrivers,5,5.32,CONF (statsapi),824640,1.15,-0.3206,False,0,W,1.15
2026-08-19,CWS@CHC,CHC,4.5,Over,0.551,0.425,0.126,125,williamhill_us,2,5.32,CONF (statsapi),824640,1.25,0.2398,False,0,L,-1.0
2026-08-19,CWS@CHC,CHC,4.5,Under,0.449,0.575,-0.126,-152,betrivers,2,5.32,CONF (statsapi),824640,0.6579,-0.2556,False,0,W,0.6579
2026-08-19,CWS@CHC,CHC,5.5,Over,0.423,0.312,0.111,210,williamhill_us,2,5.32,CONF (statsapi),824640,2.1,0.3113,False,0,L,-1.0
2026-08-19,CWS@CHC,CHC,5.5,Under,0.577,0.688,-0.111,-265,betrivers,2,5.32,CONF (statsapi),824640,0.3774,-0.2053,False,0,W,0.3774
2026-08-19,CWS@CHC,CHC,6.5,Over,0.313,0.222,0.091,320,williamhill_us,1,5.32,CONF (statsapi),824640,3.2,0.3146,False,0,L,-1.0
2026-08-19,CWS@CHC,CHC,6.5,Under,0.687,0.778,-0.091,-500,williamhill_us,1,5.32,CONF (statsapi),824640,0.2,-0.1756,False,0,W,0.2
2026-08-19,CWS@CHC,CHC,7.5,Over,0.223,0.156,0.067,500,williamhill_us,1,5.32,CONF (statsapi),824640,5.0,0.338,False,0,L,-1.0
2026-08-19,CWS@CHC,CHC,7.5,Under,0.777,0.844,-0.067,-900,williamhill_us,1,5.32,CONF (statsapi),824640,0.1111,-0.1367,False,0,W,0.1111
2026-08-19,CWS@CHC,CHC,8.5,Over,0.154,0.116,0.038,700,williamhill_us,1,5.32,CONF (statsapi),824640,7.0,0.232,False,0,L,-1.0
2026-08-19,CWS@CHC,CHC,8.5,Under,0.846,0.884,-0.038,-2000,williamhill_us,1,5.32,CONF (statsapi),824640,0.05,-0.1117,False,0,W,0.05
2026-08-19,AZ@BOS,AZ,2.5,Over,0.635,0.634,0.001,-200,williamhill_us,1,3.82,Expected Lineup,824722,0.5,-0.0475,False,7,W,0.5
2026-08-19,AZ@BOS,AZ,2.5,Under,0.365,0.366,-0.001,160,williamhill_us,1,3.82,Expected Lineup,824722,1.6,-0.051,False,7,L,-1.0
2026-08-19,AZ@BOS,AZ,3.5,Over,0.483,0.492,-0.009,-104,fanduel,5,3.82,Expected Lineup,824722,0.9615,-0.0526,False,7,W,0.9615
2026-08-19,AZ@BOS,AZ,3.5,Under,0.517,0.508,0.009,-109,betrivers,5,3.82,Expected Lineup,824722,0.9174,-0.0087,False,7,L,-1.0
2026-08-19,AZ@BOS,AZ,4.5,Over,0.352,0.379,-0.028,150,williamhill_us,2,3.82,Expected Lineup,824722,1.5,-0.12,False,7,W,1.5
2026-08-19,AZ@BOS,AZ,4.5,Under,0.648,0.621,0.028,-190,betrivers,2,3.82,Expected Lineup,824722,0.5263,-0.0109,False,7,L,-1.0
2026-08-19,AZ@BOS,AZ,5.5,Over,0.245,0.283,-0.038,240,williamhill_us,2,3.82,Expected Lineup,824722,2.4,-0.167,False,7,W,2.4
2026-08-19,AZ@BOS,AZ,5.5,Under,0.755,0.717,0.038,-305,betrivers,2,3.82,Expected Lineup,824722,0.3279,0.0025,False,7,L,-1.0
2026-08-19,AZ@BOS,AZ,6.5,Over,0.161,0.197,-0.036,375,williamhill_us,1,3.82,Expected Lineup,824722,3.75,-0.2352,False,7,W,3.75
2026-08-19,AZ@BOS,AZ,6.5,Under,0.839,0.803,0.036,-600,williamhill_us,1,3.82,Expected Lineup,824722,0.1667,-0.0212,False,7,L,-1.0
2026-08-19,AZ@BOS,AZ,7.5,Over,0.101,0.145,-0.043,550,williamhill_us,1,3.82,Expected Lineup,824722,5.5,-0.3435,False,7,L,-1.0
2026-08-19,AZ@BOS,AZ,7.5,Under,0.899,0.855,0.043,-1000,williamhill_us,1,3.82,Expected Lineup,824722,0.1,-0.0111,False,7,W,0.1
2026-08-19,AZ@BOS,AZ,8.5,Over,0.062,0.11,-0.048,750,williamhill_us,1,3.82,Expected Lineup,824722,7.5,-0.473,False,7,L,-1.0
2026-08-19,AZ@BOS,AZ,8.5,Under,0.938,0.89,0.048,-2000,williamhill_us,1,3.82,Expected Lineup,824722,0.05,-0.0151,False,7,W,0.05
2026-08-19,AZ@BOS,BOS,2.5,Over,0.688,0.723,-0.036,-333,williamhill_us,1,4.09,Expected Lineup,824722,0.3003,-0.1054,False,6,W,0.3003
2026-08-19,AZ@BOS,BOS,2.5,Under,0.312,0.277,0.036,240,williamhill_us,1,4.09,Expected Lineup,824722,2.4,0.0608,False,6,L,-1.0
2026-08-19,AZ@BOS,BOS,3.5,Over,0.534,0.59,-0.057,-165,betrivers,2,4.09,Expected Lineup,824722,0.6061,-0.1424,False,6,W,0.6061
2026-08-19,AZ@BOS,BOS,3.5,Under,0.466,0.41,0.057,130,williamhill_us,2,4.09,Expected Lineup,824722,1.3,0.0718,False,6,L,-1.0
2026-08-19,AZ@BOS,BOS,4.5,Over,0.386,0.467,-0.081,107,betrivers,5,4.09,Expected Lineup,824722,1.07,-0.201,False,6,W,1.07
2026-08-19,AZ@BOS,BOS,4.5,Under,0.614,0.533,0.081,-130,draftkings,5,4.09,Expected Lineup,824722,0.7692,0.0863,True,6,L,-1.0
2026-08-19,AZ@BOS,BOS,5.5,Over,0.266,0.349,-0.082,170,williamhill_us,2,4.09,Expected Lineup,824722,1.7,-0.2818,False,6,W,1.7
2026-08-19,AZ@BOS,BOS,5.5,Under,0.734,0.651,0.082,-225,williamhill_us,2,4.09,Expected Lineup,824722,0.4444,0.0602,False,6,L,-1.0
2026-08-19,AZ@BOS,BOS,6.5,Over,0.175,0.258,-0.083,260,williamhill_us,1,4.09,Expected Lineup,824722,2.6,-0.37,False,6,L,-1.0
2026-08-19,AZ@BOS,BOS,6.5,Under,0.825,0.742,0.083,-400,williamhill_us,1,4.09,Expected Lineup,824722,0.25,0.0312,False,6,W,0.25
2026-08-19,AZ@BOS,BOS,7.5,Over,0.111,0.188,-0.077,400,williamhill_us,1,4.09,Expected Lineup,824722,4.0,-0.445,False,6,L,-1.0
2026-08-19,AZ@BOS,BOS,7.5,Under,0.889,0.812,0.077,-650,williamhill_us,1,4.09,Expected Lineup,824722,0.1538,0.0258,False,6,W,0.1538
2026-08-19,AZ@BOS,BOS,8.5,Over,0.069,0.134,-0.065,600,williamhill_us,1,4.09,Expected Lineup,824722,6.0,-0.517,False,6,L,-1.0
2026-08-19,AZ@BOS,BOS,8.5,Under,0.931,0.866,0.065,-1200,williamhill_us,1,4.09,Expected Lineup,824722,0.0833,0.0086,False,6,W,0.0833
2026-08-19,MIA@PHI,MIA,2.5,Over,0.811,0.688,0.124,-275,williamhill_us,1,5.65,CONF (statsapi),823424,0.3636,0.1059,False,1,L,-1.0
2026-08-19,MIA@PHI,MIA,2.5,Under,0.189,0.312,-0.124,200,williamhill_us,1,5.65,CONF (statsapi),823424,2.0,-0.433,False,1,W,2.0
2026-08-19,MIA@PHI,MIA,3.5,Over,0.701,0.555,0.146,-139,betrivers,4,5.65,CONF (statsapi),823424,0.7194,0.2053,False,1,L,-1.0
2026-08-19,MIA@PHI,MIA,3.5,Under,0.299,0.445,-0.146,115,williamhill_us,4,5.65,CONF (statsapi),823424,1.15,-0.3572,False,1,W,1.15
2026-08-19,MIA@PHI,MIA,4.5,Over,0.587,0.435,0.152,118,betrivers,3,5.65,CONF (statsapi),823424,1.18,0.2797,True,1,L,-1.0
2026-08-19,MIA@PHI,MIA,4.5,Under,0.413,0.565,-0.152,-145,draftkings,3,5.65,CONF (statsapi),823424,0.6897,-0.3022,False,1,W,0.6897
2026-08-19,MIA@PHI,MIA,5.5,Over,0.469,0.327,0.142,188,betrivers,2,5.65,CONF (statsapi),823424,1.88,0.3507,False,1,L,-1.0
2026-08-19,MIA@PHI,MIA,5.5,Under,0.531,0.673,-0.142,-250,williamhill_us,2,5.65,CONF (statsapi),823424,0.4,-0.2566,False,1,W,0.4
2026-08-19,MIA@PHI,MIA,6.5,Over,0.362,0.243,0.119,290,williamhill_us,1,5.65,CONF (statsapi),823424,2.9,0.4118,False,1,L,-1.0
2026-08-19,MIA@PHI,MIA,6.5,Under,0.638,0.757,-0.119,-400,williamhill_us,1,5.65,CONF (statsapi),823424,0.25,-0.2025,False,1,W,0.25
2026-08-19,MIA@PHI,MIA,7.5,Over,0.267,0.172,0.095,450,williamhill_us,1,5.65,CONF (statsapi),823424,4.5,0.4685,False,1,L,-1.0
2026-08-19,MIA@PHI,MIA,7.5,Under,0.733,0.828,-0.095,-700,williamhill_us,1,5.65,CONF (statsapi),823424,0.1429,-0.1623,False,1,W,0.1429
2026-08-19,MIA@PHI,MIA,8.5,Over,0.192,0.133,0.059,600,williamhill_us,1,5.65,CONF (statsapi),823424,6.0,0.344,False,1,L,-1.0
2026-08-19,MIA@PHI,MIA,8.5,Under,0.808,0.867,-0.059,-1400,williamhill_us,1,5.65,CONF (statsapi),823424,0.0714,-0.1343,False,1,W,0.0714
2026-08-19,MIA@PHI,PHI,2.5,Over,0.694,0.747,-0.054,-400,williamhill_us,1,4.22,CONF (statsapi),823424,0.25,-0.1325,False,4,W,0.25
2026-08-19,MIA@PHI,PHI,2.5,Under,0.306,0.253,0.054,270,williamhill_us,1,4.22,CONF (statsapi),823424,2.7,0.1322,False,4,L,-1.0
2026-08-19,MIA@PHI,PHI,3.5,Over,0.549,0.617,-0.068,-175,betrivers,2,4.22,CONF (statsapi),823424,0.5714,-0.1373,False,4,W,0.5714
2026-08-19,MIA@PHI,PHI,3.5,Under,0.451,0.383,0.068,160,williamhill_us,2,4.22,CONF (statsapi),823424,1.6,0.1726,False,4,L,-1.0
2026-08-19,MIA@PHI,PHI,4.5,Over,0.408,0.5,-0.092,100,betrivers,5,4.22,CONF (statsapi),823424,1.0,-0.184,False,4,L,-1.0
2026-08-19,MIA@PHI,PHI,4.5,Under,0.592,0.5,0.092,-110,williamhill_us,5,4.22,CONF (statsapi),823424,0.9091,0.1302,True,4,W,0.9091
2026-08-19,MIA@PHI,PHI,5.5,Over,0.292,0.373,-0.081,165,betrivers,2,4.22,CONF (statsapi),823424,1.65,-0.2262,False,4,L,-1.0
2026-08-19,MIA@PHI,PHI,5.5,Under,0.708,0.627,0.081,-187,williamhill_us,2,4.22,CONF (statsapi),823424,0.5348,0.0866,False,4,W,0.5348
2026-08-19,MIA@PHI,PHI,6.5,Over,0.194,0.294,-0.1,220,williamhill_us,1,4.22,CONF (statsapi),823424,2.2,-0.3792,False,4,L,-1.0
2026-08-19,MIA@PHI,PHI,6.5,Under,0.806,0.706,0.1,-300,williamhill_us,1,4.22,CONF (statsapi),823424,0.3333,0.0747,False,4,W,0.3333
2026-08-19,MIA@PHI,PHI,7.5,Over,0.125,0.217,-0.092,333,williamhill_us,1,4.22,CONF (statsapi),823424,3.33,-0.4588,False,4,L,-1.0
2026-08-19,MIA@PHI,PHI,7.5,Under,0.875,0.783,0.092,-500,williamhill_us,1,4.22,CONF (statsapi),823424,0.2,0.05,False,4,W,0.2
2026-08-19,MIA@PHI,PHI,8.5,Over,0.077,0.161,-0.083,480,williamhill_us,1,4.22,CONF (statsapi),823424,4.8,-0.5534,False,4,L,-1.0
2026-08-19,MIA@PHI,PHI,8.5,Under,0.923,0.839,0.083,-900,williamhill_us,1,4.22,CONF (statsapi),823424,0.1111,0.0256,False,4,W,0.1111
2026-08-19,NYY@BAL,NYY,2.5,Over,0.789,0.731,0.058,-350,williamhill_us,1,5.33,CONF (statsapi),824801,0.2857,0.0144,False,5,W,0.2857
2026-08-19,NYY@BAL,NYY,2.5,Under,0.211,0.269,-0.058,250,williamhill_us,1,5.33,CONF (statsapi),824801,2.5,-0.2615,False,5,L,-1.0
2026-08-19,NYY@BAL,NYY,3.5,Over,0.667,0.627,0.041,-187,williamhill_us,2,5.33,CONF (statsapi),824801,0.5348,0.0237,False,5,W,0.5348
2026-08-19,NYY@BAL,NYY,3.5,Under,0.333,0.373,-0.041,163,betrivers,2,5.33,CONF (statsapi),824801,1.63,-0.1242,False,5,L,-1.0
2026-08-19,NYY@BAL,NYY,4.5,Over,0.546,0.508,0.037,-113,fanduel,5,5.33,CONF (statsapi),824801,0.885,0.0292,False,5,W,0.885
2026-08-19,NYY@BAL,NYY,4.5,Under,0.454,0.492,-0.037,-106,betrivers,5,5.33,CONF (statsapi),824801,0.9434,-0.1177,False,5,L,-1.0
2026-08-19,NYY@BAL,NYY,5.5,Over,0.428,0.396,0.033,140,betrivers,2,5.33,CONF (statsapi),824801,1.4,0.0272,False,5,L,-1.0
2026-08-19,NYY@BAL,NYY,5.5,Under,0.572,0.604,-0.033,-175,betrivers,2,5.33,CONF (statsapi),824801,0.5714,-0.1011,False,5,W,0.5714
2026-08-19,NYY@BAL,NYY,6.5,Over,0.322,0.303,0.019,210,williamhill_us,1,5.33,CONF (statsapi),824801,2.1,-0.0018,False,5,L,-1.0
2026-08-19,NYY@BAL,NYY,6.5,Under,0.678,0.697,-0.019,-286,williamhill_us,1,5.33,CONF (statsapi),824801,0.3497,-0.0849,False,5,W,0.3497
2026-08-19,NYY@BAL,NYY,7.5,Over,0.237,0.225,0.012,320,williamhill_us,1,5.33,CONF (statsapi),824801,3.2,-0.0046,False,5,L,-1.0
2026-08-19,NYY@BAL,NYY,7.5,Under,0.763,0.775,-0.012,-450,williamhill_us,1,5.33,CONF (statsapi),824801,0.2222,-0.0674,False,5,W,0.2222
2026-08-19,NYY@BAL,NYY,8.5,Over,0.167,0.17,-0.003,450,williamhill_us,1,5.33,CONF (statsapi),824801,4.5,-0.0815,False,5,L,-1.0
2026-08-19,NYY@BAL,NYY,8.5,Under,0.833,0.83,0.003,-800,williamhill_us,1,5.33,CONF (statsapi),824801,0.125,-0.0629,False,5,W,0.125
2026-08-19,NYY@BAL,BAL,2.5,Over,0.702,0.731,-0.029,-350,williamhill_us,1,4.31,CONF (statsapi),824801,0.2857,-0.0974,False,3,W,0.2857
2026-08-19,NYY@BAL,BAL,2.5,Under,0.298,0.269,0.029,250,williamhill_us,1,4.31,CONF (statsapi),824801,2.5,0.043,False,3,L,-1.0
2026-08-19,NYY@BAL,BAL,3.5,Over,0.559,0.605,-0.046,-177,betrivers,2,4.31,CONF (statsapi),824801,0.565,-0.1252,False,3,L,-1.0
2026-08-19,NYY@BAL,BAL,3.5,Under,0.441,0.395,0.046,140,betrivers,2,4.31,CONF (statsapi),824801,1.4,0.0584,False,3,W,1.4
2026-08-19,NYY@BAL,BAL,4.5,Over,0.421,0.469,-0.049,102,fanduel,5,4.31,CONF (statsapi),824801,1.02,-0.1496,False,3,L,-1.0
2026-08-19,NYY@BAL,BAL,4.5,Under,0.579,0.531,0.049,-124,betrivers,5,4.31,CONF (statsapi),824801,0.8065,0.0459,True,3,W,0.8065
2026-08-19,NYY@BAL,BAL,5.5,Over,0.303,0.359,-0.056,170,betrivers,2,4.31,CONF (statsapi),824801,1.7,-0.1819,False,3,L,-1.0
2026-08-19,NYY@BAL,BAL,5.5,Under,0.697,0.641,0.056,-200,williamhill_us,2,4.31,CONF (statsapi),824801,0.5,0.0455,False,3,W,0.5
2026-08-19,NYY@BAL,BAL,6.5,Over,0.208,0.269,-0.061,250,williamhill_us,1,4.31,CONF (statsapi),824801,2.5,-0.272,False,3,L,-1.0
2026-08-19,NYY@BAL,BAL,6.5,Under,0.792,0.731,0.061,-350,williamhill_us,1,4.31,CONF (statsapi),824801,0.2857,0.0183,False,3,W,0.2857
2026-08-19,NYY@BAL,BAL,7.5,Over,0.135,0.197,-0.062,375,williamhill_us,1,4.31,CONF (statsapi),824801,3.75,-0.3587,False,3,L,-1.0
2026-08-19,NYY@BAL,BAL,7.5,Under,0.865,0.803,0.062,-600,williamhill_us,1,4.31,CONF (statsapi),824801,0.1667,0.0092,False,3,W,0.1667
2026-08-19,NYY@BAL,BAL,8.5,Over,0.084,0.143,-0.059,550,williamhill_us,1,4.31,CONF (statsapi),824801,5.5,-0.454,False,3,L,-1.0
2026-08-19,NYY@BAL,BAL,8.5,Under,0.916,0.857,0.059,-1200,williamhill_us,1,4.31,CONF (statsapi),824801,0.0833,-0.0077,False,3,W,0.0833
2026-08-19,SF@CLE,SF,1.5,Over,0.755,0.703,0.052,-286,betrivers,1,3.54,CONF (statsapi),824394,0.3497,0.019,False,1,L,-1.0
2026-08-19,SF@CLE,SF,1.5,Under,0.245,0.297,-0.052,220,betrivers,1,3.54,CONF (statsapi),824394,2.2,-0.216,False,1,W,2.2
2026-08-19,SF@CLE,SF,2.5,Over,0.594,0.534,0.06,-125,fanduel,4,3.54,CONF (statsapi),824394,0.8,0.0692,True,1,L,-1.0
2026-08-19,SF@CLE,SF,2.5,Under,0.406,0.466,-0.06,107,betrivers,4,3.54,CONF (statsapi),824394,1.07,-0.1596,False,1,W,1.07
2026-08-19,SF@CLE,SF,3.5,Over,0.442,0.395,0.048,140,betrivers,1,3.54,CONF (statsapi),824394,1.4,0.0608,False,1,L,-1.0
2026-08-19,SF@CLE,SF,3.5,Under,0.558,0.605,-0.048,-177,betrivers,1,3.54,CONF (statsapi),824394,0.565,-0.1267,False,1,W,0.565
2026-08-19,SF@CLE,CLE,3.5,Over,0.572,0.605,-0.033,-177,betrivers,1,4.42,CONF (statsapi),824394,0.565,-0.1048,False,0,L,-1.0
2026-08-19,SF@CLE,CLE,3.5,Under,0.428,0.395,0.033,140,betrivers,1,4.42,CONF (statsapi),824394,1.4,0.0272,False,0,W,1.4
2026-08-19,SF@CLE,CLE,4.5,Over,0.434,0.457,-0.023,110,fanduel,4,4.42,CONF (statsapi),824394,1.1,-0.0886,False,0,L,-1.0
2026-08-19,SF@CLE,CLE,4.5,Under,0.566,0.543,0.023,-130,betmgm,4,4.42,CONF (statsapi),824394,0.7692,0.0014,False,0,W,0.7692
2026-08-19,SF@CLE,CLE,5.5,Over,0.311,0.339,-0.028,180,betrivers,1,4.42,CONF (statsapi),824394,1.8,-0.1292,False,0,L,-1.0
2026-08-19,SF@CLE,CLE,5.5,Under,0.689,0.661,0.028,-230,betrivers,1,4.42,CONF (statsapi),824394,0.4348,-0.0114,False,0,W,0.4348
2026-08-19,STL@CIN,STL,2.5,Over,0.635,0.656,-0.021,-225,williamhill_us,2,3.88,CONF (statsapi),824476,0.4444,-0.0828,False,4,W,0.4444
2026-08-19,STL@CIN,STL,2.5,Under,0.365,0.344,0.021,175,williamhill_us,2,3.88,CONF (statsapi),824476,1.75,0.0037,False,4,L,-1.0
2026-08-19,STL@CIN,STL,3.5,Over,0.489,0.531,-0.042,-121,betrivers,5,3.88,CONF (statsapi),824476,0.8264,-0.1069,False,4,W,0.8264
2026-08-19,STL@CIN,STL,3.5,Under,0.511,0.469,0.042,105,draftkings,5,3.88,CONF (statsapi),824476,1.05,0.0475,True,4,L,-1.0
2026-08-19,STL@CIN,STL,4.5,Over,0.362,0.403,-0.041,140,betrivers,2,3.88,CONF (statsapi),824476,1.4,-0.1312,False,4,L,-1.0
2026-08-19,STL@CIN,STL,4.5,Under,0.638,0.597,0.041,-167,williamhill_us,2,3.88,CONF (statsapi),824476,0.5988,0.02,False,4,W,0.5988
2026-08-19,STL@CIN,STL,5.5,Over,0.255,0.303,-0.049,210,williamhill_us,1,3.88,CONF (statsapi),824476,2.1,-0.2095,False,4,L,-1.0
2026-08-19,STL@CIN,STL,5.5,Under,0.745,0.697,0.049,-286,williamhill_us,1,3.88,CONF (statsapi),824476,0.3497,0.0055,False,4,W,0.3497
2026-08-19,STL@CIN,STL,6.5,Over,0.169,0.222,-0.053,320,williamhill_us,1,3.88,CONF (statsapi),824476,3.2,-0.2902,False,4,L,-1.0
2026-08-19,STL@CIN,STL,6.5,Under,0.831,0.778,0.053,-500,williamhill_us,1,3.88,CONF (statsapi),824476,0.2,-0.0028,False,4,W,0.2
2026-08-19,STL@CIN,STL,7.5,Over,0.11,0.162,-0.052,480,williamhill_us,1,3.88,CONF (statsapi),824476,4.8,-0.362,False,4,L,-1.0
2026-08-19,STL@CIN,STL,7.5,Under,0.89,0.838,0.052,-800,williamhill_us,1,3.88,CONF (statsapi),824476,0.125,0.0012,False,4,W,0.125
2026-08-19,STL@CIN,STL,8.5,Over,0.068,0.117,-0.049,700,williamhill_us,1,3.88,CONF (statsapi),824476,7.0,-0.456,False,4,L,-1.0
2026-08-19,STL@CIN,STL,8.5,Under,0.932,0.883,0.049,-1600,williamhill_us,1,3.88,CONF (statsapi),824476,0.0625,-0.0097,False,4,W,0.0625
2026-08-19,STL@CIN,CIN,2.5,Over,0.786,0.717,0.069,-333,williamhill_us,1,5.04,CONF (statsapi),824476,0.3003,0.022,False,5,W,0.3003
2026-08-19,STL@CIN,CIN,2.5,Under,0.214,0.283,-0.069,230,williamhill_us,1,5.04,CONF (statsapi),824476,2.3,-0.2938,False,5,L,-1.0
2026-08-19,STL@CIN,CIN,3.5,Over,0.661,0.597,0.063,-167,williamhill_us,2,5.04,CONF (statsapi),824476,0.5988,0.0568,False,5,W,0.5988
2026-08-19,STL@CIN,CIN,3.5,Under,0.339,0.403,-0.063,140,betrivers,2,5.04,CONF (statsapi),824476,1.4,-0.1864,False,5,L,-1.0
2026-08-19,STL@CIN,CIN,4.5,Over,0.521,0.449,0.071,110,draftkings,5,5.04,CONF (statsapi),824476,1.1,0.0941,True,5,W,1.1
2026-08-19,STL@CIN,CIN,4.5,Under,0.479,0.551,-0.071,-132,betrivers,5,5.04,CONF (statsapi),824476,0.7576,-0.1581,False,5,L,-1.0
2026-08-19,STL@CIN,CIN,5.5,Over,0.391,0.344,0.047,180,betrivers,2,5.04,CONF (statsapi),824476,1.8,0.0948,False,5,L,-1.0
2026-08-19,STL@CIN,CIN,5.5,Under,0.609,0.656,-0.047,-225,williamhill_us,2,5.04,CONF (statsapi),824476,0.4444,-0.1203,False,5,W,0.4444
2026-08-19,STL@CIN,CIN,6.5,Over,0.282,0.253,0.029,270,williamhill_us,1,5.04,CONF (statsapi),824476,2.7,0.0434,False,5,L,-1.0
2026-08-19,STL@CIN,CIN,6.5,Under,0.718,0.747,-0.029,-400,williamhill_us,1,5.04,CONF (statsapi),824476,0.25,-0.1025,False,5,W,0.25
2026-08-19,STL@CIN,CIN,7.5,Over,0.193,0.188,0.005,400,williamhill_us,1,5.04,CONF (statsapi),824476,4.0,-0.035,False,5,L,-1.0
2026-08-19,STL@CIN,CIN,7.5,Under,0.807,0.812,-0.005,-650,williamhill_us,1,5.04,CONF (statsapi),824476,0.1538,-0.0688,False,5,W,0.1538
2026-08-19,STL@CIN,CIN,8.5,Over,0.128,0.134,-0.006,600,williamhill_us,1,5.04,CONF (statsapi),824476,6.0,-0.104,False,5,L,-1.0
2026-08-19,STL@CIN,CIN,8.5,Under,0.872,0.866,0.006,-1200,williamhill_us,1,5.04,CONF (statsapi),824476,0.0833,-0.0553,False,5,W,0.0833
2026-08-19,TOR@TB,TOR,1.5,Over,0.706,0.7,0.005,-286,betrivers,1,3.15,CONF (statsapi),822937,0.3497,-0.0471,False,6,W,0.3497
2026-08-19,TOR@TB,TOR,1.5,Under,0.294,0.3,-0.005,215,betrivers,1,3.15,CONF (statsapi),822937,2.15,-0.0739,False,6,L,-1.0
2026-08-19,TOR@TB,TOR,2.5,Over,0.533,0.539,-0.006,-129,betrivers,4,3.15,CONF (statsapi),822937,0.7752,-0.0538,False,6,W,0.7752
2026-08-19,TOR@TB,TOR,2.5,Under,0.467,0.461,0.006,110,betmgm,4,3.15,CONF (statsapi),822937,1.1,-0.0193,False,6,L,-1.0
2026-08-19,TOR@TB,TOR,3.5,Over,0.38,0.387,-0.008,145,betrivers,1,3.15,CONF (statsapi),822937,1.45,-0.069,False,6,W,1.45
2026-08-19,TOR@TB,TOR,3.5,Under,0.62,0.613,0.008,-182,betrivers,1,3.15,CONF (statsapi),822937,0.5495,-0.0393,False,6,L,-1.0
2026-08-19,TOR@TB,TB,3.5,Over,0.67,0.58,0.09,-159,betrivers,1,5.21,CONF (statsapi),822937,0.6289,0.0914,False,7,W,0.6289
2026-08-19,TOR@TB,TB,3.5,Under,0.33,0.42,-0.09,125,betrivers,1,5.21,CONF (statsapi),822937,1.25,-0.2575,False,7,L,-1.0
2026-08-19,TOR@TB,TB,4.5,Over,0.536,0.441,0.096,122,fanduel,4,5.21,CONF (statsapi),822937,1.22,0.1899,True,7,W,1.22
2026-08-19,TOR@TB,TB,4.5,Under,0.464,0.559,-0.096,-140,betmgm,4,5.21,CONF (statsapi),822937,0.7143,-0.2046,False,7,L,-1.0
2026-08-19,TOR@TB,TB,5.5,Over,0.407,0.311,0.096,205,betrivers,1,5.21,CONF (statsapi),822937,2.05,0.2413,False,7,W,2.05
2026-08-19,TOR@TB,TB,5.5,Under,0.593,0.689,-0.096,-265,betrivers,1,5.21,CONF (statsapi),822937,0.3774,-0.1832,False,7,L,-1.0
2026-08-19,ATH@KC,ATH,2.5,Over,0.75,0.641,0.109,-200,williamhill_us,2,4.95,CONF (statsapi),824076,0.5,0.125,False,7,W,0.5
2026-08-19,ATH@KC,ATH,2.5,Under,0.25,0.359,-0.109,170,betrivers,2,4.95,CONF (statsapi),824076,1.7,-0.325,False,7,L,-1.0
2026-08-19,ATH@KC,ATH,3.5,Over,0.626,0.495,0.131,-110,draftkings,5,4.95,CONF (statsapi),824076,0.9091,0.1951,True,7,W,0.9091
2026-08-19,ATH@KC,ATH,3.5,Under,0.374,0.505,-0.131,-108,betrivers,5,4.95,CONF (statsapi),824076,0.9259,-0.2797,False,7,L,-1.0
2026-08-19,ATH@KC,ATH,4.5,Over,0.496,0.377,0.119,150,williamhill_us,2,4.95,CONF (statsapi),824076,1.5,0.24,False,7,W,1.5
2026-08-19,ATH@KC,ATH,4.5,Under,0.504,0.623,-0.119,-190,betrivers,2,4.95,CONF (statsapi),824076,0.5263,-0.2307,False,7,L,-1.0
2026-08-19,ATH@KC,ATH,5.5,Over,0.38,0.283,0.097,230,williamhill_us,1,4.95,CONF (statsapi),824076,2.3,0.254,False,7,W,2.3
2026-08-19,ATH@KC,ATH,5.5,Under,0.62,0.717,-0.097,-333,williamhill_us,1,4.95,CONF (statsapi),824076,0.3003,-0.1938,False,7,L,-1.0
2026-08-19,ATH@KC,ATH,6.5,Over,0.281,0.204,0.077,360,williamhill_us,1,4.95,CONF (statsapi),824076,3.6,0.2926,False,7,W,3.6
2026-08-19,ATH@KC,ATH,6.5,Under,0.719,0.796,-0.077,-550,williamhill_us,1,4.95,CONF (statsapi),824076,0.1818,-0.1503,False,7,L,-1.0
2026-08-19,ATH@KC,ATH,7.5,Over,0.2,0.145,0.055,550,williamhill_us,1,4.95,CONF (statsapi),824076,5.5,0.3,False,7,L,-1.0
2026-08-19,ATH@KC,ATH,7.5,Under,0.8,0.855,-0.055,-1000,williamhill_us,1,4.95,CONF (statsapi),824076,0.1,-0.12,False,7,W,0.1
2026-08-19,ATH@KC,ATH,8.5,Over,0.138,0.11,0.028,750,williamhill_us,1,4.95,CONF (statsapi),824076,7.5,0.173,False,7,L,-1.0
2026-08-19,ATH@KC,ATH,8.5,Under,0.862,0.89,-0.028,-2000,williamhill_us,1,4.95,CONF (statsapi),824076,0.05,-0.0949,False,7,W,0.05
2026-08-19,ATH@KC,KC,2.5,Over,0.822,0.766,0.056,-450,williamhill_us,1,5.5,CONF (statsapi),824076,0.2222,0.0047,False,9,W,0.2222
2026-08-19,ATH@KC,KC,2.5,Under,0.178,0.234,-0.056,300,williamhill_us,1,5.5,CONF (statsapi),824076,3.0,-0.288,False,9,L,-1.0
2026-08-19,ATH@KC,KC,3.5,Over,0.709,0.654,0.056,-225,williamhill_us,2,5.5,CONF (statsapi),824076,0.4444,0.0241,False,9,W,0.4444
2026-08-19,ATH@KC,KC,3.5,Under,0.291,0.346,-0.056,175,betrivers,2,5.5,CONF (statsapi),824076,1.75,-0.1998,False,9,L,-1.0
2026-08-19,ATH@KC,KC,4.5,Over,0.581,0.531,0.05,-124,betrivers,5,5.5,CONF (statsapi),824076,0.8065,0.0495,True,9,W,0.8065
2026-08-19,ATH@KC,KC,4.5,Under,0.419,0.469,-0.05,105,draftkings,5,5.5,CONF (statsapi),824076,1.05,-0.1411,False,9,L,-1.0
2026-08-19,ATH@KC,KC,5.5,Over,0.451,0.407,0.043,135,betrivers,2,5.5,CONF (statsapi),824076,1.35,0.0598,False,9,W,1.35
2026-08-19,ATH@KC,KC,5.5,Under,0.549,0.593,-0.043,-167,williamhill_us,2,5.5,CONF (statsapi),824076,0.5988,-0.1223,False,9,L,-1.0
2026-08-19,ATH@KC,KC,6.5,Over,0.333,0.312,0.02,200,williamhill_us,1,5.5,CONF (statsapi),824076,2.0,-0.001,False,9,W,2.0
2026-08-19,ATH@KC,KC,6.5,Under,0.667,0.688,-0.02,-275,williamhill_us,1,5.5,CONF (statsapi),824076,0.3636,-0.0905,False,9,L,-1.0
2026-08-19,ATH@KC,KC,7.5,Over,0.239,0.225,0.014,320,williamhill_us,1,5.5,CONF (statsapi),824076,3.2,0.0038,False,9,W,3.2
2026-08-19,ATH@KC,KC,7.5,Under,0.761,0.775,-0.014,-450,williamhill_us,1,5.5,CONF (statsapi),824076,0.2222,-0.0699,False,9,L,-1.0
2026-08-19,ATH@KC,KC,8.5,Over,0.167,0.17,-0.002,450,williamhill_us,1,5.5,CONF (statsapi),824076,4.5,-0.0815,False,9,W,4.5
2026-08-19,ATH@KC,KC,8.5,Under,0.833,0.83,0.002,-800,williamhill_us,1,5.5,CONF (statsapi),824076,0.125,-0.0629,False,9,L,-1.0
2026-08-19,SEA@MIL,SEA,2.5,Over,0.67,0.627,0.043,-200,williamhill_us,2,4.16,CONF (statsapi),823748,0.5,0.005,False,7,W,0.5
2026-08-19,SEA@MIL,SEA,2.5,Under,0.33,0.373,-0.043,155,betrivers,2,4.16,CONF (statsapi),823748,1.55,-0.1585,False,7,L,-1.0
2026-08-19,SEA@MIL,SEA,3.5,Over,0.528,0.486,0.042,-104,fanduel,5,4.16,CONF (statsapi),823748,0.9615,0.0357,True,7,W,0.9615
2026-08-19,SEA@MIL,SEA,3.5,Under,0.472,0.514,-0.042,-115,draftkings,5,4.16,CONF (statsapi),823748,0.8696,-0.1176,False,7,L,-1.0
2026-08-19,SEA@MIL,SEA,4.5,Over,0.398,0.362,0.036,165,betrivers,2,4.16,CONF (statsapi),823748,1.65,0.0547,False,7,W,1.65
2026-08-19,SEA@MIL,SEA,4.5,Under,0.602,0.638,-0.036,-200,williamhill_us,2,4.16,CONF (statsapi),823748,0.5,-0.097,False,7,L,-1.0
2026-08-19,SEA@MIL,SEA,5.5,Over,0.288,0.269,0.02,250,williamhill_us,1,4.16,CONF (statsapi),823748,2.5,0.008,False,7,W,2.5
2026-08-19,SEA@MIL,SEA,5.5,Under,0.712,0.731,-0.02,-350,williamhill_us,1,4.16,CONF (statsapi),823748,0.2857,-0.0846,False,7,L,-1.0
2026-08-19,SEA@MIL,SEA,6.5,Over,0.199,0.196,0.004,380,williamhill_us,1,4.16,CONF (statsapi),823748,3.8,-0.0448,False,7,W,3.8
2026-08-19,SEA@MIL,SEA,6.5,Under,0.801,0.804,-0.004,-600,williamhill_us,1,4.16,CONF (statsapi),823748,0.1667,-0.0655,False,7,L,-1.0
2026-08-19,SEA@MIL,SEA,7.5,Over,0.131,0.134,-0.003,600,williamhill_us,1,4.16,CONF (statsapi),823748,6.0,-0.083,False,7,L,-1.0
2026-08-19,SEA@MIL,SEA,7.5,Under,0.869,0.866,0.003,-1200,williamhill_us,1,4.16,CONF (statsapi),823748,0.0833,-0.0586,False,7,W,0.0833
2026-08-19,SEA@MIL,SEA,8.5,Over,0.084,0.104,-0.019,800,williamhill_us,1,4.16,CONF (statsapi),823748,8.0,-0.244,False,7,L,-1.0
2026-08-19,SEA@MIL,SEA,8.5,Under,0.916,0.896,0.019,-2500,williamhill_us,1,4.16,CONF (statsapi),823748,0.04,-0.0474,False,7,W,0.04
2026-08-19,SEA@MIL,MIL,2.5,Over,0.697,0.668,0.028,-240,betrivers,2,4.18,CONF (statsapi),823748,0.4167,-0.0126,False,5,W,0.4167
2026-08-19,SEA@MIL,MIL,2.5,Under,0.303,0.332,-0.028,188,betrivers,2,4.18,CONF (statsapi),823748,1.88,-0.1274,False,5,L,-1.0
2026-08-19,SEA@MIL,MIL,3.5,Over,0.544,0.518,0.027,-120,draftkings,5,4.18,CONF (statsapi),823748,0.8333,-0.0027,False,5,W,0.8333
2026-08-19,SEA@MIL,MIL,3.5,Under,0.456,0.482,-0.027,100,williamhill_us,5,4.18,CONF (statsapi),823748,1.0,-0.088,False,5,L,-1.0
2026-08-19,SEA@MIL,MIL,4.5,Over,0.396,0.389,0.008,145,betrivers,2,4.18,CONF (statsapi),823748,1.45,-0.0298,False,5,W,1.45
2026-08-19,SEA@MIL,MIL,4.5,Under,0.604,0.611,-0.008,-182,betrivers,2,4.18,CONF (statsapi),823748,0.5495,-0.0641,False,5,L,-1.0
2026-08-19,SEA@MIL,MIL,5.5,Over,0.277,0.277,0.001,240,williamhill_us,1,4.18,CONF (statsapi),823748,2.4,-0.0582,False,5,L,-1.0
2026-08-19,SEA@MIL,MIL,5.5,Under,0.723,0.723,-0.001,-333,williamhill_us,1,4.18,CONF (statsapi),823748,0.3003,-0.0599,False,5,W,0.3003
2026-08-19,SEA@MIL,MIL,6.5,Over,0.183,0.197,-0.014,375,williamhill_us,1,4.18,CONF (statsapi),823748,3.75,-0.1308,False,5,L,-1.0
2026-08-19,SEA@MIL,MIL,6.5,Under,0.817,0.803,0.014,-600,williamhill_us,1,4.18,CONF (statsapi),823748,0.1667,-0.0468,False,5,W,0.1667
2026-08-19,SEA@MIL,MIL,7.5,Over,0.119,0.145,-0.026,550,williamhill_us,1,4.18,CONF (statsapi),823748,5.5,-0.2265,False,5,L,-1.0
2026-08-19,SEA@MIL,MIL,7.5,Under,0.881,0.855,0.026,-1000,williamhill_us,1,4.18,CONF (statsapi),823748,0.1,-0.0309,False,5,W,0.1
2026-08-19,SEA@MIL,MIL,8.5,Over,0.074,0.104,-0.029,800,williamhill_us,1,4.18,CONF (statsapi),823748,8.0,-0.334,False,5,L,-1.0
2026-08-19,SEA@MIL,MIL,8.5,Under,0.926,0.896,0.029,-2500,williamhill_us,1,4.18,CONF (statsapi),823748,0.04,-0.037,False,5,W,0.04
2026-08-19,WSH@TEX,WSH,2.5,Over,0.774,0.637,0.137,-200,williamhill_us,2,5.13,CONF (statsapi),822860,0.5,0.161,False,6,W,0.5
2026-08-19,WSH@TEX,WSH,2.5,Under,0.226,0.363,-0.137,163,betrivers,2,5.13,CONF (statsapi),822860,1.63,-0.4056,False,6,L,-1.0
2026-08-19,WSH@TEX,WSH,3.5,Over,0.652,0.505,0.147,-108,betrivers,5,5.13,CONF (statsapi),822860,0.9259,0.2557,True,6,W,0.9259
2026-08-19,WSH@TEX,WSH,3.5,Under,0.348,0.495,-0.147,-110,draftkings,5,5.13,CONF (statsapi),822860,0.9091,-0.3356,False,6,L,-1.0
2026-08-19,WSH@TEX,WSH,4.5,Over,0.525,0.373,0.152,163,betrivers,2,5.13,CONF (statsapi),822860,1.63,0.3807,False,6,W,1.63
2026-08-19,WSH@TEX,WSH,4.5,Under,0.475,0.627,-0.152,-187,williamhill_us,2,5.13,CONF (statsapi),822860,0.5348,-0.271,False,6,L,-1.0
2026-08-19,WSH@TEX,WSH,5.5,Over,0.406,0.283,0.123,230,williamhill_us,1,5.13,CONF (statsapi),822860,2.3,0.3398,False,6,W,2.3
2026-08-19,WSH@TEX,WSH,5.5,Under,0.594,0.717,-0.123,-333,williamhill_us,1,5.13,CONF (statsapi),822860,0.3003,-0.2276,False,6,L,-1.0
2026-08-19,WSH@TEX,WSH,6.5,Over,0.303,0.204,0.099,360,williamhill_us,1,5.13,CONF (statsapi),822860,3.6,0.3938,False,6,L,-1.0
2026-08-19,WSH@TEX,WSH,6.5,Under,0.697,0.796,-0.099,-550,williamhill_us,1,5.13,CONF (statsapi),822860,0.1818,-0.1763,False,6,W,0.1818
2026-08-19,WSH@TEX,WSH,7.5,Over,0.213,0.145,0.068,550,williamhill_us,1,5.13,CONF (statsapi),822860,5.5,0.3845,False,6,L,-1.0
2026-08-19,WSH@TEX,WSH,7.5,Under,0.787,0.855,-0.068,-1000,williamhill_us,1,5.13,CONF (statsapi),822860,0.1,-0.1343,False,6,W,0.1
2026-08-19,WSH@TEX,WSH,8.5,Over,0.15,0.11,0.04,750,williamhill_us,1,5.13,CONF (statsapi),822860,7.5,0.275,False,6,L,-1.0
2026-08-19,WSH@TEX,WSH,8.5,Under,0.85,0.89,-0.04,-2000,williamhill_us,1,5.13,CONF (statsapi),822860,0.05,-0.1075,False,6,W,0.05
2026-08-19,WSH@TEX,TEX,2.5,Over,0.717,0.683,0.034,-250,williamhill_us,2,4.41,CONF (statsapi),822860,0.4,0.0038,False,0,L,-1.0
2026-08-19,WSH@TEX,TEX,2.5,Under,0.283,0.317,-0.034,210,betrivers,2,4.41,CONF (statsapi),822860,2.1,-0.1227,False,0,W,2.1
2026-08-19,WSH@TEX,TEX,3.5,Over,0.575,0.541,0.034,-128,fanduel,5,4.41,CONF (statsapi),822860,0.7812,0.0242,False,0,L,-1.0
2026-08-19,WSH@TEX,TEX,3.5,Under,0.425,0.459,-0.034,112,betrivers,5,4.41,CONF (statsapi),822860,1.12,-0.099,False,0,W,1.12
2026-08-19,WSH@TEX,TEX,4.5,Over,0.438,0.409,0.028,130,betrivers,2,4.41,CONF (statsapi),822860,1.3,0.0074,False,0,L,-1.0
2026-08-19,WSH@TEX,TEX,4.5,Under,0.562,0.591,-0.028,-162,betrivers,2,4.41,CONF (statsapi),822860,0.6173,-0.0911,False,0,W,0.6173
2026-08-19,WSH@TEX,TEX,5.5,Over,0.313,0.301,0.013,210,williamhill_us,1,4.41,CONF (statsapi),822860,2.1,-0.0297,False,0,L,-1.0
2026-08-19,WSH@TEX,TEX,5.5,Under,0.687,0.699,-0.013,-300,williamhill_us,1,4.41,CONF (statsapi),822860,0.3333,-0.084,False,0,W,0.3333
2026-08-19,WSH@TEX,TEX,6.5,Over,0.215,0.217,-0.002,333,williamhill_us,1,4.41,CONF (statsapi),822860,3.33,-0.069,False,0,L,-1.0
2026-08-19,WSH@TEX,TEX,6.5,Under,0.785,0.783,0.002,-500,williamhill_us,1,4.41,CONF (statsapi),822860,0.2,-0.058,False,0,W,0.2
2026-08-19,WSH@TEX,TEX,7.5,Over,0.143,0.156,-0.013,500,williamhill_us,1,4.41,CONF (statsapi),822860,5.0,-0.142,False,0,L,-1.0
2026-08-19,WSH@TEX,TEX,7.5,Under,0.857,0.844,0.013,-900,williamhill_us,1,4.41,CONF (statsapi),822860,0.1111,-0.0478,False,0,W,0.1111
2026-08-19,WSH@TEX,TEX,8.5,Over,0.087,0.11,-0.023,750,williamhill_us,1,4.41,CONF (statsapi),822860,7.5,-0.2605,False,0,L,-1.0
2026-08-19,WSH@TEX,TEX,8.5,Under,0.913,0.89,0.023,-2000,williamhill_us,1,4.41,CONF (statsapi),822860,0.05,-0.0413,False,0,W,0.05
2026-08-19,LAA@HOU,LAA,2.5,Over,0.7,0.66,0.041,-225,williamhill_us,2,4.4,CONF (statsapi),824155,0.4444,0.0111,False,2,L,-1.0
2026-08-19,LAA@HOU,LAA,2.5,Under,0.3,0.34,-0.041,185,betrivers,2,4.4,CONF (statsapi),824155,1.85,-0.145,False,2,W,1.85
2026-08-19,LAA@HOU,LAA,3.5,Over,0.564,0.524,0.04,-122,betrivers,5,4.4,CONF (statsapi),824155,0.8197,0.0263,False,2,L,-1.0
2026-08-19,LAA@HOU,LAA,3.5,Under,0.436,0.476,-0.04,100,betrivers,5,4.4,CONF (statsapi),824155,1.0,-0.128,False,2,W,1.0
2026-08-19,LAA@HOU,LAA,4.5,Over,0.433,0.391,0.041,145,betrivers,2,4.4,CONF (statsapi),824155,1.45,0.0609,False,2,L,-1.0
2026-08-19,LAA@HOU,LAA,4.5,Under,0.567,0.609,-0.041,-182,williamhill_us,2,4.4,CONF (statsapi),824155,0.5495,-0.1215,False,2,W,0.5495
2026-08-19,LAA@HOU,LAA,5.5,Over,0.316,0.294,0.022,220,williamhill_us,1,4.4,CONF (statsapi),824155,2.2,0.0112,False,2,L,-1.0
2026-08-19,LAA@HOU,LAA,5.5,Under,0.684,0.706,-0.022,-300,williamhill_us,1,4.4,CONF (statsapi),824155,0.3333,-0.088,False,2,W,0.3333
2026-08-19,LAA@HOU,LAA,6.5,Over,0.221,0.217,0.004,333,williamhill_us,1,4.4,CONF (statsapi),824155,3.33,-0.0431,False,2,L,-1.0
2026-08-19,LAA@HOU,LAA,6.5,Under,0.779,0.783,-0.004,-500,williamhill_us,1,4.4,CONF (statsapi),824155,0.2,-0.0652,False,2,W,0.2
2026-08-19,LAA@HOU,LAA,7.5,Over,0.149,0.161,-0.012,480,williamhill_us,1,4.4,CONF (statsapi),824155,4.8,-0.1358,False,2,L,-1.0
2026-08-19,LAA@HOU,LAA,7.5,Under,0.851,0.839,0.012,-900,williamhill_us,1,4.4,CONF (statsapi),824155,0.1111,-0.0544,False,2,W,0.1111
2026-08-19,LAA@HOU,LAA,8.5,Over,0.098,0.116,-0.018,700,williamhill_us,1,4.4,CONF (statsapi),824155,7.0,-0.216,False,2,L,-1.0
2026-08-19,LAA@HOU,LAA,8.5,Under,0.902,0.884,0.018,-2000,williamhill_us,1,4.4,CONF (statsapi),824155,0.05,-0.0529,False,2,W,0.05
2026-08-19,LAA@HOU,HOU,2.5,Over,0.681,0.731,-0.05,-350,williamhill_us,1,4.14,CONF (statsapi),824155,0.2857,-0.1244,False,3,W,0.2857
2026-08-19,LAA@HOU,HOU,2.5,Under,0.319,0.269,0.05,250,williamhill_us,1,4.14,CONF (statsapi),824155,2.5,0.1165,False,3,L,-1.0
2026-08-19,LAA@HOU,HOU,3.5,Over,0.532,0.616,-0.084,-187,williamhill_us,2,4.14,CONF (statsapi),824155,0.5348,-0.1835,False,3,L,-1.0
2026-08-19,LAA@HOU,HOU,3.5,Under,0.468,0.384,0.084,150,betrivers,2,4.14,CONF (statsapi),824155,1.5,0.17,False,3,W,1.5
2026-08-19,LAA@HOU,HOU,4.5,Over,0.392,0.48,-0.088,-102,fanduel,5,4.14,CONF (statsapi),824155,0.9804,-0.2237,False,3,L,-1.0
2026-08-19,LAA@HOU,HOU,4.5,Under,0.608,0.52,0.088,-114,betrivers,5,4.14,CONF (statsapi),824155,0.8772,0.1413,True,3,W,0.8772
2026-08-19,LAA@HOU,HOU,5.5,Over,0.278,0.371,-0.093,160,williamhill_us,2,4.14,CONF (statsapi),824155,1.6,-0.2772,False,3,L,-1.0
2026-08-19,LAA@HOU,HOU,5.5,Under,0.722,0.629,0.093,-195,betrivers,2,4.14,CONF (statsapi),824155,0.5128,0.0923,False,3,W,0.5128
2026-08-19,LAA@HOU,HOU,6.5,Over,0.189,0.269,-0.079,250,williamhill_us,1,4.14,CONF (statsapi),824155,2.5,-0.3385,False,3,L,-1.0
2026-08-19,LAA@HOU,HOU,6.5,Under,0.811,0.731,0.079,-350,williamhill_us,1,4.14,CONF (statsapi),824155,0.2857,0.0427,False,3,W,0.2857
2026-08-19,LAA@HOU,HOU,7.5,Over,0.122,0.197,-0.075,375,williamhill_us,1,4.14,CONF (statsapi),824155,3.75,-0.4205,False,3,L,-1.0
2026-08-19,LAA@HOU,HOU,7.5,Under,0.878,0.803,0.075,-600,williamhill_us,1,4.14,CONF (statsapi),824155,0.1667,0.0243,False,3,W,0.1667
2026-08-19,LAA@HOU,HOU,8.5,Over,0.077,0.143,-0.066,550,williamhill_us,1,4.14,CONF (statsapi),824155,5.5,-0.4995,False,3,L,-1.0
2026-08-19,LAA@HOU,HOU,8.5,Under,0.923,0.857,0.066,-1200,williamhill_us,1,4.14,CONF (statsapi),824155,0.0833,-0.0001,False,3,W,0.0833
2026-08-19,LAD@COL,LAD,2.5,Over,0.86,0.855,0.004,-1000,williamhill_us,1,6.32,Expected Lineup,824318,0.1,-0.054,False,6,W,0.1
2026-08-19,LAD@COL,LAD,2.5,Under,0.14,0.145,-0.004,550,williamhill_us,1,6.32,Expected Lineup,824318,5.5,-0.09,False,6,L,-1.0
2026-08-19,LAD@COL,LAD,3.5,Over,0.767,0.778,-0.01,-500,williamhill_us,1,6.32,Expected Lineup,824318,0.2,-0.0796,False,6,W,0.2
2026-08-19,LAD@COL,LAD,3.5,Under,0.233,0.222,0.01,320,williamhill_us,1,6.32,Expected Lineup,824318,3.2,-0.0214,False,6,L,-1.0
2026-08-19,LAD@COL,LAD,4.5,Over,0.659,0.688,-0.029,-275,williamhill_us,1,6.32,Expected Lineup,824318,0.3636,-0.1014,False,6,W,0.3636
2026-08-19,LAD@COL,LAD,4.5,Under,0.341,0.312,0.029,200,williamhill_us,1,6.32,Expected Lineup,824318,2.0,0.023,False,6,L,-1.0
2026-08-19,LAD@COL,LAD,5.5,Over,0.544,0.594,-0.05,-175,williamhill_us,1,6.32,Expected Lineup,824318,0.5714,-0.1451,False,6,W,0.5714
2026-08-19,LAD@COL,LAD,5.5,Under,0.456,0.406,0.05,130,williamhill_us,1,6.32,Expected Lineup,824318,1.3,0.0488,False,6,L,-1.0
2026-08-19,LAD@COL,LAD,6.5,Over,0.434,0.492,-0.057,-106,fanduel,5,6.32,Expected Lineup,824318,0.9434,-0.1566,False,6,L,-1.0
2026-08-19,LAD@COL,LAD,6.5,Under,0.566,0.508,0.057,-115,draftkings,5,6.32,Expected Lineup,824318,0.8696,0.0582,True,6,W,0.8696
2026-08-19,LAD@COL,LAD,7.5,Over,0.332,0.399,-0.067,137,williamhill_us,1,6.32,Expected Lineup,824318,1.37,-0.2132,False,6,L,-1.0
2026-08-19,LAD@COL,LAD,7.5,Under,0.668,0.601,0.067,-175,williamhill_us,1,6.32,Expected Lineup,824318,0.5714,0.0497,False,6,W,0.5714
2026-08-19,LAD@COL,LAD,8.5,Over,0.246,0.326,-0.079,190,williamhill_us,1,6.32,Expected Lineup,824318,1.9,-0.2866,False,6,L,-1.0
2026-08-19,LAD@COL,LAD,8.5,Under,0.754,0.674,0.079,-250,williamhill_us,1,6.32,Expected Lineup,824318,0.4,0.0556,False,6,W,0.4
2026-08-19,LAD@COL,COL,2.5,Over,0.764,0.737,0.027,-350,williamhill_us,1,4.83,Expected Lineup,824318,0.2857,-0.0177,False,4,W,0.2857
2026-08-19,LAD@COL,COL,2.5,Under,0.236,0.263,-0.027,260,williamhill_us,1,4.83,Expected Lineup,824318,2.6,-0.1504,False,4,L,-1.0
2026-08-19,LAD@COL,COL,3.5,Over,0.631,0.615,0.016,-187,williamhill_us,1,4.83,Expected Lineup,824318,0.5348,-0.0316,False,4,W,0.5348
2026-08-19,LAD@COL,COL,3.5,Under,0.369,0.385,-0.016,145,williamhill_us,1,4.83,Expected Lineup,824318,1.45,-0.0959,False,4,L,-1.0
2026-08-19,LAD@COL,COL,4.5,Over,0.497,0.499,-0.002,-106,fanduel,5,4.83,Expected Lineup,824318,0.9434,-0.0341,False,4,L,-1.0
2026-08-19,LAD@COL,COL,4.5,Under,0.503,0.501,0.002,-105,betmgm,5,4.83,Expected Lineup,824318,0.9524,-0.018,False,4,W,0.9524
2026-08-19,LAD@COL,COL,5.5,Over,0.369,0.38,-0.01,145,williamhill_us,1,4.83,Expected Lineup,824318,1.45,-0.0959,False,4,L,-1.0
2026-08-19,LAD@COL,COL,5.5,Under,0.631,0.62,0.01,-200,williamhill_us,1,4.83,Expected Lineup,824318,0.5,-0.0535,False,4,W,0.5
2026-08-19,LAD@COL,COL,6.5,Over,0.263,0.283,-0.02,230,williamhill_us,1,4.83,Expected Lineup,824318,2.3,-0.1321,False,4,L,-1.0
2026-08-19,LAD@COL,COL,6.5,Under,0.737,0.717,0.02,-333,williamhill_us,1,4.83,Expected Lineup,824318,0.3003,-0.0417,False,4,W,0.3003
2026-08-19,LAD@COL,COL,7.5,Over,0.178,0.217,-0.039,333,williamhill_us,1,4.83,Expected Lineup,824318,3.33,-0.2293,False,4,L,-1.0
2026-08-19,LAD@COL,COL,7.5,Under,0.822,0.783,0.039,-500,williamhill_us,1,4.83,Expected Lineup,824318,0.2,-0.0136,False,4,W,0.2
2026-08-19,LAD@COL,COL,8.5,Over,0.116,0.161,-0.045,480,williamhill_us,1,4.83,Expected Lineup,824318,4.8,-0.3272,False,4,L,-1.0
2026-08-19,LAD@COL,COL,8.5,Under,0.884,0.839,0.045,-900,williamhill_us,1,4.83,Expected Lineup,824318,0.1111,-0.0178,False,4,W,0.1111
