date,game,team,line,side,p_model,p_mkt,edge,price,book,nb,mean,lineup,game_pk,pay,ev,on_board
2026-08-20,STL@CIN,STL,2.5,Over,0.794,0.714,0.079,-333,williamhill_us,1,5.36,CONF (statsapi),824474,0.3003,0.0324,False
2026-08-20,STL@CIN,STL,2.5,Under,0.206,0.286,-0.079,225,williamhill_us,1,5.36,CONF (statsapi),824474,2.25,-0.3305,False
2026-08-20,STL@CIN,STL,3.5,Over,0.674,0.603,0.071,-175,williamhill_us,2,5.36,CONF (statsapi),824474,0.5714,0.0591,False
2026-08-20,STL@CIN,STL,3.5,Under,0.326,0.397,-0.071,145,betrivers,2,5.36,CONF (statsapi),824474,1.45,-0.2013,False
2026-08-20,STL@CIN,STL,4.5,Over,0.553,0.482,0.07,100,williamhill_us,5,5.36,CONF (statsapi),824474,1.0,0.106,True
2026-08-20,STL@CIN,STL,4.5,Under,0.447,0.518,-0.07,-114,betrivers,5,5.36,CONF (statsapi),824474,0.8772,-0.1609,False
2026-08-20,STL@CIN,STL,5.5,Over,0.431,0.377,0.055,160,williamhill_us,2,5.36,CONF (statsapi),824474,1.6,0.1206,False
2026-08-20,STL@CIN,STL,5.5,Under,0.569,0.623,-0.055,-182,betrivers,2,5.36,CONF (statsapi),824474,0.5495,-0.1184,False
2026-08-20,STL@CIN,STL,6.5,Over,0.325,0.283,0.042,230,williamhill_us,1,5.36,CONF (statsapi),824474,2.3,0.0725,False
2026-08-20,STL@CIN,STL,6.5,Under,0.675,0.717,-0.042,-333,williamhill_us,1,5.36,CONF (statsapi),824474,0.3003,-0.1223,False
2026-08-20,STL@CIN,STL,7.5,Over,0.233,0.212,0.021,340,williamhill_us,1,5.36,CONF (statsapi),824474,3.4,0.0252,False
2026-08-20,STL@CIN,STL,7.5,Under,0.767,0.788,-0.021,-550,williamhill_us,1,5.36,CONF (statsapi),824474,0.1818,-0.0935,False
2026-08-20,STL@CIN,STL,8.5,Over,0.166,0.155,0.012,500,williamhill_us,1,5.36,CONF (statsapi),824474,5.0,-0.004,False
2026-08-20,STL@CIN,STL,8.5,Under,0.834,0.845,-0.012,-1000,williamhill_us,1,5.36,CONF (statsapi),824474,0.1,-0.0826,False
2026-08-20,STL@CIN,CIN,2.5,Over,0.683,0.699,-0.016,-300,williamhill_us,1,4.09,CONF (statsapi),824474,0.3333,-0.0893,False
2026-08-20,STL@CIN,CIN,2.5,Under,0.317,0.301,0.016,210,williamhill_us,1,4.09,CONF (statsapi),824474,2.1,-0.0173,False
2026-08-20,STL@CIN,CIN,3.5,Over,0.53,0.577,-0.048,-154,williamhill_us,2,4.09,CONF (statsapi),824474,0.6494,-0.1258,False
2026-08-20,STL@CIN,CIN,3.5,Under,0.47,0.423,0.048,128,betrivers,2,4.09,CONF (statsapi),824474,1.28,0.0716,False
2026-08-20,STL@CIN,CIN,4.5,Over,0.391,0.437,-0.046,120,draftkings,5,4.09,CONF (statsapi),824474,1.2,-0.1398,False
2026-08-20,STL@CIN,CIN,4.5,Under,0.609,0.563,0.046,-139,betrivers,5,4.09,CONF (statsapi),824474,0.7194,0.0471,True
2026-08-20,STL@CIN,CIN,5.5,Over,0.272,0.332,-0.06,188,betrivers,2,4.09,CONF (statsapi),824474,1.88,-0.2166,False
2026-08-20,STL@CIN,CIN,5.5,Under,0.728,0.668,0.06,-240,betrivers,2,4.09,CONF (statsapi),824474,0.4167,0.0313,False
2026-08-20,STL@CIN,CIN,6.5,Over,0.178,0.243,-0.065,290,williamhill_us,1,4.09,CONF (statsapi),824474,2.9,-0.3058,False
2026-08-20,STL@CIN,CIN,6.5,Under,0.822,0.757,0.065,-400,williamhill_us,1,4.09,CONF (statsapi),824474,0.25,0.0275,False
2026-08-20,STL@CIN,CIN,7.5,Over,0.112,0.172,-0.06,450,williamhill_us,1,4.09,CONF (statsapi),824474,4.5,-0.384,False
2026-08-20,STL@CIN,CIN,7.5,Under,0.888,0.828,0.06,-700,williamhill_us,1,4.09,CONF (statsapi),824474,0.1429,0.0149,False
2026-08-20,STL@CIN,CIN,8.5,Over,0.067,0.125,-0.058,650,williamhill_us,1,4.09,CONF (statsapi),824474,6.5,-0.4975,False
2026-08-20,STL@CIN,CIN,8.5,Under,0.933,0.875,0.058,-1400,williamhill_us,1,4.09,CONF (statsapi),824474,0.0714,-0.0004,False
2026-08-20,SF@CLE,SF,1.5,Over,0.809,0.689,0.12,-265,betrivers,1,4.02,CONF (statsapi),824395,0.3774,0.1143,False
2026-08-20,SF@CLE,SF,1.5,Under,0.191,0.311,-0.12,205,betrivers,1,4.02,CONF (statsapi),824395,2.05,-0.4174,False
2026-08-20,SF@CLE,SF,2.5,Over,0.664,0.519,0.145,-113,fanduel,4,4.02,CONF (statsapi),824395,0.885,0.2516,True
2026-08-20,SF@CLE,SF,2.5,Under,0.336,0.481,-0.145,100,betrivers,4,4.02,CONF (statsapi),824395,1.0,-0.328,False
2026-08-20,SF@CLE,SF,3.5,Over,0.517,0.372,0.144,155,betrivers,1,4.02,CONF (statsapi),824395,1.55,0.3183,False
2026-08-20,SF@CLE,SF,3.5,Under,0.483,0.628,-0.144,-195,betrivers,1,4.02,CONF (statsapi),824395,0.5128,-0.2693,False
2026-08-20,SF@CLE,CLE,2.5,Over,0.668,0.689,-0.021,-265,betrivers,1,4.01,CONF (statsapi),824395,0.3774,-0.0799,False
2026-08-20,SF@CLE,CLE,2.5,Under,0.332,0.311,0.021,205,betrivers,1,4.01,CONF (statsapi),824395,2.05,0.0126,False
2026-08-20,SF@CLE,CLE,3.5,Over,0.517,0.551,-0.033,-136,betrivers,4,4.01,CONF (statsapi),824395,0.7353,-0.1029,False
2026-08-20,SF@CLE,CLE,3.5,Under,0.483,0.449,0.033,114,draftkings,4,4.01,CONF (statsapi),824395,1.14,0.0336,True
2026-08-20,SF@CLE,CLE,4.5,Over,0.377,0.408,-0.031,133,betrivers,1,4.01,CONF (statsapi),824395,1.33,-0.1216,False
2026-08-20,SF@CLE,CLE,4.5,Under,0.623,0.592,0.031,-165,betrivers,1,4.01,CONF (statsapi),824395,0.6061,0.0006,False
2026-08-20,TOR@TB,TOR,2.5,Over,0.593,0.575,0.018,-154,fanduel,3,3.57,CONF (statsapi),822934,0.6494,-0.0219,False
2026-08-20,TOR@TB,TOR,2.5,Under,0.407,0.425,-0.018,128,betrivers,3,3.57,CONF (statsapi),822934,1.28,-0.072,False
2026-08-20,TOR@TB,TOR,3.5,Over,0.44,0.437,0.003,123,betrivers,4,3.57,CONF (statsapi),822934,1.23,-0.0188,False
2026-08-20,TOR@TB,TOR,3.5,Under,0.56,0.563,-0.003,-145,draftkings,4,3.57,CONF (statsapi),822934,0.6897,-0.0538,False
2026-08-20,TOR@TB,TOR,4.5,Over,0.317,0.306,0.011,215,betrivers,2,3.57,CONF (statsapi),822934,2.15,-0.0015,False
2026-08-20,TOR@TB,TOR,4.5,Under,0.683,0.694,-0.011,-275,williamhill_us,2,3.57,CONF (statsapi),822934,0.3636,-0.0686,False
2026-08-20,TOR@TB,TOR,5.5,Over,0.214,0.222,-0.008,320,williamhill_us,1,3.57,CONF (statsapi),822934,3.2,-0.1012,False
2026-08-20,TOR@TB,TOR,5.5,Under,0.786,0.778,0.008,-500,williamhill_us,1,3.57,CONF (statsapi),822934,0.2,-0.0568,False
2026-08-20,TOR@TB,TOR,6.5,Over,0.14,0.161,-0.021,480,williamhill_us,1,3.57,CONF (statsapi),822934,4.8,-0.188,False
2026-08-20,TOR@TB,TOR,6.5,Under,0.861,0.839,0.021,-900,williamhill_us,1,3.57,CONF (statsapi),822934,0.1111,-0.0433,False
2026-08-20,TOR@TB,TOR,7.5,Over,0.088,0.117,-0.029,700,williamhill_us,1,3.57,CONF (statsapi),822934,7.0,-0.296,False
2026-08-20,TOR@TB,TOR,7.5,Under,0.912,0.883,0.029,-1600,williamhill_us,1,3.57,CONF (statsapi),822934,0.0625,-0.031,False
2026-08-20,TOR@TB,TOR,8.5,Over,0.051,0.085,-0.034,1000,williamhill_us,1,3.57,CONF (statsapi),822934,10.0,-0.439,False
2026-08-20,TOR@TB,TOR,8.5,Under,0.949,0.915,0.034,-4000,williamhill_us,1,3.57,CONF (statsapi),822934,0.025,-0.0273,False
2026-08-20,TOR@TB,TB,2.5,Over,0.793,0.695,0.097,-275,williamhill_us,2,5.12,CONF (statsapi),822934,0.3636,0.0814,False
2026-08-20,TOR@TB,TB,2.5,Under,0.207,0.305,-0.097,220,betrivers,2,5.12,CONF (statsapi),822934,2.2,-0.3376,False
2026-08-20,TOR@TB,TB,3.5,Over,0.662,0.55,0.112,-136,fanduel,5,5.12,CONF (statsapi),822934,0.7353,0.1488,True
2026-08-20,TOR@TB,TB,3.5,Under,0.338,0.45,-0.112,112,betrivers,5,5.12,CONF (statsapi),822934,1.12,-0.2834,False
2026-08-20,TOR@TB,TB,4.5,Over,0.523,0.407,0.115,135,betrivers,2,5.12,CONF (statsapi),822934,1.35,0.2291,False
2026-08-20,TOR@TB,TB,4.5,Under,0.477,0.593,-0.115,-167,williamhill_us,2,5.12,CONF (statsapi),822934,0.5988,-0.2374,False
2026-08-20,TOR@TB,TB,5.5,Over,0.398,0.294,0.104,220,williamhill_us,1,5.12,CONF (statsapi),822934,2.2,0.2736,False
2026-08-20,TOR@TB,TB,5.5,Under,0.602,0.706,-0.104,-300,williamhill_us,1,5.12,CONF (statsapi),822934,0.3333,-0.1973,False
2026-08-20,TOR@TB,TB,6.5,Over,0.288,0.214,0.074,340,williamhill_us,1,5.12,CONF (statsapi),822934,3.4,0.2672,False
2026-08-20,TOR@TB,TB,6.5,Under,0.712,0.786,-0.074,-500,williamhill_us,1,5.12,CONF (statsapi),822934,0.2,-0.1456,False
2026-08-20,TOR@TB,TB,7.5,Over,0.203,0.156,0.047,500,williamhill_us,1,5.12,CONF (statsapi),822934,5.0,0.218,False
2026-08-20,TOR@TB,TB,7.5,Under,0.797,0.844,-0.047,-900,williamhill_us,1,5.12,CONF (statsapi),822934,0.1111,-0.1144,False
2026-08-20,TOR@TB,TB,8.5,Over,0.14,0.11,0.03,750,williamhill_us,1,5.12,CONF (statsapi),822934,7.5,0.19,False
2026-08-20,TOR@TB,TB,8.5,Under,0.86,0.89,-0.03,-2000,williamhill_us,1,5.12,CONF (statsapi),822934,0.05,-0.097,False
2026-08-20,ATH@KC,ATH,2.5,Over,0.66,0.654,0.007,-225,williamhill_us,2,4.09,CONF (statsapi),824074,0.4444,-0.0467,False
2026-08-20,ATH@KC,ATH,2.5,Under,0.34,0.346,-0.007,175,betrivers,2,4.09,CONF (statsapi),824074,1.75,-0.065,False
2026-08-20,ATH@KC,ATH,3.5,Over,0.517,0.529,-0.012,-120,betrivers,5,4.09,CONF (statsapi),824074,0.8333,-0.0522,False
2026-08-20,ATH@KC,ATH,3.5,Under,0.483,0.471,0.012,100,fanduel,5,4.09,CONF (statsapi),824074,1.0,-0.034,False
2026-08-20,ATH@KC,ATH,4.5,Over,0.387,0.394,-0.006,145,betrivers,2,4.09,CONF (statsapi),824074,1.45,-0.0518,False
2026-08-20,ATH@KC,ATH,4.5,Under,0.613,0.606,0.006,-175,williamhill_us,2,4.09,CONF (statsapi),824074,0.5714,-0.0367,False
2026-08-20,ATH@KC,ATH,5.5,Over,0.28,0.301,-0.021,210,williamhill_us,1,4.09,CONF (statsapi),824074,2.1,-0.132,False
2026-08-20,ATH@KC,ATH,5.5,Under,0.72,0.699,0.021,-300,williamhill_us,1,4.09,CONF (statsapi),824074,0.3333,-0.04,False
2026-08-20,ATH@KC,ATH,6.5,Over,0.194,0.217,-0.023,333,williamhill_us,1,4.09,CONF (statsapi),824074,3.33,-0.16,False
2026-08-20,ATH@KC,ATH,6.5,Under,0.806,0.783,0.023,-500,williamhill_us,1,4.09,CONF (statsapi),824074,0.2,-0.0328,False
2026-08-20,ATH@KC,ATH,7.5,Over,0.126,0.161,-0.035,480,williamhill_us,1,4.09,CONF (statsapi),824074,4.8,-0.2692,False
2026-08-20,ATH@KC,ATH,7.5,Under,0.874,0.839,0.035,-900,williamhill_us,1,4.09,CONF (statsapi),824074,0.1111,-0.0289,False
2026-08-20,ATH@KC,ATH,8.5,Over,0.083,0.117,-0.034,700,williamhill_us,1,4.09,CONF (statsapi),824074,7.0,-0.336,False
2026-08-20,ATH@KC,ATH,8.5,Under,0.917,0.883,0.034,-1600,williamhill_us,1,4.09,CONF (statsapi),824074,0.0625,-0.0257,False
2026-08-20,ATH@KC,KC,2.5,Over,0.783,0.706,0.077,-300,williamhill_us,1,5.06,CONF (statsapi),824074,0.3333,0.044,False
2026-08-20,ATH@KC,KC,2.5,Under,0.217,0.294,-0.077,220,williamhill_us,1,5.06,CONF (statsapi),824074,2.2,-0.3056,False
2026-08-20,ATH@KC,KC,3.5,Over,0.652,0.584,0.068,-162,williamhill_us,2,5.06,CONF (statsapi),824074,0.6173,0.0545,False
2026-08-20,ATH@KC,KC,3.5,Under,0.348,0.416,-0.068,132,betrivers,2,5.06,CONF (statsapi),824074,1.32,-0.1926,False
2026-08-20,ATH@KC,KC,4.5,Over,0.518,0.437,0.081,118,fanduel,5,5.06,CONF (statsapi),824074,1.18,0.1292,True
2026-08-20,ATH@KC,KC,4.5,Under,0.482,0.563,-0.081,-134,betrivers,5,5.06,CONF (statsapi),824074,0.7463,-0.1583,False
2026-08-20,ATH@KC,KC,5.5,Over,0.392,0.333,0.059,185,betrivers,2,5.06,CONF (statsapi),824074,1.85,0.1172,False
2026-08-20,ATH@KC,KC,5.5,Under,0.608,0.667,-0.059,-235,betrivers,2,5.06,CONF (statsapi),824074,0.4255,-0.1333,False
2026-08-20,ATH@KC,KC,6.5,Over,0.284,0.243,0.041,290,williamhill_us,1,5.06,CONF (statsapi),824074,2.9,0.1076,False
2026-08-20,ATH@KC,KC,6.5,Under,0.716,0.757,-0.041,-400,williamhill_us,1,5.06,CONF (statsapi),824074,0.25,-0.105,False
2026-08-20,ATH@KC,KC,7.5,Over,0.199,0.172,0.027,450,williamhill_us,1,5.06,CONF (statsapi),824074,4.5,0.0945,False
2026-08-20,ATH@KC,KC,7.5,Under,0.801,0.828,-0.027,-700,williamhill_us,1,5.06,CONF (statsapi),824074,0.1429,-0.0846,False
2026-08-20,ATH@KC,KC,8.5,Over,0.137,0.125,0.012,650,williamhill_us,1,5.06,CONF (statsapi),824074,6.5,0.0275,False
2026-08-20,ATH@KC,KC,8.5,Under,0.863,0.875,-0.012,-1400,williamhill_us,1,5.06,CONF (statsapi),824074,0.0714,-0.0754,False
2026-08-20,ATL@CWS,ATL,2.5,Over,0.749,0.706,0.043,-300,williamhill_us,1,4.9,CONF (statsapi),824589,0.3333,-0.0013,False
2026-08-20,ATL@CWS,ATL,2.5,Under,0.251,0.294,-0.043,220,williamhill_us,1,4.9,CONF (statsapi),824589,2.2,-0.1968,False
2026-08-20,ATL@CWS,ATL,3.5,Over,0.622,0.588,0.034,-165,betrivers,2,4.9,CONF (statsapi),824589,0.6061,-0.001,False
2026-08-20,ATL@CWS,ATL,3.5,Under,0.378,0.412,-0.034,132,betrivers,2,4.9,CONF (statsapi),824589,1.32,-0.123,False
2026-08-20,ATL@CWS,ATL,4.5,Over,0.494,0.459,0.035,108,fanduel,5,4.9,CONF (statsapi),824589,1.08,0.0275,False
2026-08-20,ATL@CWS,ATL,4.5,Under,0.506,0.541,-0.035,-133,williamhill_us,5,4.9,CONF (statsapi),824589,0.7519,-0.1135,False
2026-08-20,ATL@CWS,ATL,5.5,Over,0.38,0.347,0.033,180,betrivers,2,4.9,CONF (statsapi),824589,1.8,0.064,False
2026-08-20,ATL@CWS,ATL,5.5,Under,0.62,0.653,-0.033,-225,williamhill_us,2,4.9,CONF (statsapi),824589,0.4444,-0.1044,False
2026-08-20,ATL@CWS,ATL,6.5,Over,0.28,0.269,0.011,250,williamhill_us,1,4.9,CONF (statsapi),824589,2.5,-0.02,False
2026-08-20,ATL@CWS,ATL,6.5,Under,0.72,0.731,-0.011,-350,williamhill_us,1,4.9,CONF (statsapi),824589,0.2857,-0.0743,False
2026-08-20,ATL@CWS,ATL,7.5,Over,0.195,0.197,-0.002,375,williamhill_us,1,4.9,CONF (statsapi),824589,3.75,-0.0737,False
2026-08-20,ATL@CWS,ATL,7.5,Under,0.805,0.803,0.002,-600,williamhill_us,1,4.9,CONF (statsapi),824589,0.1667,-0.0608,False
2026-08-20,ATL@CWS,ATL,8.5,Over,0.134,0.143,-0.009,550,williamhill_us,1,4.9,CONF (statsapi),824589,5.5,-0.129,False
2026-08-20,ATL@CWS,ATL,8.5,Under,0.866,0.857,0.009,-1200,williamhill_us,1,4.9,CONF (statsapi),824589,0.0833,-0.0618,False
2026-08-20,ATL@CWS,CWS,2.5,Over,0.759,0.697,0.063,-286,williamhill_us,1,4.83,CONF (statsapi),824589,0.3497,0.0244,False
2026-08-20,ATL@CWS,CWS,2.5,Under,0.241,0.303,-0.063,210,williamhill_us,1,4.83,CONF (statsapi),824589,2.1,-0.2529,False
2026-08-20,ATL@CWS,CWS,3.5,Over,0.627,0.569,0.058,-150,williamhill_us,3,4.83,CONF (statsapi),824589,0.6667,0.045,False
2026-08-20,ATL@CWS,CWS,3.5,Under,0.373,0.431,-0.058,120,fanduel,3,4.83,CONF (statsapi),824589,1.2,-0.1794,False
2026-08-20,ATL@CWS,CWS,4.5,Over,0.495,0.436,0.059,120,williamhill_us,4,4.83,CONF (statsapi),824589,1.2,0.089,True
2026-08-20,ATL@CWS,CWS,4.5,Under,0.505,0.564,-0.059,-145,draftkings,4,4.83,CONF (statsapi),824589,0.6897,-0.1467,False
2026-08-20,ATL@CWS,CWS,5.5,Over,0.369,0.322,0.047,200,betrivers,2,4.83,CONF (statsapi),824589,2.0,0.107,False
2026-08-20,ATL@CWS,CWS,5.5,Under,0.631,0.678,-0.047,-250,williamhill_us,2,4.83,CONF (statsapi),824589,0.4,-0.1166,False
2026-08-20,ATL@CWS,CWS,6.5,Over,0.262,0.234,0.028,300,williamhill_us,1,4.83,CONF (statsapi),824589,3.0,0.048,False
2026-08-20,ATL@CWS,CWS,6.5,Under,0.738,0.766,-0.028,-450,williamhill_us,1,4.83,CONF (statsapi),824589,0.2222,-0.098,False
2026-08-20,ATL@CWS,CWS,7.5,Over,0.179,0.17,0.009,450,williamhill_us,1,4.83,CONF (statsapi),824589,4.5,-0.0155,False
2026-08-20,ATL@CWS,CWS,7.5,Under,0.821,0.83,-0.009,-800,williamhill_us,1,4.83,CONF (statsapi),824589,0.125,-0.0764,False
2026-08-20,ATL@CWS,CWS,8.5,Over,0.117,0.124,-0.007,650,williamhill_us,1,4.83,CONF (statsapi),824589,6.5,-0.1225,False
2026-08-20,ATL@CWS,CWS,8.5,Under,0.883,0.876,0.007,-1600,williamhill_us,1,4.83,CONF (statsapi),824589,0.0625,-0.0618,False
2026-08-20,SEA@MIL,SEA,2.5,Over,0.718,0.646,0.073,-215,betrivers,2,4.58,CONF (statsapi),823747,0.4651,0.052,False
2026-08-20,SEA@MIL,SEA,2.5,Under,0.282,0.354,-0.073,170,betrivers,2,4.58,CONF (statsapi),823747,1.7,-0.2386,False
2026-08-20,SEA@MIL,SEA,3.5,Over,0.585,0.508,0.077,-113,fanduel,5,4.58,CONF (statsapi),823747,0.885,0.1027,True
2026-08-20,SEA@MIL,SEA,3.5,Under,0.415,0.492,-0.077,-109,betrivers,5,4.58,CONF (statsapi),823747,0.9174,-0.2043,False
2026-08-20,SEA@MIL,SEA,4.5,Over,0.456,0.379,0.077,155,betrivers,2,4.58,CONF (statsapi),823747,1.55,0.1628,False
2026-08-20,SEA@MIL,SEA,4.5,Under,0.544,0.621,-0.077,-187,williamhill_us,2,4.58,CONF (statsapi),823747,0.5348,-0.1651,False
2026-08-20,SEA@MIL,SEA,5.5,Over,0.339,0.286,0.053,225,williamhill_us,1,4.58,CONF (statsapi),823747,2.25,0.1018,False
2026-08-20,SEA@MIL,SEA,5.5,Under,0.661,0.714,-0.053,-333,williamhill_us,1,4.58,CONF (statsapi),823747,0.3003,-0.1405,False
2026-08-20,SEA@MIL,SEA,6.5,Over,0.243,0.208,0.035,350,williamhill_us,1,4.58,CONF (statsapi),823747,3.5,0.0935,False
2026-08-20,SEA@MIL,SEA,6.5,Under,0.757,0.792,-0.035,-550,williamhill_us,1,4.58,CONF (statsapi),823747,0.1818,-0.1054,False
2026-08-20,SEA@MIL,SEA,7.5,Over,0.167,0.146,0.021,550,williamhill_us,1,4.58,CONF (statsapi),823747,5.5,0.0855,False
2026-08-20,SEA@MIL,SEA,7.5,Under,0.834,0.854,-0.021,-900,williamhill_us,1,4.58,CONF (statsapi),823747,0.1111,-0.0733,False
2026-08-20,SEA@MIL,SEA,8.5,Over,0.107,0.11,-0.003,750,williamhill_us,1,4.58,CONF (statsapi),823747,7.5,-0.0905,False
2026-08-20,SEA@MIL,SEA,8.5,Under,0.893,0.89,0.003,-2000,williamhill_us,1,4.58,CONF (statsapi),823747,0.05,-0.0623,False
2026-08-20,SEA@MIL,MIL,2.5,Over,0.777,0.696,0.081,-278,betrivers,2,4.97,CONF (statsapi),823747,0.3597,0.0565,False
2026-08-20,SEA@MIL,MIL,2.5,Under,0.223,0.304,-0.081,210,williamhill_us,2,4.97,CONF (statsapi),823747,2.1,-0.3087,False
2026-08-20,SEA@MIL,MIL,3.5,Over,0.645,0.553,0.092,-132,fanduel,5,4.97,CONF (statsapi),823747,0.7576,0.1336,True
2026-08-20,SEA@MIL,MIL,3.5,Under,0.355,0.447,-0.092,115,betmgm,5,4.97,CONF (statsapi),823747,1.15,-0.2368,False
2026-08-20,SEA@MIL,MIL,4.5,Over,0.505,0.416,0.089,132,betrivers,2,4.97,CONF (statsapi),823747,1.32,0.1716,False
2026-08-20,SEA@MIL,MIL,4.5,Under,0.495,0.584,-0.089,-162,williamhill_us,2,4.97,CONF (statsapi),823747,0.6173,-0.1994,False
2026-08-20,SEA@MIL,MIL,5.5,Over,0.38,0.312,0.067,200,williamhill_us,1,4.97,CONF (statsapi),823747,2.0,0.14,False
2026-08-20,SEA@MIL,MIL,5.5,Under,0.62,0.688,-0.067,-275,williamhill_us,1,4.97,CONF (statsapi),823747,0.3636,-0.1545,False
2026-08-20,SEA@MIL,MIL,6.5,Over,0.274,0.225,0.049,320,williamhill_us,1,4.97,CONF (statsapi),823747,3.2,0.1508,False
2026-08-20,SEA@MIL,MIL,6.5,Under,0.726,0.775,-0.049,-450,williamhill_us,1,4.97,CONF (statsapi),823747,0.2222,-0.1127,False
2026-08-20,SEA@MIL,MIL,7.5,Over,0.191,0.162,0.029,480,williamhill_us,1,4.97,CONF (statsapi),823747,4.8,0.1078,False
2026-08-20,SEA@MIL,MIL,7.5,Under,0.809,0.838,-0.029,-800,williamhill_us,1,4.97,CONF (statsapi),823747,0.125,-0.0899,False
2026-08-20,SEA@MIL,MIL,8.5,Over,0.128,0.117,0.011,700,williamhill_us,1,4.97,CONF (statsapi),823747,7.0,0.024,False
2026-08-20,SEA@MIL,MIL,8.5,Under,0.872,0.883,-0.011,-1600,williamhill_us,1,4.97,CONF (statsapi),823747,0.0625,-0.0735,False
2026-08-20,NYY@BAL,NYY,2.5,Over,0.73,0.667,0.063,-250,williamhill_us,1,4.62,Expected Lineup,824802,0.4,0.022,False
2026-08-20,NYY@BAL,NYY,2.5,Under,0.27,0.333,-0.063,180,williamhill_us,1,4.62,Expected Lineup,824802,1.8,-0.244,False
2026-08-20,NYY@BAL,NYY,3.5,Over,0.596,0.551,0.045,-133,williamhill_us,5,4.62,Expected Lineup,824802,0.7519,0.0441,True
2026-08-20,NYY@BAL,NYY,3.5,Under,0.404,0.449,-0.045,112,betrivers,5,4.62,Expected Lineup,824802,1.12,-0.1435,False
2026-08-20,NYY@BAL,NYY,4.5,Over,0.461,0.425,0.036,125,williamhill_us,2,4.62,Expected Lineup,824802,1.25,0.0373,False
2026-08-20,NYY@BAL,NYY,4.5,Under,0.539,0.575,-0.036,-150,betrivers,2,4.62,Expected Lineup,824802,0.6667,-0.1017,False
2026-08-20,NYY@BAL,NYY,5.5,Over,0.34,0.322,0.018,200,williamhill_us,2,4.62,Expected Lineup,824802,2.0,0.02,False
2026-08-20,NYY@BAL,NYY,5.5,Under,0.66,0.678,-0.018,-245,betrivers,2,4.62,Expected Lineup,824802,0.4082,-0.0706,False
2026-08-20,NYY@BAL,NYY,6.5,Over,0.243,0.225,0.017,320,williamhill_us,1,4.62,Expected Lineup,824802,3.2,0.0206,False
2026-08-20,NYY@BAL,NYY,6.5,Under,0.757,0.775,-0.017,-450,williamhill_us,1,4.62,Expected Lineup,824802,0.2222,-0.0748,False
2026-08-20,NYY@BAL,NYY,7.5,Over,0.167,0.17,-0.003,450,williamhill_us,1,4.62,Expected Lineup,824802,4.5,-0.0815,False
2026-08-20,NYY@BAL,NYY,7.5,Under,0.833,0.83,0.003,-800,williamhill_us,1,4.62,Expected Lineup,824802,0.125,-0.0629,False
2026-08-20,NYY@BAL,NYY,8.5,Over,0.108,0.125,-0.017,650,williamhill_us,1,4.62,Expected Lineup,824802,6.5,-0.19,False
2026-08-20,NYY@BAL,NYY,8.5,Under,0.892,0.875,0.017,-1400,williamhill_us,1,4.62,Expected Lineup,824802,0.0714,-0.0443,False
2026-08-20,NYY@BAL,BAL,2.5,Over,0.655,0.641,0.015,-200,betrivers,2,3.85,Expected Lineup,824802,0.5,-0.0175,False
2026-08-20,NYY@BAL,BAL,2.5,Under,0.345,0.359,-0.015,170,williamhill_us,2,3.85,Expected Lineup,824802,1.7,-0.0685,False
2026-08-20,NYY@BAL,BAL,3.5,Over,0.495,0.496,-0.001,-110,betrivers,5,3.85,Expected Lineup,824802,0.9091,-0.055,False
2026-08-20,NYY@BAL,BAL,3.5,Under,0.505,0.504,0.001,-110,williamhill_us,5,3.85,Expected Lineup,824802,0.9091,-0.0359,False
2026-08-20,NYY@BAL,BAL,4.5,Over,0.355,0.369,-0.014,160,betrivers,2,3.85,Expected Lineup,824802,1.6,-0.077,False
2026-08-20,NYY@BAL,BAL,4.5,Under,0.645,0.631,0.014,-200,williamhill_us,2,3.85,Expected Lineup,824802,0.5,-0.0325,False
2026-08-20,NYY@BAL,BAL,5.5,Over,0.238,0.269,-0.031,250,williamhill_us,1,3.85,Expected Lineup,824802,2.5,-0.167,False
2026-08-20,NYY@BAL,BAL,5.5,Under,0.762,0.731,0.031,-350,williamhill_us,1,3.85,Expected Lineup,824802,0.2857,-0.0203,False
2026-08-20,NYY@BAL,BAL,6.5,Over,0.151,0.188,-0.036,400,williamhill_us,1,3.85,Expected Lineup,824802,4.0,-0.245,False
2026-08-20,NYY@BAL,BAL,6.5,Under,0.849,0.812,0.036,-650,williamhill_us,1,3.85,Expected Lineup,824802,0.1538,-0.0204,False
2026-08-20,NYY@BAL,BAL,7.5,Over,0.093,0.134,-0.041,600,williamhill_us,1,3.85,Expected Lineup,824802,6.0,-0.349,False
2026-08-20,NYY@BAL,BAL,7.5,Under,0.907,0.866,0.041,-1200,williamhill_us,1,3.85,Expected Lineup,824802,0.0833,-0.0174,False
2026-08-20,NYY@BAL,BAL,8.5,Over,0.055,0.099,-0.043,850,williamhill_us,1,3.85,Expected Lineup,824802,8.5,-0.4775,False
2026-08-20,NYY@BAL,BAL,8.5,Under,0.945,0.901,0.043,-2500,williamhill_us,1,3.85,Expected Lineup,824802,0.04,-0.0172,False
2026-08-20,WSH@TEX,WSH,2.5,Over,0.674,0.594,0.081,-167,williamhill_us,2,4.08,Expected Lineup,822861,0.5988,0.0776,False
2026-08-20,WSH@TEX,WSH,2.5,Under,0.326,0.406,-0.081,133,betrivers,2,4.08,Expected Lineup,822861,1.33,-0.2404,False
2026-08-20,WSH@TEX,WSH,3.5,Over,0.524,0.446,0.079,120,fanduel,5,4.08,Expected Lineup,822861,1.2,0.1528,True
2026-08-20,WSH@TEX,WSH,3.5,Under,0.476,0.554,-0.079,-135,draftkings,5,4.08,Expected Lineup,822861,0.7407,-0.1714,False
2026-08-20,WSH@TEX,WSH,4.5,Over,0.388,0.333,0.055,187,williamhill_us,2,4.08,Expected Lineup,822861,1.87,0.1136,False
2026-08-20,WSH@TEX,WSH,4.5,Under,0.612,0.667,-0.055,-235,betrivers,2,4.08,Expected Lineup,822861,0.4255,-0.1276,False
2026-08-20,WSH@TEX,WSH,5.5,Over,0.273,0.234,0.039,300,williamhill_us,1,4.08,Expected Lineup,822861,3.0,0.092,False
2026-08-20,WSH@TEX,WSH,5.5,Under,0.727,0.766,-0.039,-450,williamhill_us,1,4.08,Expected Lineup,822861,0.2222,-0.1114,False
2026-08-20,WSH@TEX,WSH,6.5,Over,0.184,0.162,0.022,480,williamhill_us,1,4.08,Expected Lineup,822861,4.8,0.0672,False
2026-08-20,WSH@TEX,WSH,6.5,Under,0.816,0.838,-0.022,-800,williamhill_us,1,4.08,Expected Lineup,822861,0.125,-0.082,False
2026-08-20,WSH@TEX,WSH,7.5,Over,0.119,0.117,0.002,700,williamhill_us,1,4.08,Expected Lineup,822861,7.0,-0.048,False
2026-08-20,WSH@TEX,WSH,7.5,Under,0.881,0.883,-0.002,-1600,williamhill_us,1,4.08,Expected Lineup,822861,0.0625,-0.0639,False
2026-08-20,WSH@TEX,WSH,8.5,Over,0.074,0.085,-0.012,1000,williamhill_us,1,4.08,Expected Lineup,822861,10.0,-0.186,False
2026-08-20,WSH@TEX,WSH,8.5,Under,0.926,0.915,0.012,-4000,williamhill_us,1,4.08,Expected Lineup,822861,0.025,-0.0509,False
2026-08-20,WSH@TEX,TEX,2.5,Over,0.685,0.709,-0.024,-300,williamhill_us,1,4.17,Expected Lineup,822861,0.3333,-0.0867,False
2026-08-20,WSH@TEX,TEX,2.5,Under,0.315,0.291,0.024,225,williamhill_us,1,4.17,Expected Lineup,822861,2.25,0.0237,False
2026-08-20,WSH@TEX,TEX,3.5,Over,0.537,0.573,-0.036,-150,betrivers,3,4.17,Expected Lineup,822861,0.6667,-0.105,False
2026-08-20,WSH@TEX,TEX,3.5,Under,0.463,0.427,0.036,122,fanduel,3,4.17,Expected Lineup,822861,1.22,0.0279,False
2026-08-20,WSH@TEX,TEX,4.5,Over,0.401,0.447,-0.046,117,betrivers,4,4.17,Expected Lineup,822861,1.17,-0.1298,False
2026-08-20,WSH@TEX,TEX,4.5,Under,0.599,0.553,0.046,-140,draftkings,4,4.17,Expected Lineup,822861,0.7143,0.0269,False
2026-08-20,WSH@TEX,TEX,5.5,Over,0.281,0.328,-0.046,190,betrivers,2,4.17,Expected Lineup,822861,1.9,-0.1851,False
2026-08-20,WSH@TEX,TEX,5.5,Under,0.719,0.672,0.046,-250,williamhill_us,2,4.17,Expected Lineup,822861,0.4,0.0066,False
2026-08-20,WSH@TEX,TEX,6.5,Over,0.188,0.239,-0.05,290,williamhill_us,1,4.17,Expected Lineup,822861,2.9,-0.2668,False
2026-08-20,WSH@TEX,TEX,6.5,Under,0.812,0.761,0.05,-450,williamhill_us,1,4.17,Expected Lineup,822861,0.2222,-0.0076,False
2026-08-20,WSH@TEX,TEX,7.5,Over,0.123,0.172,-0.049,450,williamhill_us,1,4.17,Expected Lineup,822861,4.5,-0.3235,False
2026-08-20,WSH@TEX,TEX,7.5,Under,0.877,0.828,0.049,-700,williamhill_us,1,4.17,Expected Lineup,822861,0.1429,0.0023,False
2026-08-20,WSH@TEX,TEX,8.5,Over,0.077,0.125,-0.048,650,williamhill_us,1,4.17,Expected Lineup,822861,6.5,-0.4225,False
2026-08-20,WSH@TEX,TEX,8.5,Under,0.923,0.875,0.048,-1400,williamhill_us,1,4.17,Expected Lineup,822861,0.0714,-0.0111,False
2026-08-20,LAA@HOU,LAA,2.5,Over,0.614,0.62,-0.006,-200,williamhill_us,1,3.74,Expected Lineup,824153,0.5,-0.079,False
2026-08-20,LAA@HOU,LAA,2.5,Under,0.386,0.38,0.006,145,williamhill_us,1,3.74,Expected Lineup,824153,1.45,-0.0543,False
2026-08-20,LAA@HOU,LAA,3.5,Over,0.468,0.481,-0.013,-103,betrivers,5,3.74,Expected Lineup,824153,0.9709,-0.0776,False
2026-08-20,LAA@HOU,LAA,3.5,Under,0.532,0.519,0.013,-120,draftkings,5,3.74,Expected Lineup,824153,0.8333,-0.0247,False
2026-08-20,LAA@HOU,LAA,4.5,Over,0.34,0.357,-0.017,160,williamhill_us,1,3.74,Expected Lineup,824153,1.6,-0.116,False
2026-08-20,LAA@HOU,LAA,4.5,Under,0.66,0.643,0.017,-225,williamhill_us,1,3.74,Expected Lineup,824153,0.4444,-0.0467,False
2026-08-20,LAA@HOU,LAA,5.5,Over,0.236,0.269,-0.032,250,williamhill_us,1,3.74,Expected Lineup,824153,2.5,-0.174,False
2026-08-20,LAA@HOU,LAA,5.5,Under,0.764,0.731,0.032,-350,williamhill_us,1,3.74,Expected Lineup,824153,0.2857,-0.0177,False
2026-08-20,LAA@HOU,LAA,6.5,Over,0.158,0.197,-0.039,375,williamhill_us,1,3.74,Expected Lineup,824153,3.75,-0.2495,False
2026-08-20,LAA@HOU,LAA,6.5,Under,0.842,0.803,0.039,-600,williamhill_us,1,3.74,Expected Lineup,824153,0.1667,-0.0177,False
2026-08-20,LAA@HOU,LAA,7.5,Over,0.102,0.134,-0.032,600,williamhill_us,1,3.74,Expected Lineup,824153,6.0,-0.286,False
2026-08-20,LAA@HOU,LAA,7.5,Under,0.898,0.866,0.032,-1200,williamhill_us,1,3.74,Expected Lineup,824153,0.0833,-0.0272,False
2026-08-20,LAA@HOU,LAA,8.5,Over,0.064,0.104,-0.04,800,williamhill_us,1,3.74,Expected Lineup,824153,8.0,-0.424,False
2026-08-20,LAA@HOU,LAA,8.5,Under,0.936,0.896,0.04,-2500,williamhill_us,1,3.74,Expected Lineup,824153,0.04,-0.0266,False
2026-08-20,LAA@HOU,HOU,2.5,Over,0.815,0.75,0.065,-400,williamhill_us,1,5.4,Expected Lineup,824153,0.25,0.0187,False
2026-08-20,LAA@HOU,HOU,2.5,Under,0.185,0.25,-0.065,275,williamhill_us,1,5.4,Expected Lineup,824153,2.75,-0.3062,False
2026-08-20,LAA@HOU,HOU,3.5,Over,0.694,0.634,0.06,-200,williamhill_us,1,5.4,Expected Lineup,824153,0.5,0.041,False
2026-08-20,LAA@HOU,HOU,3.5,Under,0.306,0.366,-0.06,160,williamhill_us,1,5.4,Expected Lineup,824153,1.6,-0.2044,False
2026-08-20,LAA@HOU,HOU,4.5,Over,0.559,0.505,0.054,-106,fanduel,5,5.4,Expected Lineup,824153,0.9434,0.0864,True
2026-08-20,LAA@HOU,HOU,4.5,Under,0.441,0.495,-0.054,-110,williamhill_us,5,5.4,Expected Lineup,824153,0.9091,-0.1581,False
2026-08-20,LAA@HOU,HOU,5.5,Over,0.431,0.39,0.041,140,williamhill_us,1,5.4,Expected Lineup,824153,1.4,0.0344,False
2026-08-20,LAA@HOU,HOU,5.5,Under,0.569,0.61,-0.041,-187,williamhill_us,1,5.4,Expected Lineup,824153,0.5348,-0.1267,False
2026-08-20,LAA@HOU,HOU,6.5,Over,0.319,0.294,0.024,220,williamhill_us,1,5.4,Expected Lineup,824153,2.2,0.0208,False
2026-08-20,LAA@HOU,HOU,6.5,Under,0.681,0.706,-0.024,-300,williamhill_us,1,5.4,Expected Lineup,824153,0.3333,-0.092,False
2026-08-20,LAA@HOU,HOU,7.5,Over,0.231,0.217,0.014,333,williamhill_us,1,5.4,Expected Lineup,824153,3.33,0.0002,False
2026-08-20,LAA@HOU,HOU,7.5,Under,0.769,0.783,-0.014,-500,williamhill_us,1,5.4,Expected Lineup,824153,0.2,-0.0772,False
2026-08-20,LAA@HOU,HOU,8.5,Over,0.16,0.156,0.004,500,williamhill_us,1,5.4,Expected Lineup,824153,5.0,-0.04,False
2026-08-20,LAA@HOU,HOU,8.5,Under,0.84,0.844,-0.004,-900,williamhill_us,1,5.4,Expected Lineup,824153,0.1111,-0.0667,False
