market,name,team,opp,slot,src,line,p_model,p_mkt,edge,best_price,book,nbooks,date,player_id,game_pk,on_board
TB,JJ Wetherholt,STL,CIN,1,Expected Lineup,1.5,0.3506,0.4472897196261682,-0.096725592591411,115,fanatics,5,2026-08-17,802139,824514,False
HRR,JJ Wetherholt,STL,CIN,1,Expected Lineup,1.5,0.5522,0.5953846153846154,-0.04320487823302421,-160,betmgm,1,2026-08-17,802139,824514,False
TB,Ivan Herrera,STL,CIN,2,Expected Lineup,1.5,0.3643,0.48,-0.1157081301986913,105,fanatics,5,2026-08-17,671056,824514,False
HRR,Ivan Herrera,STL,CIN,2,Expected Lineup,2.5,0.3205,0.45619047619047615,-0.13565774428989708,110,betmgm,1,2026-08-17,671056,824514,False
TB,Alec Burleson,STL,CIN,3,Expected Lineup,1.5,0.4715,0.5015311004784688,-0.029986661193111996,110,betmgm,5,2026-08-17,676475,824514,False
HRR,Alec Burleson,STL,CIN,3,Expected Lineup,2.5,0.4286,0.46780487804878046,-0.039206555931313336,105,betmgm,1,2026-08-17,676475,824514,False
TB,Jordan Walker,STL,CIN,4,Expected Lineup,1.5,0.4374,0.5148837209302325,-0.0775330108174841,105,fanatics,5,2026-08-17,691023,824514,False
HRR,Jordan Walker,STL,CIN,4,Expected Lineup,2.5,0.4043,0.48,-0.07566563782133462,100,betmgm,1,2026-08-17,691023,824514,False
TB,Joshua Baez,STL,CIN,5,Expected Lineup,1.5,0.3871,0.4345454545454545,-0.04748760181587225,130,fanatics,5,2026-08-17,695491,824514,False
HRR,Joshua Baez,STL,CIN,5,Expected Lineup,1.5,0.5379,0.58,-0.042123899867788195,-150,betmgm,1,2026-08-17,695491,824514,False
TB,Nathan Church,STL,CIN,6,Expected Lineup,1.5,0.3162,0.38,-0.06378021488158608,150,fanatics,1,2026-08-17,701675,824514,False
TB,Masyn Winn,STL,CIN,7,Expected Lineup,1.5,0.2728,0.41478260869565214,-0.14194969717261247,145,fanatics,5,2026-08-17,691026,824514,False
HRR,Masyn Winn,STL,CIN,7,Expected Lineup,1.5,0.4304,0.554468085106383,-0.12410158309945774,-135,betmgm,1,2026-08-17,691026,824514,False
TB,Jose Fermin,STL,CIN,9,Expected Lineup,1.5,0.2724,0.39666666666666667,-0.12424676465808465,185,fanatics,3,2026-08-17,665877,824514,False
TB,Elly De La Cruz,CIN,STL,1,statsapi,1.5,0.4416,0.4451162790697674,-0.003524212206755306,120,betmgm,7,2026-08-17,682829,824514,False
HRR,Elly De La Cruz,CIN,STL,1,statsapi,1.5,0.6079,0.568477366255144,0.03937377361629735,-140,draftkings,3,2026-08-17,682829,824514,False
TB,Sal Stewart,CIN,STL,2,statsapi,1.5,0.4184,0.4654368932038835,-0.047068562631643385,110,betmgm,7,2026-08-17,701398,824514,False
HRR,Sal Stewart,CIN,STL,2,statsapi,1.5,0.6037,0.568477366255144,0.03527230916935309,-140,draftkings,3,2026-08-17,701398,824514,False
TB,Tyler Stephenson,CIN,STL,3,statsapi,1.5,0.379,0.420562833575934,-0.04157767317967237,145,draftkings,6,2026-08-17,663886,824514,False
HRR,Tyler Stephenson,CIN,STL,3,statsapi,1.5,0.5281,0.5105164319248826,0.01754356841182869,-107,draftkings,3,2026-08-17,663886,824514,False
TB,Eugenio Suárez,CIN,STL,4,statsapi,1.5,0.3547,0.40197097836731055,-0.04726339329881668,145,fanatics,4,2026-08-17,553993,824514,False
HRR,Eugenio Suárez,CIN,STL,4,statsapi,1.5,0.4794,0.48495049504950494,-0.005600292720062128,100,betmgm,3,2026-08-17,553993,824514,False
TB,Dane Myers,CIN,STL,5,statsapi,1.5,0.3351,0.369936150805716,-0.0348475416886464,170,fanatics,4,2026-08-17,667472,824514,False
HRR,Dane Myers,CIN,STL,5,statsapi,1.5,0.4953,0.48,0.015281024159093493,100,williamhill_us,3,2026-08-17,667472,824514,False
TB,Michael Toglia,CIN,STL,6,statsapi,1.5,0.3371,0.3686792452830189,-0.031595988581888446,165,betmgm,2,2026-08-17,669911,824514,False
HRR,Michael Toglia,CIN,STL,6,statsapi,1.5,0.4823,0.48,0.002253033150830197,100,betmgm,1,2026-08-17,669911,824514,False
TB,Matt McLain,CIN,STL,7,statsapi,1.5,0.289,0.3219053185271771,-0.032932147382585764,201,draftkings,4,2026-08-17,680574,824514,False
HRR,Matt McLain,CIN,STL,7,statsapi,1.5,0.4117,0.4443395819866408,-0.03263106433818075,128,draftkings,4,2026-08-17,680574,824514,False
TB,Noelvi Marte,CIN,STL,8,statsapi,1.5,0.2826,0.3472506738544474,-0.06466625992715119,191,draftkings,4,2026-08-17,682622,824514,False
HRR,Noelvi Marte,CIN,STL,8,statsapi,1.5,0.4021,0.4584688995215311,-0.0563342790268368,117,draftkings,3,2026-08-17,682622,824514,False
TB,Ke'Bryan Hayes,CIN,STL,9,statsapi,1.5,0.2226,0.2863139131250586,-0.06369932169895659,230,fanatics,4,2026-08-17,663647,824514,False
HRR,Ke'Bryan Hayes,CIN,STL,9,statsapi,0.5,0.5745,0.5908949416342413,-0.016366194718370863,-157,draftkings,1,2026-08-17,663647,824514,False
TB,JJ Wetherholt,STL,CIN,1,Expected Lineup,1.5,0.3662,0.44739130434782604,-0.0812309701556369,130,fanatics,2,2026-08-17,802139,824478,False
TB,Ivan Herrera,STL,CIN,2,Expected Lineup,1.5,0.3816,0.4156060606060606,-0.03395824495377969,140,fanatics,2,2026-08-17,671056,824478,False
TB,Alec Burleson,STL,CIN,3,Expected Lineup,1.5,0.4958,0.5291388044579535,-0.033373961484760684,-110,fanatics,2,2026-08-17,676475,824478,False
TB,Jordan Walker,STL,CIN,4,Expected Lineup,1.5,0.4465,0.5027272727272727,-0.05619126525360951,100,fanatics,2,2026-08-17,691023,824478,False
TB,Joshua Baez,STL,CIN,5,Expected Lineup,1.5,0.3855,0.4299494438827098,-0.04442290940876653,130,fanatics,2,2026-08-17,695491,824478,False
TB,Nathan Church,STL,CIN,6,Expected Lineup,1.5,0.3365,0.38441176470588234,-0.047945930996259656,155,fanatics,2,2026-08-17,701675,824478,False
TB,Masyn Winn,STL,CIN,7,Expected Lineup,1.5,0.2888,0.37230769230769234,-0.08346008342554828,160,fanatics,2,2026-08-17,691026,824478,False
TB,Jimmy Crooks,STL,CIN,8,Expected Lineup,1.5,0.3015,0.41478260869565214,-0.1133267967578181,130,fanduel,1,2026-08-17,699625,824478,False
TB,Jose Fermin,STL,CIN,9,Expected Lineup,1.5,0.284,0.35735849056603775,-0.07340363687494222,165,fanduel,2,2026-08-17,665877,824478,False
TB,Elly De La Cruz,CIN,STL,1,Expected Lineup,1.5,0.4099,0.5093466223698782,-0.09945015279633912,-110,fanatics,2,2026-08-17,682829,824478,False
TB,Sal Stewart,CIN,STL,2,Expected Lineup,1.5,0.3874,0.4741927990708478,-0.08681144383055123,110,fanatics,2,2026-08-17,701398,824478,False
TB,Dane Myers,CIN,STL,3,Expected Lineup,1.5,0.3261,0.3647576766555679,-0.038659122904370125,165,fanatics,2,2026-08-17,667472,824478,False
TB,Eugenio Suarez,CIN,STL,4,Expected Lineup,1.5,0.3277,0.39276595744680853,-0.06510135336319589,150,fanatics,2,2026-08-17,553993,824478,False
TB,Noelvi Marte,CIN,STL,6,Expected Lineup,1.5,0.2837,0.372156862745098,-0.08845259825321922,155,fanduel,2,2026-08-17,682622,824478,False
TB,JJ Bleday,CIN,STL,7,Expected Lineup,1.5,0.3164,0.4345454545454545,-0.11812448584647084,120,fanatics,3,2026-08-17,668709,824478,False
TB,Ke'Bryan Hayes,CIN,STL,8,Expected Lineup,1.5,0.2045,0.3309852216748769,-0.12645264533433087,190,fanatics,2,2026-08-17,663647,824478,False
TB,Matt McLain,CIN,STL,9,Expected Lineup,1.5,0.2481,0.3342319749216301,-0.08612033647767858,190,fanatics,2,2026-08-17,680574,824478,False
TB,Gunnar Henderson,BAL,TB,1,Expected Lineup,1.5,0.3483,0.33524987380111054,0.013037089418205527,190,betrivers,6,2026-08-17,683002,822939,False
HRR,Gunnar Henderson,BAL,TB,1,Expected Lineup,1.5,0.4448,0.43871559633027524,0.006049215667506991,126,draftkings,3,2026-08-17,683002,822939,False
TB,Pete Alonso,BAL,TB,2,Expected Lineup,1.5,0.3905,0.40016806722689074,-0.009673144714275772,146,draftkings,6,2026-08-17,624413,822939,False
HRR,Pete Alonso,BAL,TB,2,Expected Lineup,1.5,0.55,0.47751243781094527,0.07252247949165541,110,draftkings,3,2026-08-17,624413,822939,False
TB,Jackson Holliday,BAL,TB,3,Expected Lineup,1.5,0.3216,0.35412587412587415,-0.032540302228732665,180,betmgm,6,2026-08-17,702616,822939,False
HRR,Jackson Holliday,BAL,TB,3,Expected Lineup,1.5,0.4458,0.4244444444444444,0.02136329516139457,129,draftkings,3,2026-08-17,702616,822939,False
TB,Tyler O'Neill,BAL,TB,4,Expected Lineup,1.5,0.3271,0.38,-0.05290691283546334,185,fanatics,6,2026-08-17,641933,822939,False
HRR,Tyler O'Neill,BAL,TB,4,Expected Lineup,1.5,0.4537,0.4324886877828054,0.021182496788660188,130,draftkings,3,2026-08-17,641933,822939,False
TB,Christian Encarnacion-Strand,BAL,TB,6,Expected Lineup,1.5,0.3412,0.35386443046820404,-0.012642362770226512,180,fanatics,6,2026-08-17,687952,822939,False
HRR,Christian Encarnacion-Strand,BAL,TB,6,Expected Lineup,1.5,0.4721,0.42642857142857143,0.0456990546854118,129,draftkings,3,2026-08-17,687952,822939,False
TB,Leody Taveras,BAL,TB,7,Expected Lineup,1.5,0.2652,0.3133333333333333,-0.04810922499434517,230,betmgm,6,2026-08-17,665750,822939,False
HRR,Leody Taveras,BAL,TB,7,Expected Lineup,0.5,0.6402,0.6176811594202898,0.022488847109108256,-165,betmgm,3,2026-08-17,665750,822939,False
TB,Carlos Narvaez,BAL,TB,9,Expected Lineup,1.5,0.2084,0.2431578947368421,-0.034713294255779015,282,draftkings,6,2026-08-17,665966,822939,False
HRR,Carlos Narvaez,BAL,TB,9,Expected Lineup,0.5,0.549,0.5275113122171946,0.021473544255682597,-120,betmgm,3,2026-08-17,665966,822939,False
TB,Yandy Diaz,TB,BAL,1,Expected Lineup,1.5,0.4791,0.4630917874396135,0.01598921201687986,120,betmgm,9,2026-08-17,650490,822939,False
HRR,Yandy Diaz,TB,BAL,1,Expected Lineup,1.5,0.6634,0.5908949416342413,0.07251338783217887,-155,draftkings,3,2026-08-17,650490,822939,False
TB,Jonathan Aranda,TB,BAL,2,Expected Lineup,1.5,0.4063,0.4451162790697674,-0.03879433208603844,125,betrivers,9,2026-08-17,666018,822939,False
HRR,Jonathan Aranda,TB,BAL,2,Expected Lineup,1.5,0.5889,0.556271186440678,0.03263262751348783,-132,draftkings,3,2026-08-17,666018,822939,False
TB,Chandler Simpson,TB,BAL,3,Expected Lineup,1.5,0.4131,0.42642857142857143,-0.01328560483789526,140,betrivers,9,2026-08-17,802415,822939,False
HRR,Chandler Simpson,TB,BAL,3,Expected Lineup,1.5,0.5582,0.556271186440678,0.0019391487507278704,-130,betmgm,3,2026-08-17,802415,822939,False
TB,Junior Caminero,TB,BAL,4,Expected Lineup,1.5,0.4377,0.4654368932038835,-0.027749324281690524,115,fanatics,9,2026-08-17,691406,822939,False
HRR,Junior Caminero,TB,BAL,4,Expected Lineup,1.5,0.6119,0.5580590717299578,0.05387435197996182,-135,betmgm,3,2026-08-17,691406,822939,False
TB,Liam Hicks,TB,BAL,5,Expected Lineup,1.5,0.3653,0.3760411569107221,-0.010739078733108087,165,betmgm,8,2026-08-17,689414,822939,False
HRR,Liam Hicks,TB,BAL,5,Expected Lineup,1.5,0.5685,0.49923076923076926,0.06924612794787399,-105,betmgm,3,2026-08-17,689414,822939,False
TB,Victor Mesa,TB,BAL,6,Expected Lineup,1.5,0.3232,0.3883333333333333,-0.06517781803599632,155,betmgm,6,2026-08-17,683748,822939,False
HRR,Victor Mesa,TB,BAL,6,Expected Lineup,1.5,0.4535,0.47751243781094527,-0.024035415071779975,101,draftkings,1,2026-08-17,683748,822939,False
TB,Cedric Mullins,TB,BAL,7,Expected Lineup,1.5,0.2818,0.33401002506265665,-0.052243087634433416,195,betrivers,6,2026-08-17,656775,822939,False
HRR,Cedric Mullins,TB,BAL,7,Expected Lineup,1.5,0.4085,0.42642857142857143,-0.01797646739447739,125,betmgm,3,2026-08-17,656775,822939,False
TB,Richie Palacios,TB,BAL,8,Expected Lineup,1.5,0.2854,0.29009615384615384,-0.004649129849270017,235,fanatics,4,2026-08-17,680700,822939,False
HRR,Richie Palacios,TB,BAL,8,Expected Lineup,0.5,0.677,0.6193762183235867,0.05764433234247579,-168,draftkings,4,2026-08-17,680700,822939,False
TB,Taylor Walls,TB,BAL,9,Expected Lineup,1.5,0.249,0.2974603174603174,-0.04848074229413801,250,betmgm,4,2026-08-17,670764,822939,False
HRR,Taylor Walls,TB,BAL,9,Expected Lineup,1.5,0.3786,0.40918454935622317,-0.030592344238638047,135,betmgm,3,2026-08-17,670764,822939,False
TB,Otto Lopez,MIA,PHI,1,Expected Lineup,1.5,0.531,0.43045045045045044,0.10058319571769109,128,draftkings,9,2026-08-17,672640,823427,True
HRR,Otto Lopez,MIA,PHI,1,Expected Lineup,1.5,0.6829,0.5295495495495496,0.15338585346793587,-118,draftkings,3,2026-08-17,672640,823427,True
TB,Heriberto Hernandez,MIA,PHI,2,Expected Lineup,1.5,0.4227,0.34978810663021187,0.0729466074874281,175,betrivers,6,2026-08-17,681715,823427,True
HRR,Heriberto Hernandez,MIA,PHI,2,Expected Lineup,1.5,0.5773,0.4472897196261682,0.12996431830173433,117,draftkings,3,2026-08-17,681715,823427,True
TB,Agustin Ramirez,MIA,PHI,3,Expected Lineup,1.5,0.4027,0.33714285714285713,0.06558676123196289,200,betmgm,6,2026-08-17,682663,823427,True
HRR,Agustin Ramirez,MIA,PHI,3,Expected Lineup,1.5,0.5692,0.43871559633027524,0.13046938137776798,126,draftkings,3,2026-08-17,682663,823427,True
TB,Xavier Edwards,MIA,PHI,4,Expected Lineup,1.5,0.4037,0.3638898877066816,0.03984258274977415,175,betmgm,8,2026-08-17,669364,823427,False
HRR,Xavier Edwards,MIA,PHI,4,Expected Lineup,1.5,0.5803,0.48,0.10027003007788349,101,draftkings,3,2026-08-17,669364,823427,False
TB,Leo Jimenez,MIA,PHI,5,Expected Lineup,1.5,0.3196,0.29352892034006584,0.026078672580605256,230,betrivers,6,2026-08-17,677870,823427,False
HRR,Leo Jimenez,MIA,PHI,5,Expected Lineup,0.5,0.7194,0.6176811594202898,0.1017559578145093,-175,betmgm,3,2026-08-17,677870,823427,False
TB,Javier Sanoja,MIA,PHI,7,Expected Lineup,1.5,0.4202,0.3832848199040572,0.03695515662054644,175,betrivers,8,2026-08-17,691594,823427,False
HRR,Javier Sanoja,MIA,PHI,7,Expected Lineup,1.5,0.5553,0.48495049504950494,0.0703790808367899,106,draftkings,3,2026-08-17,691594,823427,False
TB,Esteury Ruiz,MIA,PHI,8,Expected Lineup,1.5,0.3545,0.2741176470588235,0.08037074255507026,250,fanatics,6,2026-08-17,665923,823427,True
HRR,Esteury Ruiz,MIA,PHI,8,Expected Lineup,0.5,0.7139,0.5878431372549019,0.12606439726624963,-154,draftkings,3,2026-08-17,665923,823427,True
TB,Kyle Schwarber,PHI,MIA,1,Expected Lineup,1.5,0.433,0.5191705069124424,-0.08620371590289738,-105,betmgm,9,2026-08-17,656941,823427,False
HRR,Kyle Schwarber,PHI,MIA,1,Expected Lineup,2.5,0.3894,0.4654368932038835,-0.0760429298892788,115,betmgm,3,2026-08-17,656941,823427,False
TB,Trea Turner,PHI,MIA,2,Expected Lineup,1.5,0.4014,0.48,-0.0786451276696235,120,fanatics,9,2026-08-17,607208,823427,False
HRR,Trea Turner,PHI,MIA,2,Expected Lineup,1.5,0.5417,0.5885371085371085,-0.04685454439398051,-152,draftkings,2,2026-08-17,607208,823427,False
TB,Bryce Harper,PHI,MIA,3,Expected Lineup,1.5,0.4517,0.46780487804878046,-0.016152330045262175,111,draftkings,9,2026-08-17,547180,823427,False
HRR,Bryce Harper,PHI,MIA,3,Expected Lineup,1.5,0.6026,0.5767741935483871,0.02587568093096937,-139,draftkings,3,2026-08-17,547180,823427,False
TB,Luis Arraez,PHI,MIA,4,Expected Lineup,1.5,0.4857,0.4451162790697674,0.040591456826497174,120,betrivers,9,2026-08-17,650333,823427,False
HRR,Luis Arraez,PHI,MIA,4,Expected Lineup,1.5,0.623,0.5862992125984252,0.03669245325061543,-150,draftkings,3,2026-08-17,650333,823427,False
TB,Bryson Stott,PHI,MIA,5,Expected Lineup,1.5,0.4215,0.4244444444444444,-0.0029044355620699847,135,betrivers,9,2026-08-17,681082,823427,False
HRR,Bryson Stott,PHI,MIA,5,Expected Lineup,1.5,0.5543,0.5526495726495726,0.0016320627596654314,-120,betmgm,3,2026-08-17,681082,823427,False
TB,Brandon Marsh,PHI,MIA,6,Expected Lineup,1.5,0.4069,0.39841004184100415,0.008532398102762462,160,betrivers,9,2026-08-17,669016,823427,False
HRR,Brandon Marsh,PHI,MIA,6,Expected Lineup,1.5,0.5753,0.5060663507109004,0.06920986578702293,-110,betmgm,3,2026-08-17,669016,823427,False
TB,J.T. Realmuto,PHI,MIA,7,Expected Lineup,1.5,0.2931,0.39666666666666667,-0.10353050040844602,155,betrivers,8,2026-08-17,592663,823427,False
HRR,J.T. Realmuto,PHI,MIA,7,Expected Lineup,1.5,0.4141,0.5038095238095238,-0.08975455730335136,-110,williamhill_us,3,2026-08-17,592663,823427,False
TB,Alec Bohm,PHI,MIA,8,Expected Lineup,1.5,0.2989,0.4129004329004329,-0.11397467860486843,138,draftkings,7,2026-08-17,664761,823427,False
HRR,Alec Bohm,PHI,MIA,8,Expected Lineup,1.5,0.4344,0.5394713656387665,-0.10509427263318943,-122,draftkings,3,2026-08-17,664761,823427,False
TB,Justin Crawford,PHI,MIA,9,Expected Lineup,1.5,0.3411,0.3646153846153846,-0.023550752845948042,182,draftkings,5,2026-08-17,702222,823427,False
HRR,Justin Crawford,PHI,MIA,9,Expected Lineup,1.5,0.4671,0.4654368932038835,0.0016220867871935551,110,betmgm,3,2026-08-17,702222,823427,False
TB,Gleyber Torres,DET,PIT,1,Expected Lineup,1.5,0.4141,0.405531914893617,0.008563632279869282,143,betrivers,9,2026-08-17,650402,823343,False
HRR,Gleyber Torres,DET,PIT,1,Expected Lineup,1.5,0.6083,0.5315695067264574,0.0767671807105258,-120,betmgm,3,2026-08-17,650402,823343,False
TB,Kevin McGonigle,DET,PIT,2,Expected Lineup,1.5,0.4527,0.46076923076923076,-0.008084623115979128,115,fanatics,9,2026-08-17,805808,823343,False
HRR,Kevin McGonigle,DET,PIT,2,Expected Lineup,1.5,0.6311,0.5633333333333334,0.06781218447778847,-140,draftkings,3,2026-08-17,805808,823343,False
TB,Dillon Dingler,DET,PIT,3,Expected Lineup,1.5,0.4358,0.4539336492890995,-0.01811243319466238,115,fanatics,9,2026-08-17,693307,823343,False
HRR,Dillon Dingler,DET,PIT,3,Expected Lineup,1.5,0.5917,0.5452173913043478,0.04646717218110974,-129,draftkings,3,2026-08-17,693307,823343,False
TB,Colt Keith,DET,PIT,4,Expected Lineup,1.5,0.4493,0.3676201923076923,0.08166869775578178,170,betrivers,6,2026-08-17,690993,823343,True
HRR,Colt Keith,DET,PIT,4,Expected Lineup,1.5,0.5865,0.48,0.1064663265938196,105,betmgm,3,2026-08-17,690993,823343,True
TB,Zach McKinstry,DET,PIT,5,Expected Lineup,1.5,0.3636,0.3587933137240835,0.004812063090551599,175,betrivers,6,2026-08-17,656716,823343,False
HRR,Zach McKinstry,DET,PIT,5,Expected Lineup,1.5,0.4792,0.47261083743842364,0.006593236061635865,110,betmgm,3,2026-08-17,656716,823343,False
TB,Spencer Torkelson,DET,PIT,6,Expected Lineup,1.5,0.3266,0.3840816326530612,-0.05747403842532023,160,fanatics,6,2026-08-17,679529,823343,False
HRR,Spencer Torkelson,DET,PIT,6,Expected Lineup,1.5,0.4623,0.46780487804878046,-0.005543480073781026,110,betmgm,3,2026-08-17,679529,823343,False
TB,Max Clark,DET,PIT,8,Expected Lineup,1.5,0.352,0.37473684210526315,-0.022727142193651795,165,betmgm,8,2026-08-17,703601,823343,False
HRR,Max Clark,DET,PIT,8,Expected Lineup,1.5,0.4951,0.48,0.015123245513663286,100,draftkings,3,2026-08-17,703601,823343,False
TB,Javier Baez,DET,PIT,9,Expected Lineup,1.5,0.3242,0.3441178417742469,-0.019921541481638494,200,fanatics,4,2026-08-17,595879,823343,False
HRR,Javier Baez,DET,PIT,9,Expected Lineup,1.5,0.475,0.4451162790697674,0.02992925733387808,117,draftkings,3,2026-08-17,595879,823343,False
TB,Nick Gonzales,PIT,DET,1,Expected Lineup,1.5,0.4381,0.4166812227074236,0.021424889431927774,135,betmgm,8,2026-08-17,693304,823343,False
HRR,Nick Gonzales,PIT,DET,1,Expected Lineup,1.5,0.6373,0.5452173913043478,0.09209532484982608,-124,draftkings,3,2026-08-17,693304,823343,False
TB,Ronny Simon,PIT,DET,2,Expected Lineup,1.5,0.3746,0.372156862745098,0.0024471814597171737,175,betmgm,7,2026-08-17,682927,823343,False
HRR,Ronny Simon,PIT,DET,2,Expected Lineup,1.5,0.5531,0.5088248337028825,0.04430330475483335,-101,draftkings,4,2026-08-17,682927,823343,False
TB,Bryan Reynolds,PIT,DET,3,Expected Lineup,1.5,0.4006,0.40831462322987744,-0.007740892288698398,160,betmgm,8,2026-08-17,668804,823343,False
HRR,Bryan Reynolds,PIT,DET,3,Expected Lineup,1.5,0.5861,0.5191705069124424,0.0669362801891793,-105,draftkings,3,2026-08-17,668804,823343,False
TB,Esmerlyn Valdez,PIT,DET,4,Expected Lineup,1.5,0.4078,0.37660101152891656,0.03119569461357502,170,betmgm,6,2026-08-17,699013,823343,False
HRR,Esmerlyn Valdez,PIT,DET,4,Expected Lineup,1.5,0.5659,0.47751243781094527,0.0883704918085379,108,draftkings,3,2026-08-17,699013,823343,False
TB,Brandon Lowe,PIT,DET,5,Expected Lineup,1.5,0.3549,0.38046588062606695,-0.02555674508756217,195,betmgm,6,2026-08-17,664040,823343,False
HRR,Brandon Lowe,PIT,DET,5,Expected Lineup,1.5,0.5309,0.43871559633027524,0.09214531852541197,120,betmgm,3,2026-08-17,664040,823343,False
TB,Rafael Flores,PIT,DET,6,Expected Lineup,1.5,0.3532,0.3308771929824561,0.022323906511795555,225,fanatics,6,2026-08-17,804668,823343,False
HRR,Rafael Flores,PIT,DET,6,Expected Lineup,0.5,0.7425,0.6179942393296675,0.12447352972788983,-168,draftkings,2,2026-08-17,804668,823343,True
TB,Jake Mangum,PIT,DET,7,Expected Lineup,1.5,0.3529,0.3737007874015748,-0.020807975329708017,163,betrivers,9,2026-08-17,663968,823343,False
HRR,Jake Mangum,PIT,DET,7,Expected Lineup,1.5,0.5311,0.5105164319248826,0.020539832953930248,-112,draftkings,3,2026-08-17,663968,823343,False
TB,Jared Triolo,PIT,DET,8,Expected Lineup,1.5,0.2807,0.33759897828863344,-0.05690902428496497,210,betmgm,4,2026-08-17,669707,823343,False
HRR,Jared Triolo,PIT,DET,8,Expected Lineup,1.5,0.44,0.475049504950495,-0.03504913735865206,109,draftkings,3,2026-08-17,669707,823343,False
TB,Henry Davis,PIT,DET,9,Expected Lineup,1.5,0.2195,0.29177156177156177,-0.07229903971257659,250,fanatics,4,2026-08-17,680779,823343,False
HRR,Henry Davis,PIT,DET,9,Expected Lineup,0.5,0.5967,0.5900994132490196,0.006595840110477091,-154,draftkings,2,2026-08-17,680779,823343,False
TB,Corbin Carroll,AZ,BOS,1,Expected Lineup,1.5,0.4379,0.48,-0.042074770323774824,110,draftkings,9,2026-08-17,682998,824725,False
HRR,Corbin Carroll,AZ,BOS,1,Expected Lineup,1.5,0.5575,0.5580590717299578,-0.0005162903308877365,-129,draftkings,3,2026-08-17,682998,824725,False
TB,Geraldo Perdomo,AZ,BOS,2,Expected Lineup,1.5,0.3619,0.38856743442950337,-0.02664194911777995,165,fanatics,8,2026-08-17,672695,824725,False
HRR,Geraldo Perdomo,AZ,BOS,2,Expected Lineup,1.5,0.521,0.5191705069124424,0.0017899340500830974,-112,draftkings,3,2026-08-17,672695,824725,False
TB,Gabriel Moreno,AZ,BOS,3,Expected Lineup,1.5,0.4549,0.41859649122807013,0.03630274305586617,131,draftkings,9,2026-08-17,672515,824725,False
HRR,Gabriel Moreno,AZ,BOS,3,Expected Lineup,1.5,0.62,0.5433187772925764,0.07667225747869755,-123,draftkings,3,2026-08-17,672515,824725,False
TB,Ketel Marte,AZ,BOS,4,Expected Lineup,1.5,0.3992,0.46780487804878046,-0.06856733263326453,115,fanatics,9,2026-08-17,606466,824725,False
HRR,Ketel Marte,AZ,BOS,4,Expected Lineup,1.5,0.5519,0.5615899581589958,-0.009640514846592119,-133,draftkings,3,2026-08-17,606466,824725,False
TB,Nolan Arenado,AZ,BOS,5,Expected Lineup,1.5,0.3708,0.38816326530612244,-0.01736009589373738,155,fanatics,4,2026-08-17,571448,824725,False
TB,Tim Tawa,AZ,BOS,6,Expected Lineup,1.5,0.3342,0.3406237816764132,-0.006467197484035958,192,draftkings,6,2026-08-17,694374,824725,False
HRR,Tim Tawa,AZ,BOS,6,Expected Lineup,1.5,0.485,0.44948356807511736,0.03547299092305167,121,draftkings,3,2026-08-17,694374,824725,False
TB,Tyler Locklear,AZ,BOS,7,Expected Lineup,1.5,0.3497,0.2657142857142857,0.0839596336439018,250,fanatics,1,2026-08-17,682988,824725,False
TB,James McCann,AZ,BOS,8,Expected Lineup,1.5,0.3496,0.32482758620689656,0.02479306053822078,190,fanatics,1,2026-08-17,543510,824725,False
TB,Ryan Waldschmidt,AZ,BOS,9,Expected Lineup,1.5,0.3239,0.30786885245901635,0.01602806854671185,225,fanatics,6,2026-08-17,814439,824725,False
HRR,Ryan Waldschmidt,AZ,BOS,9,Expected Lineup,0.5,0.6878,0.6109963099630996,0.07678277538248757,-171,draftkings,1,2026-08-17,814439,824725,False
TB,Jahmai Jones,BOS,AZ,1,Expected Lineup,1.5,0.3837,0.41961352657004825,-0.035878832205536115,140,draftkings,8,2026-08-17,663330,824725,False
HRR,Jahmai Jones,BOS,AZ,1,Expected Lineup,1.5,0.5103,0.49923076923076926,0.011064821159910698,105,betmgm,3,2026-08-17,663330,824725,False
TB,Ceddanne Rafaela,BOS,AZ,2,Expected Lineup,1.5,0.4724,0.48,-0.007642817745398711,113,draftkings,9,2026-08-17,678882,824725,False
HRR,Ceddanne Rafaela,BOS,AZ,2,Expected Lineup,1.5,0.6002,0.5718367346938775,0.02835706904003077,-141,draftkings,3,2026-08-17,678882,824725,False
TB,Willson Contreras,BOS,AZ,3,Expected Lineup,1.5,0.422,0.46780487804878046,-0.045814839256445805,110,fanatics,9,2026-08-17,575929,824725,False
HRR,Willson Contreras,BOS,AZ,3,Expected Lineup,1.5,0.5866,0.556271186440678,0.03031626427116263,-135,betmgm,4,2026-08-17,575929,824725,False
TB,Wilyer Abreu,BOS,AZ,4,Expected Lineup,1.5,0.4491,0.48,-0.03090736201635691,110,draftkings,9,2026-08-17,677800,824725,False
HRR,Wilyer Abreu,BOS,AZ,4,Expected Lineup,1.5,0.5648,0.556271186440678,0.008489885438366818,-125,betmgm,3,2026-08-17,677800,824725,False
TB,Adley Rutschman,BOS,AZ,5,Expected Lineup,1.5,0.368,0.4244444444444444,-0.056438087065108444,140,draftkings,9,2026-08-17,668939,824725,False
HRR,Adley Rutschman,BOS,AZ,5,Expected Lineup,1.5,0.4939,0.5433187772925764,-0.04943821091733386,-120,draftkings,3,2026-08-17,668939,824725,False
TB,Caleb Durbin,BOS,AZ,6,Expected Lineup,1.5,0.3546,0.39666666666666667,-0.04203215154071932,149,draftkings,9,2026-08-17,702332,824725,False
HRR,Caleb Durbin,BOS,AZ,6,Expected Lineup,1.5,0.5047,0.5127102803738317,-0.008035366395405363,-114,williamhill_us,3,2026-08-17,702332,824725,False
TB,Andruw Monasterio,BOS,AZ,7,Expected Lineup,1.5,0.3972,0.3898429495254892,0.0073220948025465304,161,draftkings,8,2026-08-17,655316,824725,False
HRR,Andruw Monasterio,BOS,AZ,7,Expected Lineup,1.5,0.4954,0.48495049504950494,0.010415747921219243,102,draftkings,3,2026-08-17,655316,824725,False
TB,Eli White,BOS,AZ,8,Expected Lineup,1.5,0.3161,0.3079569892473118,0.00810519629310863,210,fanatics,2,2026-08-17,642201,824725,False
HRR,Eli White,BOS,AZ,8,Expected Lineup,1.5,0.4462,0.41478260869565214,0.031440744504796114,130,betmgm,1,2026-08-17,642201,824725,False
TB,Nick Sogard,BOS,AZ,9,Expected Lineup,1.5,0.2711,0.34363636363636363,-0.0725156600695025,181,draftkings,4,2026-08-17,686765,824725,False
HRR,Nick Sogard,BOS,AZ,9,Expected Lineup,1.5,0.3898,0.4654368932038835,-0.07559868341856257,110,draftkings,3,2026-08-17,686765,824725,False
TB,Fernando Tatis,SD,NYM,1,Expected Lineup,1.5,0.3682,0.4451162790697674,-0.07687357287339502,119,williamhill_us,9,2026-08-17,665487,823589,False
HRR,Fernando Tatis,SD,NYM,1,Expected Lineup,1.5,0.5181,0.5452173913043478,-0.02709493535013119,-120,betmgm,3,2026-08-17,665487,823589,False
TB,Jake Cronenworth,SD,NYM,2,Expected Lineup,1.5,0.2968,0.3646153846153846,-0.06781245999197588,180,betmgm,6,2026-08-17,630105,823589,False
HRR,Jake Cronenworth,SD,NYM,2,Expected Lineup,1.5,0.4556,0.48248756218905475,-0.026890177842588958,110,betmgm,3,2026-08-17,630105,823589,False
TB,Manny Machado,SD,NYM,3,Expected Lineup,1.5,0.3131,0.4129004329004329,-0.09976616768543328,140,betmgm,9,2026-08-17,592518,823589,False
HRR,Manny Machado,SD,NYM,3,Expected Lineup,1.5,0.4353,0.4945631067961165,-0.059280326244526726,-105,betmgm,3,2026-08-17,592518,823589,False
TB,Ty France,SD,NYM,4,Expected Lineup,1.5,0.3859,0.38816326530612244,-0.002307404609293351,160,betrivers,9,2026-08-17,664034,823589,False
HRR,Ty France,SD,NYM,4,Expected Lineup,1.5,0.5238,0.4921951219512195,0.031650981969494674,100,betmgm,3,2026-08-17,664034,823589,False
TB,Jackson Merrill,SD,NYM,5,Expected Lineup,1.5,0.3483,0.41961352657004825,-0.07127670935086294,140,betmgm,8,2026-08-17,701538,823589,False
HRR,Jackson Merrill,SD,NYM,5,Expected Lineup,1.5,0.487,0.5105164319248826,-0.02348619947585806,-105,betmgm,3,2026-08-17,701538,823589,False
TB,Luis Campusano,SD,NYM,6,Expected Lineup,1.5,0.3618,0.3140024534403925,0.047817015638083826,210,fanatics,6,2026-08-17,669134,823589,False
HRR,Luis Campusano,SD,NYM,6,Expected Lineup,1.5,0.4832,0.41478260869565214,0.06837782975384193,131,draftkings,3,2026-08-17,669134,823589,False
TB,Gavin Sheets,SD,NYM,7,Expected Lineup,1.5,0.308,0.3025806451612903,0.005459084292048111,215,fanatics,6,2026-08-17,657757,823589,False
HRR,Gavin Sheets,SD,NYM,7,Expected Lineup,0.5,0.6511,0.6096296296296296,0.0414779963809182,-166,draftkings,3,2026-08-17,657757,823589,False
TB,Xander Bogaerts,SD,NYM,8,Expected Lineup,1.5,0.2114,0.3161581920903954,-0.10479303080613156,210,fanatics,4,2026-08-17,593428,823589,False
HRR,Xander Bogaerts,SD,NYM,8,Expected Lineup,1.5,0.3453,0.43045045045045044,-0.08510674605776603,125,betmgm,3,2026-08-17,593428,823589,False
TB,Luis Rengifo,SD,NYM,9,Expected Lineup,1.5,0.2532,0.2825725533278403,-0.02939794732042439,250,fanatics,4,2026-08-17,650859,823589,False
HRR,Luis Rengifo,SD,NYM,9,Expected Lineup,1.5,0.4008,0.4129004329004329,-0.012087313985960912,135,betmgm,3,2026-08-17,650859,823589,False
TB,A.J. Ewing,NYM,SD,1,Expected Lineup,1.5,0.4003,0.38816326530612244,0.012150448214992116,150,draftkings,9,2026-08-17,805999,823589,False
HRR,A.J. Ewing,NYM,SD,1,Expected Lineup,1.5,0.5595,0.5148837209302325,0.04464182811852002,-110,draftkings,3,2026-08-17,805999,823589,False
TB,Francisco Lindor,NYM,SD,2,Expected Lineup,1.5,0.413,0.4345454545454545,-0.02151020460407166,130,fanatics,9,2026-08-17,596019,823589,False
HRR,Francisco Lindor,NYM,SD,2,Expected Lineup,1.5,0.5831,0.5148837209302325,0.0681967469155651,-114,draftkings,3,2026-08-17,596019,823589,False
TB,Bo Bichette,NYM,SD,3,Expected Lineup,1.5,0.3883,0.4284304932735426,-0.04013159412404488,130,fanatics,9,2026-08-17,666182,823589,False
HRR,Bo Bichette,NYM,SD,3,Expected Lineup,1.5,0.5601,0.5355555555555556,0.024526482316079012,-122,draftkings,3,2026-08-17,666182,823589,False
TB,Carson Benge,NYM,SD,4,Expected Lineup,1.5,0.4068,0.38,0.026776155893649733,160,fanatics,7,2026-08-17,701807,823589,False
HRR,Carson Benge,NYM,SD,4,Expected Lineup,1.5,0.588,0.4921951219512195,0.09584513284893093,-102,draftkings,3,2026-08-17,701807,823589,False
HRR,Luis Robert,NYM,SD,5,Expected Lineup,1.5,0.4791,0.46780487804878046,0.0112979287168124,105,betmgm,1,2026-08-17,673357,823589,False
TB,Jared Young,NYM,SD,6,Expected Lineup,1.5,0.3917,0.35386443046820404,0.03786245823609291,175,betrivers,6,2026-08-17,676724,823589,False
HRR,Jared Young,NYM,SD,6,Expected Lineup,1.5,0.5474,0.4630917874396135,0.0843206346035858,111,draftkings,3,2026-08-17,676724,823589,False
TB,Marcus Semien,NYM,SD,7,Expected Lineup,1.5,0.2952,0.35037037037037033,-0.0551410772271792,175,betmgm,6,2026-08-17,543760,823589,False
HRR,Marcus Semien,NYM,SD,7,Expected Lineup,1.5,0.4296,0.44948356807511736,-0.01991652897565699,125,betmgm,3,2026-08-17,543760,823589,False
TB,Jorge Polanco,NYM,SD,8,Expected Lineup,1.5,0.253,0.33725677830940987,-0.0842379548333963,200,betmgm,6,2026-08-17,593871,823589,False
HRR,Jorge Polanco,NYM,SD,8,Expected Lineup,1.5,0.3595,0.4397725447089164,-0.08031970384006526,118,williamhill_us,2,2026-08-17,593871,823589,False
TB,Francisco Alvarez,NYM,SD,9,Expected Lineup,1.5,0.3151,0.316734693877551,-0.001625475735275439,210,fanatics,4,2026-08-17,682626,823589,False
HRR,Francisco Alvarez,NYM,SD,9,Expected Lineup,1.5,0.4395,0.41675617943240767,0.022707291208378222,132,draftkings,2,2026-08-17,682626,823589,False
TB,Jeff McNeil,ATH,KC,1,Expected Lineup,1.5,0.3932,0.4451162790697674,-0.05194089142927355,135,draftkings,9,2026-08-17,643446,824077,False
HRR,Jeff McNeil,ATH,KC,1,Expected Lineup,1.5,0.5347,0.5378762443880538,-0.0031537503263772138,-113,draftkings,4,2026-08-17,643446,824077,False
TB,Jacob Wilson,ATH,KC,2,Expected Lineup,1.5,0.4598,0.46076923076923076,-0.0009888789772485307,120,betrivers,9,2026-08-17,805779,824077,False
HRR,Jacob Wilson,ATH,KC,2,Expected Lineup,1.5,0.5641,0.554468085106383,0.009669986229924987,-131,draftkings,3,2026-08-17,805779,824077,False
TB,Zack Gelof,ATH,KC,3,Expected Lineup,1.5,0.4941,0.43871559633027524,0.05541112307443674,130,fanatics,9,2026-08-17,680869,824077,False
HRR,Zack Gelof,ATH,KC,3,Expected Lineup,1.5,0.603,0.5038095238095238,0.09923297212660531,-110,williamhill_us,3,2026-08-17,680869,824077,False
TB,Lawrence Butler,ATH,KC,4,Expected Lineup,1.5,0.3305,0.39666666666666667,-0.06619544294024093,163,draftkings,6,2026-08-17,671732,824077,False
HRR,Lawrence Butler,ATH,KC,4,Expected Lineup,1.5,0.4536,0.4701960784313725,-0.01658500440275673,105,betmgm,3,2026-08-17,671732,824077,False
TB,Carlos Cortes,ATH,KC,5,Expected Lineup,1.5,0.3796,0.37607843137254904,0.003570411860781497,165,draftkings,8,2026-08-17,666126,824077,False
HRR,Carlos Cortes,ATH,KC,5,Expected Lineup,1.5,0.4938,0.47751243781094527,0.016274385423109106,113,draftkings,3,2026-08-17,666126,824077,False
TB,Donovan Walton,ATH,KC,6,Expected Lineup,1.5,0.3879,0.3308771929824561,0.05703746565842055,200,fanduel,6,2026-08-17,622268,824077,False
HRR,Donovan Walton,ATH,KC,6,Expected Lineup,1.5,0.5081,0.41103448275862065,0.09707418778209309,135,betmgm,3,2026-08-17,622268,824077,False
TB,Jonah Heim,ATH,KC,7,Expected Lineup,1.5,0.3289,0.3486854970124932,-0.019777439679006414,193,draftkings,6,2026-08-17,641680,824077,False
HRR,Jonah Heim,ATH,KC,7,Expected Lineup,1.5,0.4235,0.4345454545454545,-0.011015836193648765,125,draftkings,3,2026-08-17,641680,824077,False
TB,Tommy White,ATH,KC,8,Expected Lineup,1.5,0.3279,0.37139093137254897,-0.0435159208333471,195,betmgm,4,2026-08-17,695720,824077,False
HRR,Tommy White,ATH,KC,8,Expected Lineup,1.5,0.4347,0.4701960784313725,-0.03551656331981029,105,betmgm,3,2026-08-17,695720,824077,False
TB,Henry Bolte,ATH,KC,9,Expected Lineup,1.5,0.3118,0.37157088122605364,-0.05977462865070232,180,fanatics,4,2026-08-17,703607,824077,False
HRR,Henry Bolte,ATH,KC,9,Expected Lineup,1.5,0.4214,0.45169811320754716,-0.030309334725848958,115,betmgm,3,2026-08-17,703607,824077,False
TB,Carter Jensen,KC,ATH,1,Expected Lineup,1.5,0.446,0.46780487804878046,-0.02185104339060867,110,betmgm,9,2026-08-17,695600,824077,False
HRR,Carter Jensen,KC,ATH,1,Expected Lineup,1.5,0.5696,0.5862992125984252,-0.016690282421005787,-145,betmgm,3,2026-08-17,695600,824077,False
TB,Bobby Witt,KC,ATH,2,Expected Lineup,1.5,0.4617,0.5254545454545454,-0.06372909754561668,-105,fanatics,9,2026-08-17,677951,824077,False
HRR,Bobby Witt,KC,ATH,2,Expected Lineup,2.5,0.3978,0.44948356807511736,-0.05171883517302822,115,betmgm,3,2026-08-17,677951,824077,False
TB,Jac Caglianone,KC,ATH,3,Expected Lineup,1.5,0.4969,0.5191705069124424,-0.022297565939062625,-105,betmgm,9,2026-08-17,695506,824077,False
HRR,Jac Caglianone,KC,ATH,3,Expected Lineup,2.5,0.4271,0.4472897196261682,-0.02015571618831935,115,betmgm,3,2026-08-17,695506,824077,False
HRR,Maikel Garcia,KC,ATH,4,Expected Lineup,1.5,0.5379,0.58,-0.04209491116938924,-150,betmgm,1,2026-08-17,672580,824077,False
TB,Salvador Perez,KC,ATH,5,Expected Lineup,1.5,0.37,0.46076923076923076,-0.09080475342475741,120,betmgm,9,2026-08-17,521692,824077,False
HRR,Salvador Perez,KC,ATH,5,Expected Lineup,1.5,0.4927,0.5650622406639004,-0.07232836049267122,-130,betmgm,3,2026-08-17,521692,824077,False
HRR,Vinnie Pasquantino,KC,ATH,6,Expected Lineup,1.5,0.4935,0.5355555555555556,-0.04200881829817665,-125,betmgm,1,2026-08-17,686469,824077,False
TB,Michael Massey,KC,ATH,7,Expected Lineup,1.5,0.4161,0.4166812227074236,-0.000558998097336505,135,betrivers,9,2026-08-17,686681,824077,False
HRR,Michael Massey,KC,ATH,7,Expected Lineup,1.5,0.5505,0.5315695067264574,0.01893201378162146,-118,betmgm,3,2026-08-17,686681,824077,False
TB,Isaac Collins,KC,ATH,8,Expected Lineup,1.5,0.325,0.3661924998136136,-0.04119637435254253,165,draftkings,6,2026-08-17,686555,824077,False
HRR,Isaac Collins,KC,ATH,8,Expected Lineup,1.5,0.4384,0.49451734539969827,-0.05609142424301272,-104,williamhill_us,2,2026-08-17,686555,824077,False
TB,Kyle Isbel,KC,ATH,9,Expected Lineup,1.5,0.3053,0.34363636363636363,-0.03833534072111355,180,betrivers,6,2026-08-17,664728,824077,False
HRR,Kyle Isbel,KC,ATH,9,Expected Lineup,1.5,0.4314,0.48,-0.048560825610340363,115,betmgm,3,2026-08-17,664728,824077,False
TB,Drake Baldwin,ATL,MIN,1,Expected Lineup,1.5,0.4493,0.5148837209302325,-0.06557485554077269,-113,draftkings,9,2026-08-17,686948,823668,False
HRR,Drake Baldwin,ATL,MIN,1,Expected Lineup,1.5,0.623,0.5997718631178707,0.023270361737742662,-163,draftkings,1,2026-08-17,686948,823668,False
TB,Ronald Acuna,ATL,MIN,2,Expected Lineup,1.5,0.4258,0.5038095238095238,-0.07805389284602882,100,fanatics,9,2026-08-17,660670,823668,False
HRR,Ronald Acuna,ATL,MIN,2,Expected Lineup,1.5,0.5664,0.5831746031746031,-0.016744918092305716,-150,betmgm,3,2026-08-17,660670,823668,False
TB,Matt Olson,ATL,MIN,3,Expected Lineup,1.5,0.5358,0.5038095238095238,0.031979124178118545,105,fanatics,9,2026-08-17,621566,823668,False
HRR,Matt Olson,ATL,MIN,3,Expected Lineup,1.5,0.6311,0.554468085106383,0.07662118673393414,-132,draftkings,3,2026-08-17,621566,823668,False
TB,Michael Harris,ATL,MIN,4,Expected Lineup,1.5,0.4996,0.5127102803738317,-0.013066590815912993,-105,betmgm,9,2026-08-17,671739,823668,False
HRR,Michael Harris,ATL,MIN,4,Expected Lineup,2.5,0.4003,0.4345454545454545,-0.03422963470441015,120,williamhill_us,3,2026-08-17,671739,823668,False
TB,Ozzie Albies,ATL,MIN,5,Expected Lineup,1.5,0.4037,0.43045045045045044,-0.02670901825373434,130,fanatics,9,2026-08-17,645277,823668,False
HRR,Ozzie Albies,ATL,MIN,5,Expected Lineup,1.5,0.528,0.5038095238095238,0.024219453708854255,-110,draftkings,3,2026-08-17,645277,823668,False
TB,Mauricio Dubon,ATL,MIN,6,Expected Lineup,1.5,0.3902,0.405531914893617,-0.015350539420092735,140,betmgm,9,2026-08-17,643289,823668,False
HRR,Mauricio Dubon,ATL,MIN,6,Expected Lineup,1.5,0.5385,0.49923076923076926,0.03929526039000397,-106,williamhill_us,3,2026-08-17,643289,823668,False
TB,Mike Yastrzemski,ATL,MIN,7,Expected Lineup,1.5,0.386,0.3778800822654643,0.008099504782931422,165,fanatics,4,2026-08-17,573262,823668,False
HRR,Mike Yastrzemski,ATL,MIN,7,Expected Lineup,1.5,0.4729,0.4408294930875576,0.03206127901543354,122,draftkings,3,2026-08-17,573262,823668,False
TB,Austin Riley,ATL,MIN,8,Expected Lineup,1.5,0.3279,0.4101572617946346,-0.08230210321204029,140,betmgm,8,2026-08-17,663586,823668,False
HRR,Austin Riley,ATL,MIN,8,Expected Lineup,1.5,0.4483,0.48248756218905475,-0.034223746820583045,110,betmgm,3,2026-08-17,663586,823668,False
TB,Byron Buxton,MIN,ATL,1,Expected Lineup,1.5,0.4023,0.5038095238095238,-0.10153080262231823,105,fanatics,9,2026-08-17,621439,823668,False
HRR,Byron Buxton,MIN,ATL,1,Expected Lineup,1.5,0.5321,0.568477366255144,-0.03633834551063042,-140,betmgm,3,2026-08-17,621439,823668,False
TB,Ryan Jeffers,MIN,ATL,2,Expected Lineup,1.5,0.3774,0.4166812227074236,-0.039254158651274296,133,betrivers,9,2026-08-17,680777,823668,False
HRR,Ryan Jeffers,MIN,ATL,2,Expected Lineup,1.5,0.5442,0.5212844036697247,0.022939023864708474,-115,betmgm,3,2026-08-17,680777,823668,False
TB,Josh Bell,MIN,ATL,3,Expected Lineup,1.5,0.349,0.40735823212492006,-0.05835270325625752,165,betmgm,8,2026-08-17,605137,823668,False
HRR,Josh Bell,MIN,ATL,3,Expected Lineup,1.5,0.5011,0.5083018867924528,-0.007238929956688733,-110,betmgm,3,2026-08-17,605137,823668,False
TB,Royce Lewis,MIN,ATL,4,Expected Lineup,1.5,0.345,0.4345454545454545,-0.08949786297505558,135,fanatics,9,2026-08-17,668904,823668,False
HRR,Royce Lewis,MIN,ATL,4,Expected Lineup,1.5,0.4631,0.5254545454545454,-0.06237464721451025,-118,draftkings,3,2026-08-17,668904,823668,False
TB,Austin Martin,MIN,ATL,5,Expected Lineup,1.5,0.2758,0.39322314049586776,-0.11739353983298095,146,draftkings,9,2026-08-17,668885,823668,False
HRR,Austin Martin,MIN,ATL,5,Expected Lineup,1.5,0.404,0.52648292883587,-0.12244004792501151,-120,draftkings,2,2026-08-17,668885,823668,False
TB,Luke Keaschall,MIN,ATL,7,Expected Lineup,1.5,0.2638,0.3748229137463788,-0.11100915870053824,170,betrivers,8,2026-08-17,807712,823668,False
HRR,Luke Keaschall,MIN,ATL,7,Expected Lineup,1.5,0.4096,0.47261083743842364,-0.06299636642301393,110,betmgm,3,2026-08-17,807712,823668,False
TB,Brooks Lee,MIN,ATL,8,Expected Lineup,1.5,0.281,0.3612636165577342,-0.08028932068641681,176,draftkings,8,2026-08-17,686797,823668,False
HRR,Brooks Lee,MIN,ATL,8,Expected Lineup,1.5,0.4064,0.44948356807511736,-0.04309523852734043,115,betmgm,3,2026-08-17,686797,823668,False
TB,Kaelen Culpepper,MIN,ATL,9,Expected Lineup,1.5,0.2586,0.3161581920903954,-0.05755767357553321,210,fanatics,4,2026-08-17,701785,823668,False
HRR,Kaelen Culpepper,MIN,ATL,9,Expected Lineup,0.5,0.609,0.6176811594202898,-0.00863722759268959,-176,draftkings,1,2026-08-17,701785,823668,False
TB,Chase Meidroth,CWS,CHC,1,Expected Lineup,1.5,0.4484,0.37607843137254904,0.07230906661100062,163,betrivers,8,2026-08-17,805367,824641,True
HRR,Chase Meidroth,CWS,CHC,1,Expected Lineup,1.5,0.5953,0.48495049504950494,0.11037168499681116,104,draftkings,3,2026-08-17,805367,824641,True
TB,Munetaka Murakami,CWS,CHC,2,Expected Lineup,1.5,0.4732,0.3654723707664884,0.10772349888962629,180,fanatics,6,2026-08-17,808959,824641,True
HRR,Munetaka Murakami,CWS,CHC,2,Expected Lineup,1.5,0.5878,0.43871559633027524,0.1491152389706477,125,draftkings,3,2026-08-17,808959,824641,True
TB,Miguel Vargas,CWS,CHC,3,Expected Lineup,1.5,0.4552,0.4284304932735426,0.026732693737162083,126,draftkings,9,2026-08-17,678246,824641,False
HRR,Miguel Vargas,CWS,CHC,3,Expected Lineup,1.5,0.5778,0.48495049504950494,0.09288080016978273,105,draftkings,3,2026-08-17,678246,824641,False
TB,Randal Grichuk,CWS,CHC,4,Expected Lineup,1.5,0.4893,0.35386443046820404,0.13543824445972363,171,draftkings,6,2026-08-17,545341,824641,True
HRR,Randal Grichuk,CWS,CHC,4,Expected Lineup,0.5,0.7631,0.6068656716417911,0.15624792612469818,-168,draftkings,1,2026-08-17,545341,824641,False
TB,Braden Montgomery,CWS,CHC,5,Expected Lineup,1.5,0.339,0.33714285714285713,0.0018390580397253387,190,fanatics,6,2026-08-17,695731,824641,False
HRR,Braden Montgomery,CWS,CHC,5,Expected Lineup,1.5,0.4792,0.4284304932735426,0.05073967390936418,134,draftkings,3,2026-08-17,695731,824641,False
TB,Brenton Doyle,CWS,CHC,6,Expected Lineup,1.5,0.3161,0.33725677830940987,-0.021196849398218143,210,fanatics,6,2026-08-17,686668,824641,False
HRR,Brenton Doyle,CWS,CHC,6,Expected Lineup,0.5,0.6765,0.6012121212121212,0.07528488486159346,-158,draftkings,3,2026-08-17,686668,824641,False
TB,Colson Montgomery,CWS,CHC,7,Expected Lineup,1.5,0.3912,0.3654723707664884,0.025734492198667858,180,betmgm,6,2026-08-17,695657,824641,False
HRR,Colson Montgomery,CWS,CHC,7,Expected Lineup,1.5,0.4857,0.4166812227074236,0.06899415578333262,129,draftkings,1,2026-08-17,695657,824641,False
TB,Jake Rogers,CWS,CHC,8,Expected Lineup,1.5,0.2872,0.30641107561235353,-0.01924312596859784,225,fanatics,4,2026-08-17,668670,824641,False
HRR,Jake Rogers,CWS,CHC,8,Expected Lineup,0.5,0.6212,0.5284752120026093,0.09273392862516616,-119,draftkings,2,2026-08-17,668670,824641,False
TB,Luisangel Acuna,CWS,CHC,9,Expected Lineup,1.5,0.249,0.24848528356066044,0.0004879253920889448,310,fanatics,4,2026-08-17,682668,824641,False
HRR,Luisangel Acuna,CWS,CHC,9,Expected Lineup,0.5,0.6409,0.554468085106383,0.08642347949653395,-127,draftkings,3,2026-08-17,682668,824641,False
TB,Pete Crow-Armstrong,CHC,CWS,1,Expected Lineup,1.5,0.5195,0.4945631067961165,0.024905990948712375,-104,betrivers,9,2026-08-17,691718,824641,False
HRR,Pete Crow-Armstrong,CHC,CWS,1,Expected Lineup,1.5,0.6499,0.5870347724044223,0.0628995130158243,-152,draftkings,2,2026-08-17,691718,824641,False
TB,Seiya Suzuki,CHC,CWS,2,Expected Lineup,1.5,0.4368,0.4345454545454545,0.002252542583136896,131,draftkings,9,2026-08-17,673548,824641,False
HRR,Seiya Suzuki,CHC,CWS,2,Expected Lineup,1.5,0.601,0.5295495495495496,0.07140372282693563,-115,draftkings,3,2026-08-17,673548,824641,False
TB,Michael Busch,CHC,CWS,3,Expected Lineup,1.5,0.3884,0.4345454545454545,-0.046121324353994464,128,betrivers,9,2026-08-17,683737,824641,False
HRR,Michael Busch,CHC,CWS,3,Expected Lineup,1.5,0.5328,0.5254545454545454,0.007310436640834306,-120,williamhill_us,3,2026-08-17,683737,824641,False
TB,Alex Bregman,CHC,CWS,4,Expected Lineup,1.5,0.3707,0.39322314049586776,-0.02255454263712625,145,draftkings,9,2026-08-17,608324,824641,False
HRR,Alex Bregman,CHC,CWS,4,Expected Lineup,1.5,0.5215,0.5148837209302325,0.006570892891430313,-113,draftkings,3,2026-08-17,608324,824641,False
TB,Ian Happ,CHC,CWS,5,Expected Lineup,1.5,0.4016,0.3840816326530612,0.017558857957905516,155,betrivers,6,2026-08-17,664023,824641,False
HRR,Ian Happ,CHC,CWS,5,Expected Lineup,1.5,0.5123,0.4921951219512195,0.02014281597342782,100,betmgm,3,2026-08-17,664023,824641,False
TB,Nico Hoerner,CHC,CWS,6,Expected Lineup,1.5,0.3382,0.372156862745098,-0.033912360327080504,165,betrivers,9,2026-08-17,663538,824641,False
HRR,Nico Hoerner,CHC,CWS,6,Expected Lineup,1.5,0.4779,0.5105164319248826,-0.03262501001134427,-107,draftkings,3,2026-08-17,663538,824641,False
TB,Pedro Ramirez,CHC,CWS,7,Expected Lineup,1.5,0.412,0.37230769230769234,0.039665257268531984,175,draftkings,4,2026-08-17,699393,824641,False
HRR,Pedro Ramirez,CHC,CWS,7,Expected Lineup,1.5,0.5364,0.4740211412445592,0.062364835599738155,107,draftkings,2,2026-08-17,699393,824641,False
TB,Michael Conforto,CHC,CWS,8,Expected Lineup,1.5,0.3737,0.3133333333333333,0.0603980870527428,205,betrivers,6,2026-08-17,624424,824641,False
HRR,Michael Conforto,CHC,CWS,8,Expected Lineup,0.5,0.6831,0.5953846153846154,0.08766884930192242,-160,draftkings,1,2026-08-17,624424,824641,False
TB,Miguel Amaya,CHC,CWS,9,Expected Lineup,1.5,0.2924,0.3025806451612903,-0.010130873022332898,210,betmgm,1,2026-08-17,665804,824641,False
TB,Shohei Ohtani,LAD,COL,1,Expected Lineup,1.5,0.5884,0.6466666666666666,-0.05829577819245857,-165,fanatics,5,2026-08-17,660271,824320,False
HRR,Shohei Ohtani,LAD,COL,1,Expected Lineup,2.5,0.498,0.5734959349593496,-0.07548140150469973,-140,betmgm,3,2026-08-17,660271,824320,False
TB,Freddie Freeman,LAD,COL,2,Expected Lineup,1.5,0.5565,0.5878431372549019,-0.03136775617015919,-145,fanatics,9,2026-08-17,518692,824320,False
HRR,Freddie Freeman,LAD,COL,2,Expected Lineup,2.5,0.443,0.5083018867924528,-0.06528595981230334,-110,betmgm,3,2026-08-17,518692,824320,False
TB,Andy Pages,LAD,COL,3,Expected Lineup,1.5,0.495,0.5633333333333334,-0.06830663430650663,-125,fanatics,9,2026-08-17,681624,824320,False
HRR,Andy Pages,LAD,COL,3,Expected Lineup,2.5,0.4128,0.4945631067961165,-0.0817323133395218,-105,betmgm,3,2026-08-17,681624,824320,False
TB,Max Muncy,LAD,COL,4,Expected Lineup,1.5,0.5292,0.5295495495495496,-0.0003558222376360831,-110,fanatics,9,2026-08-17,571970,824320,False
HRR,Max Muncy,LAD,COL,4,Expected Lineup,2.5,0.4252,0.46780487804878046,-0.04260695222250832,110,betmgm,3,2026-08-17,571970,824320,False
TB,Mookie Betts,LAD,COL,5,Expected Lineup,1.5,0.4334,0.5335714285714286,-0.10016001373031402,-110,fanatics,9,2026-08-17,605141,824320,False
HRR,Mookie Betts,LAD,COL,5,Expected Lineup,2.5,0.3384,0.4654368932038835,-0.12699798629017672,109,draftkings,3,2026-08-17,605141,824320,False
TB,Kyle Tucker,LAD,COL,6,Expected Lineup,1.5,0.4103,0.47751243781094527,-0.06720343956851255,105,fanatics,9,2026-08-17,663656,824320,False
HRR,Kyle Tucker,LAD,COL,6,Expected Lineup,1.5,0.5244,0.5908949416342413,-0.06652314089288047,-145,betmgm,3,2026-08-17,663656,824320,False
TB,Tommy Edman,LAD,COL,7,Expected Lineup,1.5,0.4422,0.5038095238095238,-0.06161209828910469,-105,betmgm,9,2026-08-17,669242,824320,False
HRR,Tommy Edman,LAD,COL,7,Expected Lineup,2.5,0.3305,0.43662100456621,-0.10614082518074885,125,betmgm,3,2026-08-17,669242,824320,False
TB,Teoscar Hernandez,LAD,COL,8,Expected Lineup,1.5,0.3762,0.48495049504950494,-0.10872618540950951,105,fanatics,7,2026-08-17,606192,824320,False
HRR,Teoscar Hernandez,LAD,COL,8,Expected Lineup,1.5,0.5073,0.5953846153846154,-0.08804400694655867,-160,draftkings,3,2026-08-17,606192,824320,False
TB,Hunter Feduccia,LAD,COL,9,Expected Lineup,1.5,0.385,0.4046303642264695,-0.0196706741944096,160,fanatics,6,2026-08-17,676439,824320,False
HRR,Hunter Feduccia,LAD,COL,9,Expected Lineup,1.5,0.4602,0.5105164319248826,-0.05033764159155474,-106,draftkings,3,2026-08-17,676439,824320,False
TB,Jake McCarthy,COL,LAD,1,Expected Lineup,1.5,0.4541,0.4451162790697674,0.008958684563184549,125,fanatics,9,2026-08-17,664983,824320,False
HRR,Jake McCarthy,COL,LAD,1,Expected Lineup,1.5,0.605,0.5508154506437768,0.05414640394639647,-132,williamhill_us,3,2026-08-17,664983,824320,False
TB,Cole Carrigg,COL,LAD,2,Expected Lineup,1.5,0.431,0.42052863436123344,0.010445856408931142,140,fanatics,9,2026-08-17,694249,824320,False
HRR,Cole Carrigg,COL,LAD,2,Expected Lineup,1.5,0.5785,0.5254545454545454,0.0530899919089175,-120,williamhill_us,3,2026-08-17,694249,824320,False
TB,TJ Rumfield,COL,LAD,3,Expected Lineup,1.5,0.3873,0.3906932029009951,-0.003381286205284162,165,betmgm,8,2026-08-17,681198,824320,False
HRR,TJ Rumfield,COL,LAD,3,Expected Lineup,1.5,0.543,0.5015311004784688,0.041507079877036834,-105,betmgm,3,2026-08-17,681198,824320,False
TB,Hunter Goodman,COL,LAD,4,Expected Lineup,1.5,0.4039,0.41478260869565214,-0.010931708283784147,130,betmgm,1,2026-08-17,696100,824320,False
HRR,Hunter Goodman,COL,LAD,4,Expected Lineup,1.5,0.5543,0.4980023228803716,0.05626979431664891,-105,betmgm,2,2026-08-17,696100,824320,False
TB,Willi Castro,COL,LAD,5,Expected Lineup,1.5,0.3572,0.39666666666666667,-0.03946630631916537,151,draftkings,9,2026-08-17,650489,824320,False
HRR,Willi Castro,COL,LAD,5,Expected Lineup,1.5,0.5178,0.4873891625615764,0.03043066791142779,100,betmgm,3,2026-08-17,650489,824320,False
TB,Jordan Beck,COL,LAD,6,Expected Lineup,1.5,0.3259,0.315016835016835,0.010919594102992869,200,betrivers,6,2026-08-17,687597,824320,False
HRR,Jordan Beck,COL,LAD,6,Expected Lineup,0.5,0.6638,0.6291228070175439,0.03467409581208558,-185,draftkings,1,2026-08-17,687597,824320,False
TB,Connor Norby,COL,LAD,7,Expected Lineup,1.5,0.2781,0.33401002506265665,-0.05590696149448304,210,fanduel,6,2026-08-17,681393,824320,False
HRR,Connor Norby,COL,LAD,7,Expected Lineup,1.5,0.3663,0.41859649122807013,-0.05227174684322322,134,draftkings,3,2026-08-17,681393,824320,False
TB,Ezequiel Tovar,COL,LAD,8,Expected Lineup,1.5,0.2793,0.3052247488101533,-0.02593628575265544,227,draftkings,6,2026-08-17,678662,824320,False
HRR,Ezequiel Tovar,COL,LAD,8,Expected Lineup,0.5,0.613,0.6109963099630996,0.0019988847167942136,-171,draftkings,1,2026-08-17,678662,824320,False
TB,Adael Amador,COL,LAD,9,Expected Lineup,1.5,0.2927,0.3025806451612903,-0.009853792194890632,210,betmgm,1,2026-08-17,691182,824320,False
HRR,Adael Amador,COL,LAD,9,Expected Lineup,0.5,0.6567,0.5953846153846154,0.06131214241719185,-160,betmgm,1,2026-08-17,691182,824320,False
