market,name,team,opp,slot,src,line,p_model,p_mkt,edge,best_price,book,nbooks,date,player_id,game_pk,on_board,actual,settle,units
TB,Trent Grisham,NYY,BAL,1,statsapi,1.5,0.4418,0.4472897196261682,-0.005475496534283419,120,betmgm,9,2026-08-18,663757,824803,False,5,W,1.2
HRR,Trent Grisham,NYY,BAL,1,statsapi,1.5,0.5681,0.5305050505050505,0.03756410733911242,-118,betmgm,4,2026-08-18,663757,824803,False,6,W,0.8475
TB,Ben Rice,NYY,BAL,2,statsapi,1.5,0.4784,0.44296296296296295,0.035471135918866414,120,fanduel,9,2026-08-18,700250,824803,False,0,L,-1.0
HRR,Ben Rice,NYY,BAL,2,statsapi,1.5,0.6158,0.5335714285714286,0.08222509654540988,-124,williamhill_us,3,2026-08-18,700250,824803,False,0,L,-1.0
TB,Heliot Ramos,NYY,BAL,3,statsapi,1.5,0.4085,0.46780487804878046,-0.0592609495330112,130,betmgm,9,2026-08-18,671218,824803,False,0,L,-1.0
HRR,Heliot Ramos,NYY,BAL,3,statsapi,1.5,0.5146,0.5355555555555556,-0.020951178360536837,-120,betmgm,3,2026-08-18,671218,824803,False,0,L,-1.0
TB,Luis García Jr.,NYY,BAL,4,statsapi,1.5,0.5365,0.4451162790697674,0.09139155735650656,123,betrivers,9,2026-08-18,671277,824803,True,0,L,-1.0
HRR,Luis García Jr.,NYY,BAL,4,statsapi,1.5,0.6568,0.5355555555555556,0.1212795716942,-119,draftkings,3,2026-08-18,671277,824803,True,0,L,-1.0
TB,Spencer Jones,NYY,BAL,5,statsapi,1.5,0.3894,0.32364666981577705,0.06572414785150632,205,betrivers,6,2026-08-18,682987,824803,False,1,L,-1.0
HRR,Spencer Jones,NYY,BAL,5,statsapi,1.5,0.4977,0.4264374688589935,0.07128274129734485,125,betmgm,2,2026-08-18,682987,824803,False,2,W,1.25
TB,Jazz Chisholm Jr.,NYY,BAL,6,statsapi,1.5,0.3517,0.3955172413793103,-0.043856442450351585,158,draftkings,6,2026-08-18,665862,824803,False,0,L,-1.0
HRR,Jazz Chisholm Jr.,NYY,BAL,6,statsapi,1.5,0.4857,0.45619047619047615,0.02951420228374868,125,betmgm,3,2026-08-18,665862,824803,False,0,L,-1.0
TB,George Lombard Jr.,NYY,BAL,7,statsapi,1.5,0.3418,0.372156862745098,-0.030370633724143004,165,betmgm,8,2026-08-18,806146,824803,False,2,W,1.65
HRR,George Lombard Jr.,NYY,BAL,7,statsapi,1.5,0.4743,0.47261083743842364,0.0016397956522501422,110,betmgm,3,2026-08-18,806146,824803,False,3,W,1.1
TB,Ryan McMahon,NYY,BAL,8,statsapi,1.5,0.3422,0.32493012191495685,0.017272779740581223,210,fanatics,6,2026-08-18,641857,824803,False,0,L,-1.0
HRR,Ryan McMahon,NYY,BAL,8,statsapi,0.5,0.6765,0.6026415094339622,0.07387600608088019,-160,draftkings,3,2026-08-18,641857,824803,False,0,L,-1.0
TB,Austin Wells,NYY,BAL,9,statsapi,1.5,0.2575,0.30590233545647555,-0.04836922731029447,220,betrivers,6,2026-08-18,669224,824803,False,0,L,-1.0
HRR,Austin Wells,NYY,BAL,9,statsapi,0.5,0.6154,0.5878431372549019,0.027603123598830437,-142,draftkings,3,2026-08-18,669224,824803,False,0,L,-1.0
TB,Jackson Holliday,BAL,NYY,1,statsapi,1.5,0.3452,0.3737984496124031,-0.02856687073145492,165,fanatics,6,2026-08-18,702616,824803,False,0,L,-1.0
HRR,Jackson Holliday,BAL,NYY,1,statsapi,1.5,0.4942,0.48248756218905475,0.011750321473350978,105,betmgm,3,2026-08-18,702616,824803,False,0,L,-1.0
TB,Pete Alonso,BAL,NYY,2,statsapi,1.5,0.3643,0.4345454545454545,-0.07020652725415627,130,fanatics,9,2026-08-18,624413,824803,False,1,L,-1.0
HRR,Pete Alonso,BAL,NYY,2,statsapi,1.5,0.527,0.5191705069124424,0.007859695275362122,-111,draftkings,3,2026-08-18,624413,824803,False,1,L,-1.0
TB,Tyler O'Neill,BAL,NYY,3,statsapi,1.5,0.314,0.3883333333333333,-0.07430560092684091,170,fanatics,6,2026-08-18,641933,824803,False,0,L,-1.0
HRR,Tyler O'Neill,BAL,NYY,3,statsapi,1.5,0.4435,0.4630917874396135,-0.019563143770266134,117,draftkings,3,2026-08-18,641933,824803,False,0,L,-1.0
TB,Coby Mayo,BAL,NYY,4,statsapi,1.5,0.3404,0.37392059553349877,-0.033483665336717316,175,fanatics,6,2026-08-18,691723,824803,False,4,W,1.75
HRR,Coby Mayo,BAL,NYY,4,statsapi,1.5,0.4566,0.4472897196261682,0.009283497831021947,116,draftkings,3,2026-08-18,691723,824803,False,3,W,1.16
TB,Gunnar Henderson,BAL,NYY,5,statsapi,1.5,0.3274,0.40019774011299436,-0.07277572142825373,150,betmgm,8,2026-08-18,683002,824803,False,0,L,-1.0
HRR,Gunnar Henderson,BAL,NYY,5,statsapi,1.5,0.4339,0.48495049504950494,-0.05105491570815113,100,betmgm,3,2026-08-18,683002,824803,False,0,L,-1.0
TB,Christian Encarnacion-Strand,BAL,NYY,6,statsapi,1.5,0.3286,0.38,-0.051370011985796826,162,draftkings,6,2026-08-18,687952,824803,False,0,L,-1.0
HRR,Christian Encarnacion-Strand,BAL,NYY,6,statsapi,1.5,0.4671,0.46076923076923076,0.0063318814370251775,114,draftkings,3,2026-08-18,687952,824803,False,0,L,-1.0
TB,Leody Taveras,BAL,NYY,7,statsapi,1.5,0.2401,0.30900432900432895,-0.06886754609557716,210,fanduel,6,2026-08-18,665750,824803,False,2,W,2.1
HRR,Leody Taveras,BAL,NYY,7,statsapi,1.5,0.3783,0.39841004184100415,-0.0201468316809979,140,betmgm,3,2026-08-18,665750,824803,False,2,W,1.4
TB,Christian Franklin,BAL,NYY,8,statsapi,1.5,0.2558,0.28076888285843504,-0.02492199051137356,250,betmgm,6,2026-08-18,681047,824803,False,0,L,-1.0
HRR,Christian Franklin,BAL,NYY,8,statsapi,0.5,0.6199,0.5908949416342413,0.028999660167182917,-152,draftkings,3,2026-08-18,681047,824803,False,0,L,-1.0
TB,Carlos Narváez,BAL,NYY,9,statsapi,1.5,0.1939,0.25549045649451674,-0.06160569525798992,265,betrivers,6,2026-08-18,665966,824803,False,0,L,-1.0
HRR,Carlos Narváez,BAL,NYY,9,statsapi,0.5,0.5316,0.58,-0.048351136052666166,-135,draftkings,3,2026-08-18,665966,824803,False,0,L,-1.0
TB,Gleyber Torres,DET,PIT,1,statsapi,1.5,0.3895,0.39666666666666667,-0.007133769313381444,150,fanduel,9,2026-08-18,650402,823341,False,1,L,-1.0
HRR,Gleyber Torres,DET,PIT,1,statsapi,1.5,0.5609,0.5212844036697247,0.03965088153128271,-115,betmgm,3,2026-08-18,650402,823341,False,1,L,-1.0
TB,Kevin McGonigle,DET,PIT,2,statsapi,1.5,0.4145,0.4345454545454545,-0.020040258387086618,130,fanatics,9,2026-08-18,805808,823341,False,1,L,-1.0
HRR,Kevin McGonigle,DET,PIT,2,statsapi,1.5,0.582,0.5275113122171946,0.05449588242182202,-120,draftkings,3,2026-08-18,805808,823341,False,1,L,-1.0
TB,Colt Keith,DET,PIT,3,statsapi,1.5,0.4217,0.38994623655913974,0.03177081184993158,150,betrivers,8,2026-08-18,690993,823341,False,1,L,-1.0
HRR,Colt Keith,DET,PIT,3,statsapi,1.5,0.5501,0.48,0.0701222659248103,105,draftkings,3,2026-08-18,690993,823341,False,1,L,-1.0
TB,Eduardo Valencia,DET,PIT,4,statsapi,1.5,0.4782,0.35037037037037033,0.12783015092986333,181,draftkings,5,2026-08-18,680664,823341,True,0,L,-1.0
HRR,Eduardo Valencia,DET,PIT,4,statsapi,1.5,0.6019,0.4654368932038835,0.13644036451652597,118,draftkings,3,2026-08-18,680664,823341,True,0,L,-1.0
TB,Zach McKinstry,DET,PIT,5,statsapi,1.5,0.3296,0.3504974271012007,-0.020909773764725914,185,fanduel,6,2026-08-18,656716,823341,False,0,L,-1.0
HRR,Zach McKinstry,DET,PIT,5,statsapi,1.5,0.4355,0.45169811320754716,-0.016187121476430477,115,draftkings,3,2026-08-18,656716,823341,False,0,L,-1.0
TB,Spencer Torkelson,DET,PIT,6,statsapi,1.5,0.3324,0.33907684373388347,-0.006699844975531666,185,betrivers,6,2026-08-18,679529,823341,False,0,L,-1.0
HRR,Spencer Torkelson,DET,PIT,6,statsapi,1.5,0.4408,0.4244444444444444,0.01639808745959065,127,draftkings,3,2026-08-18,679529,823341,False,0,L,-1.0
TB,Brett Callahan,DET,PIT,7,statsapi,1.5,0.3519,0.3308771929824561,0.020981014788985786,210,betrivers,5,2026-08-18,814430,823341,False,5,W,2.1
HRR,Brett Callahan,DET,PIT,7,statsapi,1.5,0.4816,0.4345454545454545,0.04707694842874294,135,draftkings,3,2026-08-18,814430,823341,False,4,W,1.35
TB,Max Clark,DET,PIT,8,statsapi,1.5,0.3308,0.33335689045936395,-0.002573839495812469,195,betrivers,5,2026-08-18,703601,823341,False,0,L,-1.0
HRR,Max Clark,DET,PIT,8,statsapi,1.5,0.4608,0.4345454545454545,0.026261893333372976,128,draftkings,3,2026-08-18,703601,823341,False,0,L,-1.0
TB,Javier Báez,DET,PIT,9,statsapi,1.5,0.2957,0.30786885245901635,-0.012201638055986452,221,draftkings,5,2026-08-18,595879,823341,False,0,L,-1.0
HRR,Javier Báez,DET,PIT,9,statsapi,1.5,0.4207,0.42346116027531955,-0.0028004623795035433,126,williamhill_us,2,2026-08-18,595879,823341,False,0,L,-1.0
TB,Spencer Horwitz,PIT,DET,1,statsapi,1.5,0.3629,0.4345454545454545,-0.07166593597810372,133,betrivers,9,2026-08-18,687462,823341,False,1,L,-1.0
HRR,Spencer Horwitz,PIT,DET,1,statsapi,1.5,0.4985,0.5403864734299517,-0.04192875894824205,-124,williamhill_us,4,2026-08-18,687462,823341,False,2,W,0.8065
TB,Brandon Lowe,PIT,DET,2,statsapi,1.5,0.4132,0.4451162790697674,-0.03194411355306409,125,betrivers,9,2026-08-18,664040,823341,False,0,L,-1.0
HRR,Brandon Lowe,PIT,DET,2,statsapi,1.5,0.5359,0.5394713656387665,-0.0035380750053805032,-122,draftkings,3,2026-08-18,664040,823341,False,0,L,-1.0
TB,Bryan Reynolds,PIT,DET,3,statsapi,1.5,0.3568,0.4244444444444444,-0.06766269745611303,138,betrivers,9,2026-08-18,668804,823341,False,1,L,-1.0
HRR,Bryan Reynolds,PIT,DET,3,statsapi,1.5,0.4942,0.5275113122171946,-0.03334212719144036,-112,draftkings,3,2026-08-18,668804,823341,False,2,W,0.8929
TB,Esmerlyn Valdez,PIT,DET,4,statsapi,1.5,0.3849,0.38,0.004886652058350427,155,fanatics,6,2026-08-18,699013,823341,False,0,L,-1.0
HRR,Esmerlyn Valdez,PIT,DET,4,statsapi,1.5,0.4902,0.48495049504950494,0.005298518326370905,105,betmgm,3,2026-08-18,699013,823341,False,1,L,-1.0
TB,Oneil Cruz,PIT,DET,5,statsapi,1.5,0.3429,0.4305327245053272,-0.08759250029687615,138,betrivers,8,2026-08-18,665833,823341,False,4,W,1.38
HRR,Oneil Cruz,PIT,DET,5,statsapi,1.5,0.495,0.5148837209302325,-0.019926278343528336,-110,betmgm,3,2026-08-18,665833,823341,False,4,W,0.9091
TB,Jake Mangum,PIT,DET,6,statsapi,1.5,0.3323,0.3848649357461316,-0.052528699453999295,155,fanduel,8,2026-08-18,663968,823341,False,1,L,-1.0
HRR,Jake Mangum,PIT,DET,6,statsapi,1.5,0.4708,0.49923076923076926,-0.028472432952020288,-107,williamhill_us,3,2026-08-18,663968,823341,False,1,L,-1.0
TB,Rafael Flores Jr.,PIT,DET,7,statsapi,1.5,0.3198,0.3079569892473118,0.011828102499643112,215,fanatics,4,2026-08-18,804668,823341,False,2,W,2.15
HRR,Rafael Flores Jr.,PIT,DET,7,statsapi,0.5,0.6573,0.6096296296296296,0.047702387752698194,-170,williamhill_us,3,2026-08-18,804668,823341,False,2,W,0.5882
TB,Jacob Gonzalez,PIT,DET,8,statsapi,1.5,0.2799,0.3133333333333333,-0.033384748360201555,220,betrivers,5,2026-08-18,694378,823341,False,0,L,-1.0
HRR,Jacob Gonzalez,PIT,DET,8,statsapi,1.5,0.4033,0.43662100456621,-0.03332271533697334,131,draftkings,3,2026-08-18,694378,823341,False,0,L,-1.0
TB,Jared Triolo,PIT,DET,9,statsapi,1.5,0.2459,0.3106010928961748,-0.06467303997908214,213,draftkings,4,2026-08-18,669707,823341,False,1,L,-1.0
HRR,Jared Triolo,PIT,DET,9,statsapi,1.5,0.3388,0.4294586296056884,-0.09065819767923727,124,draftkings,2,2026-08-18,669707,823341,False,2,W,1.24
TB,Jonah Cox,SF,CLE,1,statsapi,1.5,0.3987,0.3646153846153846,0.0341016550098559,184,draftkings,6,2026-08-18,813841,824398,False,2,W,1.84
HRR,Jonah Cox,SF,CLE,1,statsapi,1.5,0.5304,0.42744744744744745,0.10293571055882411,125,draftkings,2,2026-08-18,813841,824398,False,2,W,1.25
TB,Rafael Devers,SF,CLE,2,statsapi,1.5,0.4055,0.41478260869565214,-0.009327112500995549,140,betrivers,9,2026-08-18,646240,824398,False,0,L,-1.0
HRR,Rafael Devers,SF,CLE,2,statsapi,1.5,0.5052,0.4787562189054726,0.026446773305249582,105,betmgm,4,2026-08-18,646240,824398,False,0,L,-1.0
TB,Victor Bericoto,SF,CLE,3,statsapi,1.5,0.4237,0.3531551099972152,0.07058744962490038,180,betrivers,6,2026-08-18,682674,824398,True,0,L,-1.0
HRR,Victor Bericoto,SF,CLE,3,statsapi,1.5,0.5544,0.4451162790697674,0.10930386816505494,122,draftkings,3,2026-08-18,682674,824398,False,0,L,-1.0
TB,Bryce Eldridge,SF,CLE,4,statsapi,1.5,0.3741,0.39666666666666667,-0.02252856519565377,175,betrivers,8,2026-08-18,805811,824398,False,5,W,1.75
HRR,Bryce Eldridge,SF,CLE,4,statsapi,1.5,0.4813,0.4584688995215311,0.022871342181067345,115,betmgm,3,2026-08-18,805811,824398,False,4,W,1.15
TB,Osleivis Basabe,SF,CLE,5,statsapi,1.5,0.3804,0.3646153846153846,0.015761138821789922,190,betrivers,5,2026-08-18,678545,824398,False,0,L,-1.0
HRR,Osleivis Basabe,SF,CLE,5,statsapi,1.5,0.5202,0.44948356807511736,0.0707457206407226,119,draftkings,3,2026-08-18,678545,824398,False,0,L,-1.0
TB,Buddy Kennedy,SF,CLE,6,statsapi,1.5,0.2892,0.32482758620689656,-0.03558435769803281,220,betmgm,5,2026-08-18,671083,824398,False,1,L,-1.0
HRR,Buddy Kennedy,SF,CLE,6,statsapi,1.5,0.4094,0.4138578527330221,-0.0044978994704713005,132,draftkings,2,2026-08-18,671083,824398,False,1,L,-1.0
TB,Drew Gilbert,SF,CLE,7,statsapi,1.5,0.2854,0.3025806451612903,-0.017205945454151494,230,fanduel,5,2026-08-18,687551,824398,False,0,L,-1.0
HRR,Drew Gilbert,SF,CLE,7,statsapi,0.5,0.6346,0.6096296296296296,0.024949281262458434,-160,betmgm,3,2026-08-18,687551,824398,False,0,L,-1.0
TB,Andrew Knizner,SF,CLE,8,statsapi,1.5,0.3083,0.283030303030303,0.025292331293202464,247,draftkings,5,2026-08-18,668800,824398,False,0,L,-1.0
HRR,Andrew Knizner,SF,CLE,8,statsapi,0.5,0.6577,0.5650622406639004,0.09260971094969972,-131,draftkings,3,2026-08-18,668800,824398,False,0,L,-1.0
TB,Christian Koss,SF,CLE,9,statsapi,1.5,0.2659,0.3025806451612903,-0.03671809668657244,220,draftkings,5,2026-08-18,683766,824398,False,2,W,2.2
HRR,Christian Koss,SF,CLE,9,statsapi,0.5,0.6168,0.6176811594202898,-0.0008798339016549139,-173,williamhill_us,3,2026-08-18,683766,824398,False,1,W,0.578
TB,Steven Kwan,CLE,SF,1,statsapi,1.5,0.3309,0.39841004184100415,-0.06746467588151761,145,betrivers,9,2026-08-18,680757,824398,False,1,L,-1.0
HRR,Steven Kwan,CLE,SF,1,statsapi,1.5,0.5175,0.5470995670995671,-0.029644245604962594,-125,betmgm,3,2026-08-18,680757,824398,False,4,W,0.8
TB,José Ramírez,CLE,SF,2,statsapi,1.5,0.3898,0.475049504950495,-0.08523273534820908,115,fanatics,9,2026-08-18,608070,824398,False,4,W,1.15
HRR,José Ramírez,CLE,SF,2,statsapi,1.5,0.5604,0.58,-0.01963446647532041,-140,draftkings,3,2026-08-18,608070,824398,False,5,W,0.7143
TB,Jo Adell,CLE,SF,3,statsapi,1.5,0.4076,0.4630917874396135,-0.055442242828179056,117,betrivers,9,2026-08-18,666176,824398,False,6,W,1.17
HRR,Jo Adell,CLE,SF,3,statsapi,1.5,0.5686,0.5452173913043478,0.02340119587856382,-125,betmgm,3,2026-08-18,666176,824398,False,10,W,0.8
TB,Angel Martínez,CLE,SF,4,statsapi,1.5,0.4166,0.43045045045045044,-0.013828385856740455,127,draftkings,9,2026-08-18,682657,824398,False,2,W,1.27
HRR,Angel Martínez,CLE,SF,4,statsapi,1.5,0.5597,0.5489655172413793,0.010750030752539663,-126,draftkings,3,2026-08-18,682657,824398,False,3,W,0.7937
TB,Rhys Hoskins,CLE,SF,5,statsapi,1.5,0.321,0.3552464094621234,-0.03426004379281189,170,betrivers,6,2026-08-18,656555,824398,False,1,L,-1.0
HRR,Rhys Hoskins,CLE,SF,5,statsapi,1.5,0.4467,0.4472897196261682,-0.0006206035511708285,120,betmgm,3,2026-08-18,656555,824398,False,1,L,-1.0
TB,Angel Genao,CLE,SF,6,statsapi,1.5,0.3553,0.39666666666666667,-0.04138328861857882,150,draftkings,9,2026-08-18,694197,824398,False,3,W,1.5
HRR,Angel Genao,CLE,SF,6,statsapi,1.5,0.5324,0.5038095238095238,0.02862972795183638,-108,draftkings,3,2026-08-18,694197,824398,False,2,W,0.9259
TB,Travis Bazzana,CLE,SF,7,statsapi,1.5,0.2798,0.3308771929824561,-0.051089813840686615,188,betrivers,6,2026-08-18,683953,824398,False,0,L,-1.0
HRR,Travis Bazzana,CLE,SF,7,statsapi,1.5,0.432,0.4584688995215311,-0.026497265548612925,110,betmgm,3,2026-08-18,683953,824398,False,0,L,-1.0
TB,Patrick Bailey,CLE,SF,8,statsapi,1.5,0.266,0.347003367003367,-0.08096123929397847,200,betmgm,6,2026-08-18,672275,824398,False,0,L,-1.0
HRR,Patrick Bailey,CLE,SF,8,statsapi,1.5,0.4019,0.4630917874396135,-0.06121955150315067,120,betmgm,3,2026-08-18,672275,824398,False,1,L,-1.0
TB,Brayan Rocchio,CLE,SF,9,statsapi,1.5,0.304,0.35386443046820404,-0.049893022078076665,180,betmgm,6,2026-08-18,677587,824398,False,1,L,-1.0
HRR,Brayan Rocchio,CLE,SF,9,statsapi,1.5,0.4533,0.47261083743842364,-0.019277248579829764,115,betmgm,3,2026-08-18,677587,824398,False,2,W,1.15
TB,JJ Wetherholt,STL,CIN,1,statsapi,1.5,0.3502,0.44296296296296295,-0.09272916422231609,120,betrivers,9,2026-08-18,802139,824475,False,0,L,-1.0
HRR,JJ Wetherholt,STL,CIN,1,statsapi,1.5,0.5495,0.5650622406639004,-0.01553722270102842,-130,betmgm,3,2026-08-18,802139,824475,False,0,L,-1.0
TB,Iván Herrera,STL,CIN,2,statsapi,1.5,0.3415,0.42642857142857143,-0.08489794137052625,133,betrivers,9,2026-08-18,671056,824475,False,0,L,-1.0
HRR,Iván Herrera,STL,CIN,2,statsapi,1.5,0.5436,0.5649479032119177,-0.021319743292679272,-128,draftkings,4,2026-08-18,671056,824475,False,0,L,-1.0
TB,Jordan Walker,STL,CIN,3,statsapi,1.5,0.4397,0.46076923076923076,-0.021049489202032923,112,draftkings,9,2026-08-18,691023,824475,False,1,L,-1.0
HRR,Jordan Walker,STL,CIN,3,statsapi,1.5,0.6362,0.5580590717299578,0.07815099233867939,-125,draftkings,3,2026-08-18,691023,824475,False,2,W,0.8
TB,Alec Burleson,STL,CIN,4,statsapi,1.5,0.4161,0.4451162790697674,-0.028979428686196462,118,draftkings,9,2026-08-18,676475,824475,False,2,W,1.18
HRR,Alec Burleson,STL,CIN,4,statsapi,1.5,0.5962,0.5526495726495726,0.04351240847121263,-130,draftkings,3,2026-08-18,676475,824475,False,1,L,-1.0
TB,Joshua Báez,STL,CIN,5,statsapi,1.5,0.3601,0.41206420306084357,-0.051917597435665874,150,betrivers,8,2026-08-18,695491,824475,False,0,L,-1.0
HRR,Joshua Báez,STL,CIN,5,statsapi,1.5,0.5229,0.4969082125603864,0.02594705511648787,-105,betmgm,3,2026-08-18,695491,824475,False,1,L,-1.0
TB,Blaze Jordan,STL,CIN,6,statsapi,1.5,0.3423,0.3883333333333333,-0.04604614463045231,160,fanatics,8,2026-08-18,691458,824475,False,0,L,-1.0
HRR,Blaze Jordan,STL,CIN,6,statsapi,1.5,0.4992,0.4873891625615764,0.011805123811987006,100,betmgm,3,2026-08-18,691458,824475,False,0,L,-1.0
TB,Masyn Winn,STL,CIN,7,statsapi,1.5,0.2733,0.35386443046820404,-0.08052962846211387,178,draftkings,6,2026-08-18,691026,824475,False,8,W,1.78
HRR,Masyn Winn,STL,CIN,7,statsapi,1.5,0.4472,0.45619047619047615,-0.009006936798017562,110,williamhill_us,3,2026-08-18,691026,824475,False,6,W,1.1
TB,José Fermín,STL,CIN,8,statsapi,1.5,0.2802,0.3189830508474576,-0.03874423553688755,214,draftkings,5,2026-08-18,665877,824475,False,2,W,2.14
HRR,José Fermín,STL,CIN,8,statsapi,1.5,0.4315,0.42865604377917266,0.0028731828543495652,128,draftkings,2,2026-08-18,665877,824475,False,2,W,1.28
TB,Pedro Pagés,STL,CIN,9,statsapi,1.5,0.2479,0.2785074626865671,-0.030580595836337487,261,draftkings,5,2026-08-18,686780,824475,False,1,L,-1.0
HRR,Pedro Pagés,STL,CIN,9,statsapi,0.5,0.6148,0.5650622406639004,0.04974301719184149,-134,draftkings,3,2026-08-18,686780,824475,False,1,W,0.7463
TB,Elly De La Cruz,CIN,STL,1,statsapi,1.5,0.4545,0.44296296296296295,0.011557255513656328,138,betrivers,9,2026-08-18,682829,824475,False,0,L,-1.0
HRR,Elly De La Cruz,CIN,STL,1,statsapi,1.5,0.6296,0.5489655172413793,0.08064834174458158,-128,draftkings,3,2026-08-18,682829,824475,False,0,L,-1.0
TB,Sal Stewart,CIN,STL,2,statsapi,1.5,0.4335,0.46780487804878046,-0.03425981267003442,112,betrivers,9,2026-08-18,701398,824475,False,1,L,-1.0
HRR,Sal Stewart,CIN,STL,2,statsapi,1.5,0.578,0.568477366255144,0.009520775914457213,-141,williamhill_us,3,2026-08-18,701398,824475,False,1,L,-1.0
TB,JJ Bleday,CIN,STL,3,statsapi,1.5,0.3999,0.4284304932735426,-0.028541379764996766,145,betrivers,9,2026-08-18,668709,824475,False,0,L,-1.0
HRR,JJ Bleday,CIN,STL,3,statsapi,1.5,0.5561,0.5105164319248826,0.04562344598672685,-110,betmgm,3,2026-08-18,668709,824475,False,0,L,-1.0
TB,Eugenio Suárez,CIN,STL,4,statsapi,1.5,0.3795,0.3683861236802413,0.011098434568720339,175,betrivers,8,2026-08-18,553993,824475,False,0,L,-1.0
HRR,Eugenio Suárez,CIN,STL,4,statsapi,1.5,0.4728,0.45619047619047615,0.016580956868952335,116,draftkings,3,2026-08-18,553993,824475,False,0,L,-1.0
TB,Tyler Stephenson,CIN,STL,5,statsapi,1.5,0.3893,0.3924149659863946,-0.003105617595584198,175,betrivers,8,2026-08-18,663886,824475,False,0,L,-1.0
HRR,Tyler Stephenson,CIN,STL,5,statsapi,1.5,0.4999,0.47751243781094527,0.022350257447136368,103,draftkings,3,2026-08-18,663886,824475,False,0,L,-1.0
TB,Dane Myers,CIN,STL,6,statsapi,1.5,0.3278,0.3189830508474576,0.008839655960617254,210,fanatics,5,2026-08-18,667472,824475,False,1,L,-1.0
HRR,Dane Myers,CIN,STL,6,statsapi,1.5,0.4693,0.43871559633027524,0.030614397471397548,126,draftkings,3,2026-08-18,667472,824475,False,1,L,-1.0
TB,Matt McLain,CIN,STL,7,statsapi,1.5,0.3156,0.3284320557491289,-0.012830393894812497,225,betrivers,5,2026-08-18,680574,824475,False,0,L,-1.0
HRR,Matt McLain,CIN,STL,7,statsapi,1.5,0.3886,0.4244444444444444,-0.03588416031477515,126,draftkings,3,2026-08-18,680574,824475,False,0,L,-1.0
TB,Héctor Rodríguez,CIN,STL,8,statsapi,1.5,0.312,0.3025806451612903,0.0093920556196454,235,betrivers,5,2026-08-18,699302,824475,False,0,L,-1.0
HRR,Héctor Rodríguez,CIN,STL,8,statsapi,0.5,0.6806,0.615036496350365,0.06558135914057928,-174,draftkings,1,2026-08-18,699302,824475,False,0,L,-1.0
TB,Ke'Bryan Hayes,CIN,STL,9,statsapi,1.5,0.2119,0.283030303030303,-0.07109679429565466,260,betrivers,5,2026-08-18,663647,824475,False,1,L,-1.0
HRR,Ke'Bryan Hayes,CIN,STL,9,statsapi,0.5,0.5354,0.5598319327731093,-0.024440148205557732,-138,draftkings,1,2026-08-18,663647,824475,False,1,W,0.7246
TB,Brett Bateman,TOR,TB,1,statsapi,1.5,0.4028,0.38404205302337724,0.018720603436743144,155,betmgm,8,2026-08-18,703520,822938,False,2,W,1.55
HRR,Brett Bateman,TOR,TB,1,statsapi,1.5,0.519,0.5038095238095238,0.015146805500705018,100,draftkings,3,2026-08-18,703520,822938,False,4,W,1.0
TB,Nathan Lukes,TOR,TB,2,statsapi,1.5,0.3953,0.38816326530612244,0.00714921211232411,160,betrivers,9,2026-08-18,664770,822938,False,1,L,-1.0
HRR,Nathan Lukes,TOR,TB,2,statsapi,1.5,0.5108,0.4921951219512195,0.018628087283043104,102,draftkings,3,2026-08-18,664770,822938,False,2,W,1.02
TB,Alejandro Kirk,TOR,TB,3,statsapi,1.5,0.3903,0.405531914893617,-0.015276197266224756,140,betmgm,9,2026-08-18,672386,822938,False,7,W,1.4
HRR,Alejandro Kirk,TOR,TB,3,statsapi,1.5,0.5349,0.5083018867924528,0.026567862652807972,-108,draftkings,3,2026-08-18,672386,822938,False,8,W,0.9259
TB,George Springer,TOR,TB,4,statsapi,1.5,0.3607,0.41103448275862065,-0.05033441432506841,140,fanatics,9,2026-08-18,543807,822938,False,4,W,1.4
HRR,George Springer,TOR,TB,4,statsapi,1.5,0.4825,0.5148837209302325,-0.03242698620213602,-110,draftkings,3,2026-08-18,543807,822938,False,5,W,0.9091
TB,Jesús Sánchez,TOR,TB,5,statsapi,1.5,0.4029,0.35664917009504893,0.046282192445978976,170,betrivers,6,2026-08-18,660821,822938,False,2,W,1.7
HRR,Jesús Sánchez,TOR,TB,5,statsapi,1.5,0.4981,0.4630917874396135,0.03503510821538147,120,draftkings,3,2026-08-18,660821,822938,False,2,W,1.2
TB,Kazuma Okamoto,TOR,TB,6,statsapi,1.5,0.356,0.38161290322580643,-0.0256589541815182,156,draftkings,6,2026-08-18,672960,822938,False,4,W,1.56
HRR,Kazuma Okamoto,TOR,TB,6,statsapi,1.5,0.4944,0.45619047619047615,0.03816761865964918,116,draftkings,3,2026-08-18,672960,822938,False,3,W,1.16
TB,Andrés Giménez,TOR,TB,7,statsapi,1.5,0.3359,0.3155855855855856,0.020301064324708684,200,betrivers,6,2026-08-18,665926,822938,False,1,L,-1.0
HRR,Andrés Giménez,TOR,TB,7,statsapi,0.5,0.6689,0.6163636363636363,0.05250333878536029,-175,draftkings,1,2026-08-18,665926,822938,False,1,W,0.5714
TB,Ernie Clement,TOR,TB,8,statsapi,1.5,0.3826,0.3646153846153846,0.01800914969859696,166,draftkings,6,2026-08-18,676391,822938,False,3,W,1.66
HRR,Ernie Clement,TOR,TB,8,statsapi,1.5,0.486,0.44948356807511736,0.036553891751514245,113,williamhill_us,3,2026-08-18,676391,822938,False,6,W,1.13
TB,Josh Smith,TOR,TB,9,statsapi,1.5,0.2492,0.30002048131080383,-0.050802743551846496,255,betrivers,6,2026-08-18,669701,822938,False,5,W,2.55
HRR,Josh Smith,TOR,TB,9,statsapi,0.5,0.6006,0.5946421146421146,0.005978887105347108,-155,betmgm,4,2026-08-18,669701,822938,False,5,W,0.6452
TB,Chandler Simpson,TB,TOR,1,statsapi,1.5,0.3954,0.4166812227074236,-0.021318778493290114,135,fanatics,9,2026-08-18,802415,822938,False,2,W,1.35
HRR,Chandler Simpson,TB,TOR,1,statsapi,1.5,0.574,0.5615899581589958,0.012364837541372409,-128,williamhill_us,3,2026-08-18,802415,822938,False,2,W,0.7812
TB,Junior Caminero,TB,TOR,2,statsapi,1.5,0.3744,0.4324886877828054,-0.058056105198338925,130,betmgm,9,2026-08-18,691406,822938,False,2,W,1.3
HRR,Junior Caminero,TB,TOR,2,statsapi,1.5,0.5562,0.5470995670995671,0.009124042898102314,-130,williamhill_us,3,2026-08-18,691406,822938,False,2,W,0.7692
TB,Jonathan Aranda,TB,TOR,3,statsapi,1.5,0.3622,0.40918454935622317,-0.04696330030582546,145,fanatics,9,2026-08-18,666018,822938,False,1,L,-1.0
HRR,Jonathan Aranda,TB,TOR,3,statsapi,1.5,0.578,0.5355555555555556,0.04240114365908454,-116,draftkings,3,2026-08-18,666018,822938,False,1,L,-1.0
TB,Yandy Díaz,TB,TOR,4,statsapi,1.5,0.3647,0.3949377593360996,-0.03028684360280215,155,betmgm,9,2026-08-18,650490,822938,False,2,W,1.55
HRR,Yandy Díaz,TB,TOR,4,statsapi,1.5,0.5626,0.5355555555555556,0.027012472849208935,-118,draftkings,3,2026-08-18,650490,822938,False,3,W,0.8475
TB,Liam Hicks,TB,TOR,5,statsapi,1.5,0.3332,0.34038961038961035,-0.0072018018508238635,210,fanatics,6,2026-08-18,689414,822938,False,1,L,-1.0
HRR,Liam Hicks,TB,TOR,5,statsapi,1.5,0.5656,0.46780487804878046,0.09781678986852449,105,draftkings,3,2026-08-18,689414,822938,False,2,W,1.05
TB,Victor Mesa Jr.,TB,TOR,6,statsapi,1.5,0.2881,0.35037037037037033,-0.0622900894745852,170,betrivers,6,2026-08-18,683748,822938,False,0,L,-1.0
HRR,Victor Mesa Jr.,TB,TOR,6,statsapi,1.5,0.4504,0.46780487804878046,-0.017392725826150257,110,draftkings,3,2026-08-18,683748,822938,False,0,L,-1.0
TB,Cedric Mullins,TB,TOR,7,statsapi,1.5,0.2456,0.3133333333333333,-0.06770568162421653,210,betrivers,6,2026-08-18,656775,822938,False,1,L,-1.0
HRR,Cedric Mullins,TB,TOR,7,statsapi,1.5,0.4051,0.42052863436123344,-0.015477265472300494,130,betmgm,3,2026-08-18,656775,822938,False,3,W,1.3
TB,Richie Palacios,TB,TOR,8,statsapi,1.5,0.2356,0.2741176470588235,-0.03847407326858113,265,fanatics,6,2026-08-18,680700,822938,False,1,L,-1.0
HRR,Richie Palacios,TB,TOR,8,statsapi,0.5,0.6713,0.6136996336996337,0.05757733976721224,-161,draftkings,3,2026-08-18,680700,822938,False,3,W,0.6211
TB,Taylor Walls,TB,TOR,9,statsapi,1.5,0.1952,0.2600626713670192,-0.0648450174016082,270,betrivers,6,2026-08-18,670764,822938,False,1,L,-1.0
HRR,Taylor Walls,TB,TOR,9,statsapi,0.5,0.62,0.6202877697841727,-0.0002675116282255807,-175,betmgm,3,2026-08-18,670764,822938,False,3,W,0.5714
TB,Jakob Marsee,MIA,PHI,1,statsapi,1.5,0.3063,0.33278745644599306,-0.02650380722701995,200,betrivers,6,2026-08-18,805300,823423,False,0,L,-1.0
HRR,Jakob Marsee,MIA,PHI,1,statsapi,1.5,0.4315,0.4284304932735426,0.0030280651372858736,140,betmgm,3,2026-08-18,805300,823423,False,0,L,-1.0
TB,Xavier Edwards,MIA,PHI,2,statsapi,1.5,0.3596,0.38,-0.02035064244110818,163,betrivers,9,2026-08-18,669364,823423,False,1,L,-1.0
HRR,Xavier Edwards,MIA,PHI,2,statsapi,1.5,0.5145,0.47261083743842364,0.04186163482359101,115,betmgm,3,2026-08-18,669364,823423,False,2,W,1.15
TB,Otto Lopez,MIA,PHI,3,statsapi,1.5,0.4359,0.42052863436123344,0.015375033019989437,140,betmgm,9,2026-08-18,672640,823423,False,0,L,-1.0
HRR,Otto Lopez,MIA,PHI,3,statsapi,1.5,0.5436,0.5083018867924528,0.03529530074732101,-110,williamhill_us,3,2026-08-18,672640,823423,False,1,L,-1.0
TB,Griffin Conine,MIA,PHI,4,statsapi,1.5,0.4127,0.33401002506265665,0.0786841026229661,203,draftkings,6,2026-08-18,665052,823423,True,5,W,2.03
HRR,Griffin Conine,MIA,PHI,4,statsapi,0.5,0.7459,0.6026415094339622,0.14326199111266968,-164,williamhill_us,3,2026-08-18,665052,823423,True,5,W,0.6098
TB,Heriberto Hernández,MIA,PHI,5,statsapi,1.5,0.358,0.34167429692609547,0.016290413996941366,190,fanatics,6,2026-08-18,681715,823423,False,1,L,-1.0
HRR,Heriberto Hernández,MIA,PHI,5,statsapi,0.5,0.6658,0.6163636363636363,0.049445718573827735,-172,draftkings,3,2026-08-18,681715,823423,False,2,W,0.5814
TB,Agustín Ramírez,MIA,PHI,6,statsapi,1.5,0.3165,0.3219053185271771,-0.005372513137621215,210,draftkings,6,2026-08-18,682663,823423,False,0,L,-1.0
HRR,Agustín Ramírez,MIA,PHI,6,statsapi,0.5,0.6634,0.6136996336996337,0.049708812453264306,-165,betmgm,3,2026-08-18,682663,823423,False,0,L,-1.0
TB,Owen Caissie,MIA,PHI,7,statsapi,1.5,0.3403,0.2872203869749882,0.05304078698400283,235,fanatics,6,2026-08-18,683357,823423,False,0,L,-1.0
HRR,Owen Caissie,MIA,PHI,7,statsapi,0.5,0.6649,0.5526495726495726,0.11221602141584774,-105,betmgm,3,2026-08-18,683357,823423,True,0,L,-1.0
TB,Javier Sanoja,MIA,PHI,8,statsapi,1.5,0.3498,0.33714285714285713,0.012673473895575438,203,draftkings,6,2026-08-18,691594,823423,False,1,L,-1.0
HRR,Javier Sanoja,MIA,PHI,8,statsapi,1.5,0.4209,0.4129004329004329,0.008000966982019186,140,betmgm,3,2026-08-18,691594,823423,False,1,L,-1.0
TB,Brian Navarreto,MIA,PHI,9,statsapi,1.5,0.2695,0.2431578947368421,0.02634673320547279,340,betmgm,6,2026-08-18,640459,823423,False,0,L,-1.0
HRR,Brian Navarreto,MIA,PHI,9,statsapi,0.5,0.5812,0.522216635239891,0.05901777125468277,-115,betmgm,2,2026-08-18,640459,823423,False,1,W,0.8696
TB,Kyle Schwarber,PHI,MIA,1,statsapi,1.5,0.4013,0.4451162790697674,-0.04382041339081516,125,fanatics,9,2026-08-18,656941,823423,False,1,L,-1.0
HRR,Kyle Schwarber,PHI,MIA,1,statsapi,1.5,0.5782,0.5526495726495726,0.025577473759802682,-126,draftkings,3,2026-08-18,656941,823423,False,2,W,0.7937
TB,Trea Turner,PHI,MIA,2,statsapi,1.5,0.3916,0.46780487804878046,-0.07623563022272417,112,draftkings,10,2026-08-18,607208,823423,False,0,L,-1.0
HRR,Trea Turner,PHI,MIA,2,statsapi,1.5,0.5524,0.5831746031746031,-0.030811137373979114,-145,draftkings,3,2026-08-18,607208,823423,False,1,L,-1.0
TB,Bryce Harper,PHI,MIA,3,statsapi,1.5,0.4267,0.4451162790697674,-0.018399547436031005,118,draftkings,9,2026-08-18,547180,823423,False,0,L,-1.0
HRR,Bryce Harper,PHI,MIA,3,statsapi,1.5,0.5961,0.556271186440678,0.03977888125094986,-130,williamhill_us,3,2026-08-18,547180,823423,False,1,L,-1.0
TB,Luis Arraez,PHI,MIA,4,statsapi,1.5,0.466,0.4451162790697674,0.020921092475426506,120,fanatics,9,2026-08-18,650333,823423,False,3,W,1.2
HRR,Luis Arraez,PHI,MIA,4,statsapi,1.5,0.6136,0.5831746031746031,0.030445468830070044,-146,draftkings,3,2026-08-18,650333,823423,False,4,W,0.6849
TB,Alec Bohm,PHI,MIA,5,statsapi,1.5,0.3214,0.41478260869565214,-0.09336344543761804,141,draftkings,9,2026-08-18,664761,823423,False,3,W,1.41
HRR,Alec Bohm,PHI,MIA,5,statsapi,1.5,0.4868,0.5598022598870056,-0.07297814039457523,-129,draftkings,4,2026-08-18,664761,823423,False,5,W,0.7752
TB,Bryson Stott,PHI,MIA,6,statsapi,1.5,0.3854,0.39666666666666667,-0.01130740600802116,150,betmgm,9,2026-08-18,681082,823423,False,1,L,-1.0
HRR,Bryson Stott,PHI,MIA,6,statsapi,1.5,0.526,0.5335714285714286,-0.0075564707739204096,-120,betmgm,3,2026-08-18,681082,823423,False,5,W,0.8333
TB,Brandon Marsh,PHI,MIA,7,statsapi,1.5,0.3647,0.41478260869565214,-0.05011098999221836,145,fanatics,9,2026-08-18,669016,823423,False,1,L,-1.0
HRR,Brandon Marsh,PHI,MIA,7,statsapi,1.5,0.545,0.5275113122171946,0.017449738749808708,-114,draftkings,3,2026-08-18,669016,823423,False,1,L,-1.0
TB,J.T. Realmuto,PHI,MIA,8,statsapi,1.5,0.2618,0.3624217607487569,-0.10066035052780681,163,betrivers,6,2026-08-18,592663,823423,False,0,L,-1.0
HRR,J.T. Realmuto,PHI,MIA,8,statsapi,1.5,0.4001,0.4945631067961165,-0.09448937298747528,102,draftkings,3,2026-08-18,592663,823423,False,0,L,-1.0
TB,Justin Crawford,PHI,MIA,9,statsapi,1.5,0.3301,0.3602776171197224,-0.030178692656152473,195,betrivers,6,2026-08-18,702222,823423,False,2,W,1.95
HRR,Justin Crawford,PHI,MIA,9,statsapi,1.5,0.4606,0.4898039215686274,-0.029247791538476342,-101,draftkings,3,2026-08-18,702222,823423,False,3,W,0.9901
TB,Ildemaro Vargas,AZ,BOS,1,statsapi,1.5,0.416,0.4451162790697674,-0.029145928890623896,121,williamhill_us,7,2026-08-18,545121,824723,False,1,L,-1.0
HRR,Ildemaro Vargas,AZ,BOS,1,statsapi,1.5,0.5807,0.5508154506437768,0.02991918161103513,-129,williamhill_us,3,2026-08-18,545121,824723,False,2,W,0.7752
TB,Corbin Carroll,AZ,BOS,2,statsapi,1.5,0.4361,0.41859649122807013,0.017490105697185288,140,fanatics,9,2026-08-18,682998,824723,False,0,L,-1.0
HRR,Corbin Carroll,AZ,BOS,2,statsapi,1.5,0.5506,0.49923076923076926,0.05132277082590497,-101,draftkings,3,2026-08-18,682998,824723,False,1,L,-1.0
TB,Gabriel Moreno,AZ,BOS,3,statsapi,1.5,0.4177,0.41478260869565214,0.0028998136219339776,142,draftkings,10,2026-08-18,672515,824723,False,4,W,1.42
HRR,Gabriel Moreno,AZ,BOS,3,statsapi,1.5,0.5749,0.5148837209302325,0.06004661367961539,-107,draftkings,3,2026-08-18,672515,824723,False,6,W,0.9346
TB,Geraldo Perdomo,AZ,BOS,4,statsapi,1.5,0.308,0.3609869375907112,-0.05293711367227355,180,betrivers,8,2026-08-18,672695,824723,False,2,W,1.8
HRR,Geraldo Perdomo,AZ,BOS,4,statsapi,1.5,0.4565,0.48,-0.023496724762222976,104,draftkings,3,2026-08-18,672695,824723,False,1,L,-1.0
TB,Tim Tawa,AZ,BOS,5,statsapi,1.5,0.3198,0.347003367003367,-0.027190413819452586,185,fanatics,6,2026-08-18,694374,824723,False,1,L,-1.0
HRR,Tim Tawa,AZ,BOS,5,statsapi,1.5,0.4606,0.44948356807511736,0.011100171646053703,115,draftkings,3,2026-08-18,694374,824723,False,1,L,-1.0
TB,Jordan Lawlar,AZ,BOS,6,statsapi,1.5,0.3218,0.3161581920903954,0.005661123381844657,220,draftkings,6,2026-08-18,691783,824723,False,0,L,-1.0
HRR,Jordan Lawlar,AZ,BOS,6,statsapi,1.5,0.4697,0.436773386171655,0.032920715787605415,123,williamhill_us,2,2026-08-18,691783,824723,False,0,L,-1.0
TB,James McCann,AZ,BOS,7,statsapi,1.5,0.3351,0.299501862910223,0.035569539443579046,220,betrivers,6,2026-08-18,543510,824723,False,1,L,-1.0
HRR,James McCann,AZ,BOS,7,statsapi,1.5,0.4961,0.43778336476010893,0.05836018365943285,122,williamhill_us,2,2026-08-18,543510,824723,False,1,L,-1.0
TB,Jose Fernandez,AZ,BOS,8,statsapi,1.5,0.2853,0.3133333333333333,-0.028052832973893993,212,draftkings,6,2026-08-18,699912,824723,False,1,L,-1.0
HRR,Jose Fernandez,AZ,BOS,8,statsapi,1.5,0.4277,0.41859649122807013,0.009064970435708808,133,draftkings,3,2026-08-18,699912,824723,False,1,L,-1.0
TB,Ryan Waldschmidt,AZ,BOS,9,statsapi,1.5,0.3039,0.2925,0.011407060660906854,250,fanatics,6,2026-08-18,814439,824723,False,1,L,-1.0
HRR,Ryan Waldschmidt,AZ,BOS,9,statsapi,0.5,0.667,0.5847430830039525,0.08230626924035944,-153,draftkings,1,2026-08-18,814439,824723,False,2,W,0.6536
TB,Nick Sogard,BOS,AZ,1,statsapi,1.5,0.4215,0.40016806722689074,0.021329225834519627,145,williamhill_us,9,2026-08-18,686765,824723,False,2,W,1.45
HRR,Nick Sogard,BOS,AZ,1,statsapi,1.5,0.5554,0.5335714285714286,0.021875471394399493,-121,draftkings,3,2026-08-18,686765,824723,False,4,W,0.8264
TB,Ceddanne Rafaela,BOS,AZ,2,statsapi,1.5,0.501,0.4345454545454545,0.06641749702993155,134,draftkings,9,2026-08-18,678882,824723,True,1,L,-1.0
HRR,Ceddanne Rafaela,BOS,AZ,2,statsapi,1.5,0.6444,0.556271186440678,0.08814996185113766,-124,draftkings,3,2026-08-18,678882,824723,False,2,W,0.8065
TB,Wilyer Abreu,BOS,AZ,3,statsapi,1.5,0.4805,0.4921951219512195,-0.011719252962149207,100,williamhill_us,9,2026-08-18,677800,824723,False,0,L,-1.0
HRR,Wilyer Abreu,BOS,AZ,3,statsapi,1.5,0.6096,0.5633333333333334,0.04623299401906811,-139,williamhill_us,4,2026-08-18,677800,824723,False,1,L,-1.0
TB,Willson Contreras,BOS,AZ,4,statsapi,1.5,0.4579,0.4244444444444444,0.03348561689167401,130,fanatics,9,2026-08-18,575929,824723,False,3,W,1.3
HRR,Willson Contreras,BOS,AZ,4,statsapi,1.5,0.6243,0.5275113122171946,0.096824218387901,-115,draftkings,3,2026-08-18,575929,824723,False,4,W,0.8696
TB,Adley Rutschman,BOS,AZ,5,statsapi,1.5,0.4338,0.38816326530612244,0.045670034907085655,148,betrivers,8,2026-08-18,668939,824723,False,5,W,1.48
HRR,Adley Rutschman,BOS,AZ,5,statsapi,1.5,0.5539,0.5083018867924528,0.04564027638731183,-111,draftkings,3,2026-08-18,668939,824723,False,6,W,0.9009
TB,Caleb Durbin,BOS,AZ,6,statsapi,1.5,0.3789,0.3683861236802413,0.01055392873784844,163,draftkings,6,2026-08-18,702332,824723,False,1,L,-1.0
HRR,Caleb Durbin,BOS,AZ,6,statsapi,1.5,0.5451,0.5083018867924528,0.03681944484536703,-105,draftkings,3,2026-08-18,702332,824723,False,3,W,0.9524
TB,Jarren Duran,BOS,AZ,7,statsapi,1.5,0.3486,0.39666666666666667,-0.048032619177392044,155,fanatics,8,2026-08-18,680776,824723,False,1,L,-1.0
HRR,Jarren Duran,BOS,AZ,7,statsapi,1.5,0.4801,0.4945631067961165,-0.014493069987859708,103,draftkings,3,2026-08-18,680776,824723,False,2,W,1.03
TB,Andruw Monasterio,BOS,AZ,8,statsapi,1.5,0.3683,0.3504974271012007,0.01784406918141468,177,draftkings,6,2026-08-18,655316,824723,False,2,W,1.77
HRR,Andruw Monasterio,BOS,AZ,8,statsapi,1.5,0.4909,0.4701960784313725,0.020702176882731516,110,draftkings,3,2026-08-18,655316,824723,False,3,W,1.1
TB,Mickey Gasper,BOS,AZ,9,statsapi,1.5,0.3292,0.3308771929824561,-0.0016628932148318176,195,betrivers,5,2026-08-18,681508,824723,False,5,W,1.95
HRR,Mickey Gasper,BOS,AZ,9,statsapi,1.5,0.4587,0.45169811320754716,0.007011041900897852,112,williamhill_us,3,2026-08-18,681508,824723,False,5,W,1.12
TB,Fernando Tatis Jr.,SD,NYM,1,statsapi,1.5,0.4163,0.47751243781094527,-0.06121866502234491,110,fanatics,9,2026-08-18,665487,823586,False,8,W,1.1
HRR,Fernando Tatis Jr.,SD,NYM,1,statsapi,1.5,0.5717,0.5862992125984252,-0.014559851111566768,-148,draftkings,3,2026-08-18,665487,823586,False,7,W,0.6757
TB,Luis Rengifo,SD,NYM,2,statsapi,1.5,0.3336,0.39666666666666667,-0.06311244393171495,143,draftkings,9,2026-08-18,650859,823586,False,0,L,-1.0
HRR,Luis Rengifo,SD,NYM,2,statsapi,1.5,0.5006,0.5254545454545454,-0.02487855622817814,-113,draftkings,3,2026-08-18,650859,823586,False,0,L,-1.0
TB,Manny Machado,SD,NYM,3,statsapi,1.5,0.3545,0.45169811320754716,-0.09722274041139212,120,fanatics,9,2026-08-18,592518,823586,False,6,W,1.2
HRR,Manny Machado,SD,NYM,3,statsapi,1.5,0.4863,0.5433187772925764,-0.05701772652434567,-123,draftkings,3,2026-08-18,592518,823586,False,5,W,0.813
TB,Ty France,SD,NYM,4,statsapi,1.5,0.4149,0.42052863436123344,-0.005593613860498503,131,draftkings,9,2026-08-18,664034,823586,False,1,L,-1.0
HRR,Ty France,SD,NYM,4,statsapi,1.5,0.5714,0.5275113122171946,0.04385935758500459,-120,draftkings,3,2026-08-18,664034,823586,False,2,W,0.8333
TB,Jackson Merrill,SD,NYM,5,statsapi,1.5,0.3439,0.4244444444444444,-0.0805624987483673,135,betrivers,9,2026-08-18,701538,823586,False,0,L,-1.0
HRR,Jackson Merrill,SD,NYM,5,statsapi,1.5,0.5019,0.5295495495495496,-0.02760539285795205,-121,williamhill_us,3,2026-08-18,701538,823586,False,0,L,-1.0
TB,Xander Bogaerts,SD,NYM,6,statsapi,1.5,0.2701,0.372156862745098,-0.10202242355794144,165,betmgm,6,2026-08-18,593428,823586,False,0,L,-1.0
HRR,Xander Bogaerts,SD,NYM,6,statsapi,1.5,0.4272,0.4921951219512195,-0.0650383220109208,-101,draftkings,3,2026-08-18,593428,823586,False,0,L,-1.0
TB,Austin Hays,SD,NYM,7,statsapi,1.5,0.3171,0.37230769230769234,-0.05517624429435081,180,draftkings,6,2026-08-18,669720,823586,False,1,L,-1.0
HRR,Austin Hays,SD,NYM,7,statsapi,1.5,0.4764,0.4630917874396135,0.013310865981663256,117,draftkings,3,2026-08-18,669720,823586,False,1,L,-1.0
TB,Freddy Fermin,SD,NYM,8,statsapi,1.5,0.2709,0.30900432900432895,-0.03811622364877293,210,betrivers,6,2026-08-18,666023,823586,False,1,L,-1.0
HRR,Freddy Fermin,SD,NYM,8,statsapi,1.5,0.3673,0.4244444444444444,-0.05717728172844161,127,draftkings,3,2026-08-18,666023,823586,False,1,L,-1.0
TB,Jake Cronenworth,SD,NYM,9,statsapi,1.5,0.2265,0.3190804597701149,-0.0925361057157626,215,betrivers,6,2026-08-18,630105,823586,False,1,L,-1.0
HRR,Jake Cronenworth,SD,NYM,9,statsapi,1.5,0.3752,0.44296296296296295,-0.06779106568894228,135,betmgm,3,2026-08-18,630105,823586,False,2,W,1.35
TB,Francisco Lindor,NYM,SD,1,statsapi,1.5,0.3643,0.4451162790697674,-0.08083360808511869,125,fanatics,9,2026-08-18,596019,823586,False,0,L,-1.0
HRR,Francisco Lindor,NYM,SD,1,statsapi,1.5,0.5251,0.5243978579434596,0.0007326508023804967,-118,draftkings,4,2026-08-18,596019,823586,False,0,L,-1.0
TB,Bo Bichette,NYM,SD,2,statsapi,1.5,0.3773,0.4347803617571059,-0.057460863042443355,137,draftkings,10,2026-08-18,666182,823586,False,4,W,1.37
HRR,Bo Bichette,NYM,SD,2,statsapi,1.5,0.5365,0.5212844036697247,0.015256982665663998,-109,draftkings,3,2026-08-18,666182,823586,False,2,W,0.9174
TB,Luis Robert Jr.,NYM,SD,3,statsapi,1.5,0.3217,0.3924149659863946,-0.07074119797909745,173,draftkings,6,2026-08-18,673357,823586,False,4,W,1.73
HRR,Luis Robert Jr.,NYM,SD,3,statsapi,1.5,0.4751,0.4630917874396135,0.012031686921316231,116,draftkings,3,2026-08-18,673357,823586,False,3,W,1.16
TB,Carson Benge,NYM,SD,4,statsapi,1.5,0.3712,0.3848582995951417,-0.0136893069000657,185,betmgm,7,2026-08-18,701807,823586,False,0,L,-1.0
HRR,Carson Benge,NYM,SD,4,statsapi,1.5,0.5567,0.4945631067961165,0.06217924500388461,-105,williamhill_us,3,2026-08-18,701807,823586,False,0,L,-1.0
TB,Francisco Alvarez,NYM,SD,5,statsapi,1.5,0.3288,0.347003367003367,-0.018231044523972784,210,fanatics,6,2026-08-18,682626,823586,False,0,L,-1.0
HRR,Francisco Alvarez,NYM,SD,5,statsapi,1.5,0.4628,0.43045045045045044,0.03232886234368898,128,draftkings,3,2026-08-18,682626,823586,False,0,L,-1.0
TB,Christopher Morel,NYM,SD,6,statsapi,1.5,0.2798,0.33587639311043566,-0.05611615051312702,200,betmgm,6,2026-08-18,666624,823586,False,1,L,-1.0
HRR,Christopher Morel,NYM,SD,6,statsapi,0.5,0.6325,0.6150316350316349,0.017476858760549385,-173,williamhill_us,2,2026-08-18,666624,823586,False,1,W,0.578
TB,Marcus Semien,NYM,SD,7,statsapi,1.5,0.2771,0.3284848484848485,-0.05141995429216778,211,draftkings,6,2026-08-18,543760,823586,False,0,L,-1.0
HRR,Marcus Semien,NYM,SD,7,statsapi,0.5,0.6353,0.6253900709219858,0.009885478617794763,-182,draftkings,1,2026-08-18,543760,823586,False,0,L,-1.0
TB,A.J. Ewing,NYM,SD,8,statsapi,1.5,0.2883,0.3127796234772979,-0.024451327024082092,205,betrivers,6,2026-08-18,805999,823586,False,0,L,-1.0
HRR,A.J. Ewing,NYM,SD,8,statsapi,1.5,0.431,0.4244444444444444,0.006569006674273126,130,draftkings,3,2026-08-18,805999,823586,False,0,L,-1.0
TB,Luis Torrens,NYM,SD,9,statsapi,1.5,0.2953,0.2886890243902439,0.006648799593345245,235,betrivers,6,2026-08-18,620443,823586,False,5,W,2.35
HRR,Luis Torrens,NYM,SD,9,statsapi,0.5,0.6439,0.6096296296296296,0.034315182684113155,-170,draftkings,1,2026-08-18,620443,823586,False,4,W,0.5882
TB,Henry Bolte,ATH,KC,1,statsapi,1.5,0.4076,0.4701960784313725,-0.06263827772403341,125,fanatics,9,2026-08-18,703607,824075,False,1,L,-1.0
HRR,Henry Bolte,ATH,KC,1,statsapi,1.5,0.5489,0.5580590717299578,-0.009199030131681551,-136,draftkings,3,2026-08-18,703607,824075,False,2,W,0.7353
TB,Zack Gelof,ATH,KC,2,statsapi,1.5,0.4633,0.4451162790697674,0.018152446985176318,125,fanatics,9,2026-08-18,680869,824075,False,0,L,-1.0
HRR,Zack Gelof,ATH,KC,2,statsapi,1.5,0.6065,0.5335714285714286,0.07289678567671243,-118,betmgm,3,2026-08-18,680869,824075,False,2,W,0.8475
TB,Jeff McNeil,ATH,KC,3,statsapi,1.5,0.3598,0.4284304932735426,-0.06861217725337582,126,williamhill_us,9,2026-08-18,643446,824075,False,2,W,1.26
HRR,Jeff McNeil,ATH,KC,3,statsapi,1.5,0.4999,0.5355555555555556,-0.035678019837698804,-123,draftkings,3,2026-08-18,643446,824075,False,3,W,0.813
TB,Jonah Heim,ATH,KC,4,statsapi,1.5,0.414,0.40197097836731055,0.01204182994639924,155,fanatics,8,2026-08-18,641680,824075,False,0,L,-1.0
HRR,Jonah Heim,ATH,KC,4,statsapi,1.5,0.5087,0.5038095238095238,0.004849795522764877,-104,draftkings,3,2026-08-18,641680,824075,False,0,L,-1.0
TB,Tommy White,ATH,KC,5,statsapi,1.5,0.3597,0.405531914893617,-0.045806651349408756,138,draftkings,9,2026-08-18,695720,824075,False,1,L,-1.0
HRR,Tommy White,ATH,KC,5,statsapi,1.5,0.5026,0.5191705069124424,-0.016584952066782455,-110,betmgm,3,2026-08-18,695720,824075,False,2,W,0.9091
TB,Lawrence Butler,ATH,KC,6,statsapi,1.5,0.3054,0.38816326530612244,-0.08273981643496381,155,draftkings,7,2026-08-18,671732,824075,False,1,L,-1.0
HRR,Lawrence Butler,ATH,KC,6,statsapi,1.5,0.4266,0.4898039215686274,-0.06322144340700231,-101,draftkings,3,2026-08-18,671732,824075,False,1,L,-1.0
TB,Alika Williams,ATH,KC,8,statsapi,1.5,0.3878,0.29348270440251567,0.09428368276798005,230,betmgm,6,2026-08-18,675961,824075,True,0,L,-1.0
HRR,Alika Williams,ATH,KC,8,statsapi,0.5,0.6967,0.5983206106870229,0.09836159113018872,-155,betmgm,3,2026-08-18,675961,824075,False,0,L,-1.0
TB,Darell Hernaiz,ATH,KC,9,statsapi,1.5,0.2721,0.3106010928961748,-0.038474280406383565,215,fanatics,6,2026-08-18,687231,824075,False,0,L,-1.0
HRR,Darell Hernaiz,ATH,KC,9,statsapi,1.5,0.4036,0.4294404718619965,-0.025867100523742637,123,draftkings,2,2026-08-18,687231,824075,False,0,L,-1.0
TB,Nick Loftin,KC,ATH,1,statsapi,1.5,0.4459,0.4073504273504273,0.03854060301592205,140,fanduel,9,2026-08-18,679845,824075,False,0,L,-1.0
HRR,Nick Loftin,KC,ATH,1,statsapi,1.5,0.5643,0.5452173913043478,0.01909346585495897,-127,draftkings,3,2026-08-18,679845,824075,False,0,L,-1.0
TB,Bobby Witt Jr.,KC,ATH,2,statsapi,1.5,0.4934,0.5452173913043478,-0.05178412211513761,-120,betmgm,9,2026-08-18,677951,824075,False,1,L,-1.0
HRR,Bobby Witt Jr.,KC,ATH,2,statsapi,2.5,0.4347,0.45619047619047615,-0.02149438870375414,115,betmgm,3,2026-08-18,677951,824075,False,2,L,-1.0
TB,Jac Caglianone,KC,ATH,3,statsapi,1.5,0.5045,0.48,0.02445568085040095,105,fanatics,9,2026-08-18,695506,824075,False,3,W,1.05
HRR,Jac Caglianone,KC,ATH,3,statsapi,1.5,0.6552,0.5751151544955331,0.08011245915482246,-145,williamhill_us,2,2026-08-18,695506,824075,False,3,W,0.6897
TB,Maikel Garcia,KC,ATH,4,statsapi,1.5,0.4371,0.4539336492890995,-0.016840629874658286,120,betrivers,9,2026-08-18,672580,824075,False,1,L,-1.0
HRR,Maikel Garcia,KC,ATH,4,statsapi,1.5,0.5749,0.5767741935483871,-0.0019032863367650643,-142,draftkings,3,2026-08-18,672580,824075,False,1,L,-1.0
TB,Vinnie Pasquantino,KC,ATH,5,statsapi,1.5,0.3697,0.41859649122807013,-0.048922942645745204,150,fanatics,9,2026-08-18,686469,824075,False,3,W,1.5
HRR,Vinnie Pasquantino,KC,ATH,5,statsapi,1.5,0.5278,0.5191705069124424,0.008590570222625549,-115,williamhill_us,3,2026-08-18,686469,824075,False,3,W,0.8696
TB,Salvador Perez,KC,ATH,6,statsapi,1.5,0.3594,0.4345454545454545,-0.07510931608385141,125,fanatics,9,2026-08-18,521692,824075,False,0,L,-1.0
HRR,Salvador Perez,KC,ATH,6,statsapi,1.5,0.4901,0.5275113122171946,-0.03737169587002165,-120,betmgm,3,2026-08-18,521692,824075,False,0,L,-1.0
TB,Michael Massey,KC,ATH,7,statsapi,1.5,0.4217,0.40918454935622317,0.012466640921187822,155,fanatics,9,2026-08-18,686681,824075,False,1,L,-1.0
HRR,Michael Massey,KC,ATH,7,statsapi,1.5,0.5637,0.5038095238095238,0.059856688977513284,-108,williamhill_us,3,2026-08-18,686681,824075,False,2,W,0.9259
TB,Carter Jensen,KC,ATH,8,statsapi,1.5,0.373,0.3744911297852474,-0.0014961237783098214,160,betmgm,6,2026-08-18,695600,824075,False,1,L,-1.0
HRR,Carter Jensen,KC,ATH,8,statsapi,1.5,0.484,0.4584798534798534,0.02555594547442208,115,betmgm,4,2026-08-18,695600,824075,False,2,W,1.15
TB,Kyle Isbel,KC,ATH,9,statsapi,1.5,0.3095,0.31672891907187317,-0.007190309813021267,215,betrivers,6,2026-08-18,664728,824075,False,0,L,-1.0
HRR,Kyle Isbel,KC,ATH,9,statsapi,1.5,0.4495,0.4451162790697674,0.004380981596590339,115,williamhill_us,3,2026-08-18,664728,824075,False,0,L,-1.0
TB,Drake Baldwin,ATL,MIN,1,statsapi,1.5,0.4572,0.4921951219512195,-0.035035157311137044,105,fanatics,9,2026-08-18,686948,823667,False,5,W,1.05
HRR,Drake Baldwin,ATL,MIN,1,statsapi,2.5,0.451,0.43351707116412996,0.017516113674720835,121,williamhill_us,2,2026-08-18,686948,823667,False,4,W,1.21
TB,Ronald Acuña Jr.,ATL,MIN,2,statsapi,1.5,0.4345,0.48,-0.045545840586515784,115,fanatics,9,2026-08-18,660670,823667,False,0,L,-1.0
HRR,Ronald Acuña Jr.,ATL,MIN,2,statsapi,1.5,0.5749,0.5734959349593496,0.0014386793130362063,-145,betmgm,3,2026-08-18,660670,823667,False,0,L,-1.0
TB,Matt Olson,ATL,MIN,3,statsapi,1.5,0.5231,0.4969082125603864,0.026160159948917516,105,fanatics,9,2026-08-18,621566,823667,False,0,L,-1.0
HRR,Matt Olson,ATL,MIN,3,statsapi,1.5,0.6482,0.5580590717299578,0.09013606683607289,-135,betmgm,3,2026-08-18,621566,823667,False,0,L,-1.0
TB,Michael Harris II,ATL,MIN,4,statsapi,1.5,0.4985,0.48,0.018547446505057463,108,draftkings,9,2026-08-18,671739,823667,False,5,W,1.08
HRR,Michael Harris II,ATL,MIN,4,statsapi,1.5,0.6441,0.58,0.06407069554666334,-133,draftkings,3,2026-08-18,671739,823667,False,3,W,0.7519
TB,Ozzie Albies,ATL,MIN,5,statsapi,1.5,0.3973,0.405531914893617,-0.008204905509139382,155,fanatics,8,2026-08-18,645277,823667,False,1,L,-1.0
HRR,Ozzie Albies,ATL,MIN,5,statsapi,1.5,0.5542,0.5127102803738317,0.041529473003613426,-104,draftkings,3,2026-08-18,645277,823667,False,1,L,-1.0
TB,Mike Yastrzemski,ATL,MIN,6,statsapi,1.5,0.3827,0.35386443046820404,0.028874353063118474,170,betrivers,6,2026-08-18,573262,823667,False,0,L,-1.0
HRR,Mike Yastrzemski,ATL,MIN,6,statsapi,1.5,0.5053,0.45169811320754716,0.05359467228376946,130,betmgm,3,2026-08-18,573262,823667,False,0,L,-1.0
TB,Austin Riley,ATL,MIN,7,statsapi,1.5,0.3506,0.405531914893617,-0.05495753297069794,145,fanatics,7,2026-08-18,663586,823667,False,0,L,-1.0
HRR,Austin Riley,ATL,MIN,7,statsapi,1.5,0.4736,0.475049504950495,-0.0014444758512687783,105,betmgm,3,2026-08-18,663586,823667,False,0,L,-1.0
TB,Mauricio Dubón,ATL,MIN,8,statsapi,1.5,0.3562,0.35735849056603775,-0.0011148263049239326,165,betrivers,6,2026-08-18,643289,823667,False,0,L,-1.0
HRR,Mauricio Dubón,ATL,MIN,8,statsapi,1.5,0.4988,0.46780487804878046,0.03095536303640145,110,betmgm,3,2026-08-18,643289,823667,False,0,L,-1.0
TB,Sean Murphy,ATL,MIN,9,statsapi,1.5,0.3009,0.3213128312656532,-0.02037421149182933,200,betmgm,6,2026-08-18,669221,823667,False,0,L,-1.0
HRR,Sean Murphy,ATL,MIN,9,statsapi,1.5,0.4094,0.41859649122807013,-0.009170911700410234,128,draftkings,1,2026-08-18,669221,823667,False,0,L,-1.0
TB,Luke Keaschall,MIN,ATL,1,statsapi,1.5,0.3819,0.41478260869565214,-0.032852302062129024,150,fanatics,9,2026-08-18,807712,823667,False,2,W,1.5
HRR,Luke Keaschall,MIN,ATL,1,statsapi,1.5,0.5683,0.5127102803738317,0.0556036598221753,-110,betmgm,3,2026-08-18,807712,823667,False,2,W,0.9091
TB,Trevor Larnach,MIN,ATL,2,statsapi,1.5,0.4156,0.3609869375907112,0.05464970636583005,175,fanatics,6,2026-08-18,663616,823667,False,0,L,-1.0
HRR,Trevor Larnach,MIN,ATL,2,statsapi,1.5,0.5576,0.45169811320754716,0.10586578713194505,115,betmgm,3,2026-08-18,663616,823667,False,0,L,-1.0
TB,Ryan Jeffers,MIN,ATL,3,statsapi,1.5,0.4149,0.41859649122807013,-0.003660409882763116,140,fanatics,9,2026-08-18,680777,823667,False,4,W,1.4
HRR,Ryan Jeffers,MIN,ATL,3,statsapi,1.5,0.607,0.5060663507109004,0.10098210132824759,-110,betmgm,3,2026-08-18,680777,823667,False,5,W,0.9091
TB,Josh Bell,MIN,ATL,4,statsapi,1.5,0.3879,0.403728813559322,-0.015828310855083627,150,betmgm,7,2026-08-18,605137,823667,False,5,W,1.5
HRR,Josh Bell,MIN,ATL,4,statsapi,1.5,0.5282,0.4873891625615764,0.04085322542410774,-102,draftkings,3,2026-08-18,605137,823667,False,5,W,0.9804
TB,Kody Clemens,MIN,ATL,5,statsapi,1.5,0.403,0.40747533796127144,-0.004512955917045425,150,fanatics,6,2026-08-18,665019,823667,False,1,L,-1.0
HRR,Kody Clemens,MIN,ATL,5,statsapi,1.5,0.4965,0.48247524752475246,0.014046422019950544,105,draftkings,4,2026-08-18,665019,823667,False,1,L,-1.0
TB,Royce Lewis,MIN,ATL,6,statsapi,1.5,0.3593,0.3898429495254892,-0.030583081653529465,153,draftkings,6,2026-08-18,668904,823667,False,0,L,-1.0
HRR,Royce Lewis,MIN,ATL,6,statsapi,1.5,0.5097,0.46780487804878046,0.0418908610551153,108,draftkings,3,2026-08-18,668904,823667,False,0,L,-1.0
TB,Brooks Lee,MIN,ATL,7,statsapi,1.5,0.3584,0.34363636363636363,0.014733701969637913,185,fanatics,6,2026-08-18,686797,823667,False,1,L,-1.0
HRR,Brooks Lee,MIN,ATL,7,statsapi,1.5,0.4799,0.4345454545454545,0.04536691930279346,126,draftkings,3,2026-08-18,686797,823667,False,1,L,-1.0
TB,Alan Roden,MIN,ATL,8,statsapi,1.5,0.2792,0.2700988017658188,0.009071933848750158,260,betmgm,6,2026-08-18,702176,823667,False,0,L,-1.0
HRR,Alan Roden,MIN,ATL,8,statsapi,0.5,0.6466,0.5924031007751938,0.05417338470058697,-150,betmgm,3,2026-08-18,702176,823667,False,0,L,-1.0
TB,Kaelen Culpepper,MIN,ATL,9,statsapi,1.5,0.2945,0.3052247488101533,-0.010772820748469136,250,betrivers,6,2026-08-18,701785,823667,False,1,L,-1.0
HRR,Kaelen Culpepper,MIN,ATL,9,statsapi,0.5,0.6758,0.615036496350365,0.060738921283345015,-173,williamhill_us,3,2026-08-18,701785,823667,False,2,W,0.578
TB,Brendan Donovan,SEA,MIL,1,statsapi,1.5,0.3583,0.378406374501992,-0.02015206533887981,160,betrivers,9,2026-08-18,680977,823749,False,2,W,1.6
HRR,Brendan Donovan,SEA,MIL,1,statsapi,1.5,0.4843,0.475049504950495,0.009262255034439115,110,betmgm,3,2026-08-18,680977,823749,False,1,L,-1.0
TB,Randy Arozarena,SEA,MIL,2,statsapi,1.5,0.4118,0.403728813559322,0.008113127289025801,148,betrivers,9,2026-08-18,668227,823749,False,0,L,-1.0
HRR,Randy Arozarena,SEA,MIL,2,statsapi,1.5,0.5537,0.46780487804878046,0.08590091709366943,110,betmgm,3,2026-08-18,668227,823749,False,0,L,-1.0
TB,Dominic Canzone,SEA,MIL,3,statsapi,1.5,0.4013,0.3512121212121212,0.0500808839103814,185,betrivers,6,2026-08-18,686527,823749,False,2,W,1.85
HRR,Dominic Canzone,SEA,MIL,3,statsapi,1.5,0.5247,0.4244444444444444,0.10028531781240035,126,draftkings,3,2026-08-18,686527,823749,False,1,L,-1.0
TB,Julio Rodríguez,SEA,MIL,4,statsapi,1.5,0.3715,0.4244444444444444,-0.05294504150359891,130,fanatics,10,2026-08-18,677594,823749,False,0,L,-1.0
HRR,Julio Rodríguez,SEA,MIL,4,statsapi,1.5,0.5045,0.4921951219512195,0.012349146961552315,-105,betmgm,3,2026-08-18,677594,823749,False,0,L,-1.0
TB,Josh Naylor,SEA,MIL,5,statsapi,1.5,0.3414,0.3346099290780142,0.00678667346324785,200,betrivers,7,2026-08-18,647304,823749,False,1,L,-1.0
HRR,Josh Naylor,SEA,MIL,5,statsapi,1.5,0.4746,0.4129004329004329,0.0616802944609019,135,betmgm,3,2026-08-18,647304,823749,False,1,L,-1.0
TB,Cole Young,SEA,MIL,6,statsapi,1.5,0.3174,0.3082216841538875,0.00920129456842439,220,betrivers,6,2026-08-18,702284,823749,False,0,L,-1.0
HRR,Cole Young,SEA,MIL,6,statsapi,1.5,0.4652,0.3941656662665066,0.0710215359411201,145,betmgm,2,2026-08-18,702284,823749,False,0,L,-1.0
TB,Cal Raleigh,SEA,MIL,7,statsapi,1.5,0.2378,0.3308771929824561,-0.09310084068784083,200,fanatics,6,2026-08-18,663728,823749,False,0,L,-1.0
HRR,Cal Raleigh,SEA,MIL,7,statsapi,0.5,0.5576,0.58,-0.022414352227763223,-135,betmgm,3,2026-08-18,663728,823749,False,0,L,-1.0
TB,Victor Robles,SEA,MIL,8,statsapi,1.5,0.2704,0.28912565695174386,-0.018678115749606483,240,betrivers,6,2026-08-18,645302,823749,False,0,L,-1.0
HRR,Victor Robles,SEA,MIL,8,statsapi,0.5,0.6485,0.5878431372549019,0.06065896387934833,-152,draftkings,3,2026-08-18,645302,823749,False,0,L,-1.0
TB,Brock Rodden,SEA,MIL,9,statsapi,1.5,0.297,0.2524876563834131,0.044519640690481754,300,betrivers,6,2026-08-18,801126,823749,False,1,L,-1.0
HRR,Brock Rodden,SEA,MIL,9,statsapi,0.5,0.6354,0.5452173913043478,0.09016056973732922,-126,draftkings,3,2026-08-18,801126,823749,False,1,W,0.7937
TB,Brice Turang,MIL,SEA,1,statsapi,1.5,0.4714,0.4284304932735426,0.04294021312811963,126,draftkings,9,2026-08-18,668930,823749,False,0,L,-1.0
HRR,Brice Turang,MIL,SEA,1,statsapi,1.5,0.5885,0.5452173913043478,0.04325445007987272,-124,draftkings,3,2026-08-18,668930,823749,False,2,W,0.8065
TB,Jackson Chourio,MIL,SEA,2,statsapi,1.5,0.432,0.46076923076923076,-0.0287885234157651,110,fanatics,9,2026-08-18,694192,823749,False,1,L,-1.0
HRR,Jackson Chourio,MIL,SEA,2,statsapi,1.5,0.5523,0.5580590717299578,-0.005794035655285912,-135,draftkings,3,2026-08-18,694192,823749,False,3,W,0.7407
TB,Jake Bauers,MIL,SEA,3,statsapi,1.5,0.4378,0.40735823212492006,0.030446444593014377,145,fanatics,8,2026-08-18,641343,823749,False,6,W,1.45
HRR,Jake Bauers,MIL,SEA,3,statsapi,1.5,0.5843,0.4921951219512195,0.0920949177675483,-104,draftkings,3,2026-08-18,641343,823749,False,7,W,0.9615
TB,William Contreras,MIL,SEA,4,statsapi,1.5,0.3455,0.3949377593360996,-0.04947480069979793,155,fanatics,9,2026-08-18,661388,823749,False,3,W,1.55
HRR,William Contreras,MIL,SEA,4,statsapi,1.5,0.4877,0.5148837209302325,-0.027168740360325294,-108,draftkings,3,2026-08-18,661388,823749,False,6,W,0.9259
TB,Christian Yelich,MIL,SEA,5,statsapi,1.5,0.3631,0.38816326530612244,-0.025097556610105487,150,betrivers,9,2026-08-18,592885,823749,False,5,W,1.5
HRR,Christian Yelich,MIL,SEA,5,statsapi,1.5,0.4579,0.4921951219512195,-0.03433025795465128,-105,betmgm,3,2026-08-18,592885,823749,False,8,W,0.9524
TB,Luis Lara,MIL,SEA,6,statsapi,1.5,0.3539,0.34363636363636363,0.010272859629584852,185,betrivers,5,2026-08-18,800325,823749,False,6,W,1.85
HRR,Luis Lara,MIL,SEA,6,statsapi,1.5,0.4453,0.45619047619047615,-0.010871386521330129,114,draftkings,3,2026-08-18,800325,823749,False,9,W,1.14
TB,Garrett Mitchell,MIL,SEA,7,statsapi,1.5,0.3721,0.33973084886128363,0.03241637052345969,185,fanatics,6,2026-08-18,669003,823749,False,4,W,1.85
HRR,Garrett Mitchell,MIL,SEA,7,statsapi,1.5,0.4588,0.43871559633027524,0.020056942297170977,126,draftkings,3,2026-08-18,669003,823749,False,6,W,1.26
TB,Joey Ortiz,MIL,SEA,8,statsapi,1.5,0.2868,0.315016835016835,-0.028255231757634558,205,betrivers,6,2026-08-18,687401,823749,False,2,W,2.05
HRR,Joey Ortiz,MIL,SEA,8,statsapi,1.5,0.3927,0.4451162790697674,-0.052402387597465405,120,draftkings,3,2026-08-18,687401,823749,False,5,W,1.2
TB,David Hamilton,MIL,SEA,9,statsapi,1.5,0.2646,0.25894491129785246,0.005690669675282978,265,fanatics,6,2026-08-18,666152,823749,False,6,W,2.65
HRR,David Hamilton,MIL,SEA,9,statsapi,0.5,0.6111,0.5783870967741935,0.03275596591668539,-136,draftkings,4,2026-08-18,666152,823749,False,9,W,0.7353
TB,CJ Abrams,WSH,TEX,1,statsapi,1.5,0.473,0.45619047619047615,0.01678750368229076,125,draftkings,9,2026-08-18,682928,822859,False,3,W,1.25
HRR,CJ Abrams,WSH,TEX,1,statsapi,1.5,0.646,0.5254545454545454,0.12050632030249553,-115,draftkings,3,2026-08-18,682928,822859,True,2,W,0.8696
TB,Abimelec Ortiz,WSH,TEX,2,statsapi,1.5,0.448,0.37688164422395465,0.07111093946482194,163,betrivers,6,2026-08-18,694673,822859,True,0,L,-1.0
HRR,Abimelec Ortiz,WSH,TEX,2,statsapi,1.5,0.5986,0.4584688995215311,0.14014659881780672,115,betmgm,3,2026-08-18,694673,822859,True,0,L,-1.0
TB,Brady House,WSH,TEX,3,statsapi,1.5,0.3656,0.36518518518518517,0.00042901009340923224,184,draftkings,6,2026-08-18,691781,822859,False,0,L,-1.0
HRR,Brady House,WSH,TEX,3,statsapi,1.5,0.5184,0.4451162790697674,0.07327871631467825,124,draftkings,3,2026-08-18,691781,822859,False,0,L,-1.0
TB,Daylen Lile,WSH,TEX,4,statsapi,1.5,0.3965,0.4345454545454545,-0.03802813590672022,145,fanatics,9,2026-08-18,695734,822859,False,1,L,-1.0
HRR,Daylen Lile,WSH,TEX,4,statsapi,1.5,0.5384,0.5015311004784688,0.03686042881853535,-107,draftkings,3,2026-08-18,695734,822859,False,1,L,-1.0
TB,Dylan Crews,WSH,TEX,5,statsapi,1.5,0.3148,0.3646153846153846,-0.049802803535249185,167,draftkings,6,2026-08-18,686611,822859,False,1,L,-1.0
HRR,Dylan Crews,WSH,TEX,5,statsapi,1.5,0.4524,0.45619047619047615,-0.003810694292428085,114,draftkings,3,2026-08-18,686611,822859,False,1,L,-1.0
TB,Jorbit Vivas,WSH,TEX,6,statsapi,1.5,0.3003,0.2719863597612958,0.028342720825803414,250,fanatics,6,2026-08-18,678391,822859,False,0,L,-1.0
HRR,Jorbit Vivas,WSH,TEX,6,statsapi,0.5,0.7005,0.5983206106870229,0.10213784822494953,-155,draftkings,3,2026-08-18,678391,822859,False,0,L,-1.0
TB,Harry Ford,WSH,TEX,7,statsapi,1.5,0.3339,0.3175455373406193,0.016327346198999615,210,betmgm,6,2026-08-18,695670,822859,False,1,L,-1.0
HRR,Harry Ford,WSH,TEX,7,statsapi,1.5,0.4518,0.4226165295730513,0.02919332197638802,130,draftkings,2,2026-08-18,695670,822859,False,1,L,-1.0
TB,Nasim Nuñez,WSH,TEX,8,statsapi,1.5,0.2193,0.2741176470588235,-0.054799135377704894,250,fanatics,5,2026-08-18,683083,822859,False,1,L,-1.0
HRR,Nasim Nuñez,WSH,TEX,8,statsapi,1.5,0.4049,0.4057246376811594,-0.0008054699632434881,140,betmgm,2,2026-08-18,683083,822859,False,1,L,-1.0
TB,Jacob Young,WSH,TEX,9,statsapi,1.5,0.2942,0.2513949035204006,0.042853957376531526,285,betrivers,6,2026-08-18,696285,822859,False,0,L,-1.0
HRR,Jacob Young,WSH,TEX,9,statsapi,0.5,0.6554,0.5940116019634092,0.06135696832610238,-149,draftkings,2,2026-08-18,696285,822859,False,0,L,-1.0
TB,Wyatt Langford,TEX,WSH,1,statsapi,1.5,0.4298,0.44948356807511736,-0.01965214003468918,135,fanatics,9,2026-08-18,694671,822859,False,2,W,1.35
HRR,Wyatt Langford,TEX,WSH,1,statsapi,1.5,0.578,0.5633333333333334,0.014684053864784219,-139,williamhill_us,3,2026-08-18,694671,822859,False,4,W,0.7194
TB,Corey Seager,TEX,WSH,2,statsapi,1.5,0.357,0.4244444444444444,-0.06747581267777081,135,draftkings,9,2026-08-18,608369,822859,False,3,W,1.35
HRR,Corey Seager,TEX,WSH,2,statsapi,1.5,0.5149,0.5355555555555556,-0.0207045216794145,-121,draftkings,3,2026-08-18,608369,822859,False,3,W,0.8264
TB,Jake Burger,TEX,WSH,3,statsapi,1.5,0.3984,0.4129004329004329,-0.014510212960538782,150,fanatics,9,2026-08-18,669394,822859,False,1,L,-1.0
HRR,Jake Burger,TEX,WSH,3,statsapi,1.5,0.5641,0.5038095238095238,0.060247482519441786,-110,draftkings,3,2026-08-18,669394,822859,False,1,L,-1.0
TB,Brandon Nimmo,TEX,WSH,4,statsapi,1.5,0.4354,0.40016806722689074,0.03522249461599358,150,betmgm,9,2026-08-18,607043,822859,False,2,W,1.5
HRR,Brandon Nimmo,TEX,WSH,4,statsapi,1.5,0.5592,0.5275113122171946,0.03168706358752427,-117,draftkings,3,2026-08-18,607043,822859,False,4,W,0.8547
TB,Ezequiel Duran,TEX,WSH,5,statsapi,1.5,0.3872,0.3924149659863946,-0.00523357635939975,158,draftkings,8,2026-08-18,677649,822859,False,1,L,-1.0
HRR,Ezequiel Duran,TEX,WSH,5,statsapi,1.5,0.5515,0.4873891625615764,0.06408359464964508,100,betmgm,3,2026-08-18,677649,822859,False,1,L,-1.0
TB,Justin Foscue,TEX,WSH,6,statsapi,1.5,0.37,0.3029166666666666,0.06707934873466187,240,fanatics,6,2026-08-18,679822,822859,True,4,W,2.4
HRR,Justin Foscue,TEX,WSH,6,statsapi,0.5,0.7244,0.5862992125984252,0.1380660772709924,-150,betmgm,3,2026-08-18,679822,822859,True,4,W,0.6667
TB,Danny Jansen,TEX,WSH,7,statsapi,1.5,0.2936,0.30389937106918236,-0.01030163434949416,225,betrivers,6,2026-08-18,643376,822859,False,0,L,-1.0
HRR,Danny Jansen,TEX,WSH,7,statsapi,1.5,0.4059,0.4129004329004329,-0.006983946744812175,135,betmgm,3,2026-08-18,643376,822859,False,0,L,-1.0
TB,Cody Freeman,TEX,WSH,8,statsapi,1.5,0.2888,0.2716666666666666,0.017178123960803204,255,betrivers,6,2026-08-18,683227,822859,False,2,W,2.55
HRR,Cody Freeman,TEX,WSH,8,statsapi,0.5,0.6731,0.6136996336996337,0.059375770563388164,-165,betmgm,3,2026-08-18,683227,822859,False,3,W,0.6061
TB,Evan Carter,TEX,WSH,9,statsapi,1.5,0.2455,0.283030303030303,-0.03749022420382728,250,fanatics,6,2026-08-18,694497,822859,False,0,L,-1.0
HRR,Evan Carter,TEX,WSH,9,statsapi,0.5,0.6118,0.6136996336996337,-0.0019268209746261533,-165,betmgm,3,2026-08-18,694497,822859,False,0,L,-1.0
TB,Sam Antonacci,CWS,CHC,1,statsapi,1.5,0.4254,0.42851166532582463,-0.003094040217805849,135,fanatics,10,2026-08-18,803011,824639,False,1,L,-1.0
HRR,Sam Antonacci,CWS,CHC,1,statsapi,1.5,0.5896,0.5212844036697247,0.068298558974493,-113,draftkings,3,2026-08-18,803011,824639,False,1,L,-1.0
TB,Munetaka Murakami,CWS,CHC,2,statsapi,1.5,0.43,0.43983086680761097,-0.009782644631140036,145,fanatics,8,2026-08-18,808959,824639,False,4,W,1.45
HRR,Munetaka Murakami,CWS,CHC,2,statsapi,1.5,0.5809,0.4969082125603864,0.08401936774711538,-105,draftkings,3,2026-08-18,808959,824639,False,3,W,0.9524
TB,Miguel Vargas,CWS,CHC,3,statsapi,1.5,0.4301,0.44948356807511736,-0.01943122777715922,125,fanatics,9,2026-08-18,678246,824639,False,1,L,-1.0
HRR,Miguel Vargas,CWS,CHC,3,statsapi,1.5,0.5613,0.5083018867924528,0.05298607613419337,-112,draftkings,3,2026-08-18,678246,824639,False,1,L,-1.0
TB,Andrew Benintendi,CWS,CHC,4,statsapi,1.5,0.4052,0.38,0.025157623633246806,160,fanatics,6,2026-08-18,643217,824639,False,0,L,-1.0
HRR,Andrew Benintendi,CWS,CHC,4,statsapi,1.5,0.5568,0.46076923076923076,0.09599737539716963,110,betmgm,3,2026-08-18,643217,824639,False,0,L,-1.0
TB,Braden Montgomery,CWS,CHC,5,statsapi,1.5,0.3642,0.3646153846153846,-0.00043542509460425816,170,fanatics,6,2026-08-18,695731,824639,False,0,L,-1.0
HRR,Braden Montgomery,CWS,CHC,5,statsapi,1.5,0.51,0.46544833274419695,0.044534446287906704,111,draftkings,4,2026-08-18,695731,824639,False,0,L,-1.0
TB,Colson Montgomery,CWS,CHC,6,statsapi,1.5,0.341,0.4022222222222222,-0.061201754679856,162,draftkings,6,2026-08-18,695657,824639,False,4,W,1.62
HRR,Colson Montgomery,CWS,CHC,6,statsapi,1.5,0.4674,0.4345454545454545,0.032902515126285004,122,draftkings,3,2026-08-18,695657,824639,False,4,W,1.22
TB,Chase Meidroth,CWS,CHC,7,statsapi,1.5,0.3475,0.3442999336429993,0.0031763579139875153,185,fanatics,6,2026-08-18,805367,824639,False,1,L,-1.0
HRR,Chase Meidroth,CWS,CHC,7,statsapi,1.5,0.5138,0.4324886877828054,0.08134219691165473,125,betmgm,3,2026-08-18,805367,824639,False,2,W,1.25
TB,Tristan Peters,CWS,CHC,8,statsapi,1.5,0.371,0.3210015103985128,0.04995724668143403,210,betrivers,6,2026-08-18,671976,824639,False,3,W,2.1
HRR,Tristan Peters,CWS,CHC,8,statsapi,0.5,0.7122,0.6096296296296296,0.10258009444889316,-170,draftkings,1,2026-08-18,671976,824639,False,3,W,0.5882
TB,Drew Romo,CWS,CHC,9,statsapi,1.5,0.2508,0.25822923922297036,-0.007441313089006973,270,betrivers,6,2026-08-18,691011,824639,False,1,L,-1.0
HRR,Drew Romo,CWS,CHC,9,statsapi,0.5,0.5494,0.556271186440678,-0.006830972828069881,-124,draftkings,3,2026-08-18,691011,824639,False,2,W,0.8065
TB,Pete Crow-Armstrong,CHC,CWS,1,statsapi,1.5,0.4882,0.5038095238095238,-0.01563110981300353,100,fanatics,9,2026-08-18,691718,824639,False,4,W,1.0
HRR,Pete Crow-Armstrong,CHC,CWS,1,statsapi,2.5,0.4407,0.4451162790697674,-0.004379343874910735,115,draftkings,3,2026-08-18,691718,824639,False,3,W,1.15
TB,Seiya Suzuki,CHC,CWS,2,statsapi,1.5,0.4967,0.48,0.016676863013850407,105,draftkings,9,2026-08-18,673548,824639,False,0,L,-1.0
HRR,Seiya Suzuki,CHC,CWS,2,statsapi,1.5,0.659,0.5718367346938775,0.08712555254765264,-144,draftkings,3,2026-08-18,673548,824639,False,0,L,-1.0
TB,Alex Bregman,CHC,CWS,3,statsapi,1.5,0.4278,0.4472897196261682,-0.019512038735715664,119,williamhill_us,9,2026-08-18,608324,824639,False,2,W,1.19
HRR,Alex Bregman,CHC,CWS,3,statsapi,1.5,0.584,0.5650622406639004,0.018911511049331087,-139,williamhill_us,3,2026-08-18,608324,824639,False,4,W,0.7194
TB,Michael Busch,CHC,CWS,4,statsapi,1.5,0.3498,0.4345454545454545,-0.08473629917087955,130,fanatics,9,2026-08-18,683737,824639,False,4,W,1.3
HRR,Michael Busch,CHC,CWS,4,statsapi,1.5,0.5153,0.5452173913043478,-0.029913687513529408,-127,draftkings,3,2026-08-18,683737,824639,False,3,W,0.7874
TB,Nico Hoerner,CHC,CWS,5,statsapi,1.5,0.3697,0.41478260869565214,-0.045103147121953846,136,draftkings,9,2026-08-18,663538,824639,False,1,L,-1.0
HRR,Nico Hoerner,CHC,CWS,5,statsapi,1.5,0.5316,0.556271186440678,-0.024625549814874748,-126,draftkings,3,2026-08-18,663538,824639,False,1,L,-1.0
TB,Pedro Ramírez,CHC,CWS,6,statsapi,1.5,0.3872,0.40109929078014184,-0.01387840324850853,150,fanatics,8,2026-08-18,699393,824639,False,1,L,-1.0
HRR,Pedro Ramírez,CHC,CWS,6,statsapi,1.5,0.5382,0.5048736005778259,0.03328484717609803,-108,draftkings,2,2026-08-18,699393,824639,False,1,L,-1.0
TB,Ian Happ,CHC,CWS,7,statsapi,1.5,0.3395,0.3883333333333333,-0.04881267485801072,150,betrivers,6,2026-08-18,664023,824639,False,1,L,-1.0
HRR,Ian Happ,CHC,CWS,7,statsapi,1.5,0.4713,0.5105164319248826,-0.03919762226613671,-105,betmgm,3,2026-08-18,664023,824639,False,1,L,-1.0
TB,Miguel Amaya,CHC,CWS,8,statsapi,1.5,0.3377,0.30840811044003447,0.029262566101420417,210,fanatics,6,2026-08-18,665804,824639,False,0,L,-1.0
HRR,Miguel Amaya,CHC,CWS,8,statsapi,1.5,0.4905,0.4451162790697674,0.04538537327197484,128,draftkings,3,2026-08-18,665804,824639,False,0,L,-1.0
TB,Michael Conforto,CHC,CWS,9,statsapi,1.5,0.3238,0.32493012191495685,-0.0011075145993091895,200,fanatics,6,2026-08-18,624424,824639,False,0,L,-1.0
HRR,Michael Conforto,CHC,CWS,9,statsapi,1.5,0.4421,0.44948356807511736,-0.007380206593566363,117,draftkings,3,2026-08-18,624424,824639,False,0,L,-1.0
TB,Wade Meckler,LAA,HOU,1,statsapi,1.5,0.4373,0.38816326530612244,0.049167490385952806,155,betrivers,9,2026-08-18,685133,824154,False,1,L,-1.0
HRR,Wade Meckler,LAA,HOU,1,statsapi,1.5,0.6165,0.5038095238095238,0.1127269611847469,-109,draftkings,3,2026-08-18,685133,824154,True,2,W,0.9174
TB,Mike Trout,LAA,HOU,2,statsapi,1.5,0.3912,0.41961352657004825,-0.02844709699473652,140,fanatics,6,2026-08-18,545361,824154,False,0,L,-1.0
HRR,Mike Trout,LAA,HOU,2,statsapi,1.5,0.5837,0.4945631067961165,0.08912217403182687,-105,betmgm,3,2026-08-18,545361,824154,False,0,L,-1.0
TB,Nolan Schanuel,LAA,HOU,3,statsapi,1.5,0.4159,0.4284304932735426,-0.01257442318568075,143,betrivers,9,2026-08-18,694384,824154,False,2,W,1.43
HRR,Nolan Schanuel,LAA,HOU,3,statsapi,1.5,0.584,0.5295495495495496,0.054492716314735956,-120,betmgm,3,2026-08-18,694384,824154,False,4,W,0.8333
TB,Zach Neto,LAA,HOU,4,statsapi,1.5,0.3925,0.40109929078014184,-0.008644557003503306,155,fanatics,6,2026-08-18,687263,824154,False,3,W,1.55
HRR,Zach Neto,LAA,HOU,4,statsapi,1.5,0.5442,0.4630917874396135,0.08113662944783145,110,betmgm,3,2026-08-18,687263,824154,False,3,W,1.1
TB,Moisés Ballesteros,LAA,HOU,5,statsapi,1.5,0.3238,0.3646153846153846,-0.04077853698374084,165,betmgm,6,2026-08-18,694208,824154,False,0,L,-1.0
HRR,Moisés Ballesteros,LAA,HOU,5,statsapi,1.5,0.4849,0.46780487804878046,0.01706997416338807,108,draftkings,3,2026-08-18,694208,824154,False,0,L,-1.0
TB,Vaughn Grissom,LAA,HOU,6,statsapi,1.5,0.3624,0.37607843137254904,-0.013661845767268976,169,draftkings,6,2026-08-18,687093,824154,False,1,L,-1.0
HRR,Vaughn Grissom,LAA,HOU,6,statsapi,1.5,0.5357,0.4584688995215311,0.0772608963449622,110,betmgm,3,2026-08-18,687093,824154,False,1,L,-1.0
TB,Josh Lowe,LAA,HOU,7,statsapi,1.5,0.3068,0.3308771929824561,-0.024052744203332643,195,betmgm,6,2026-08-18,666139,824154,False,4,W,1.95
HRR,Josh Lowe,LAA,HOU,7,statsapi,0.5,0.6691,0.6026415094339622,0.06649945226991183,-164,williamhill_us,3,2026-08-18,666139,824154,False,3,W,0.6098
TB,Denzer Guzman,LAA,HOU,8,statsapi,1.5,0.3125,0.3133333333333333,-0.000784209117039969,200,betrivers,6,2026-08-18,694203,824154,False,1,L,-1.0
HRR,Denzer Guzman,LAA,HOU,8,statsapi,1.5,0.4863,0.41103448275862065,0.07522306071768348,132,williamhill_us,3,2026-08-18,694203,824154,False,1,L,-1.0
TB,Tyler Heineman,LAA,HOU,9,statsapi,1.5,0.2388,0.27631255487269535,-0.037528871950347154,275,betrivers,6,2026-08-18,623168,824154,False,0,L,-1.0
HRR,Tyler Heineman,LAA,HOU,9,statsapi,0.5,0.6189,0.5854474708171207,0.03340334086121677,-145,betmgm,4,2026-08-18,623168,824154,False,0,L,-1.0
TB,Jeremy Peña,HOU,LAA,1,statsapi,1.5,0.4362,0.46780487804878046,-0.03163914985668992,130,fanatics,9,2026-08-18,665161,824154,False,0,L,-1.0
HRR,Jeremy Peña,HOU,LAA,1,statsapi,1.5,0.63,0.5733884297520662,0.056651214809475214,-142,draftkings,2,2026-08-18,665161,824154,False,0,L,-1.0
TB,Yordan Alvarez,HOU,LAA,2,statsapi,1.5,0.4706,0.5394713656387665,-0.06889279730721054,-110,betmgm,9,2026-08-18,670541,824154,False,0,L,-1.0
HRR,Yordan Alvarez,HOU,LAA,2,statsapi,2.5,0.4727,0.4969082125603864,-0.02421647915620828,115,betmgm,3,2026-08-18,670541,824154,False,0,L,-1.0
TB,Isaac Paredes,HOU,LAA,3,statsapi,1.5,0.3604,0.4129085457271364,-0.05249124271694794,145,fanatics,10,2026-08-18,670623,824154,False,0,L,-1.0
HRR,Isaac Paredes,HOU,LAA,3,statsapi,1.5,0.5354,0.5275113122171946,0.00786453176312396,-120,betmgm,3,2026-08-18,670623,824154,False,0,L,-1.0
TB,Jose Altuve,HOU,LAA,4,statsapi,1.5,0.3509,0.3898360655737705,-0.038929721180572585,155,fanatics,9,2026-08-18,514888,824154,False,1,L,-1.0
HRR,Jose Altuve,HOU,LAA,4,statsapi,1.5,0.5124,0.5212844036697247,-0.008855083479355264,-113,draftkings,3,2026-08-18,514888,824154,False,1,L,-1.0
TB,Daulton Varsho,HOU,LAA,5,statsapi,1.5,0.333,0.41763885696774683,-0.08465356933966228,135,betmgm,8,2026-08-18,662139,824154,False,0,L,-1.0
HRR,Daulton Varsho,HOU,LAA,5,statsapi,1.5,0.4638,0.5394713656387665,-0.07563843405828696,-125,betmgm,3,2026-08-18,662139,824154,False,0,L,-1.0
TB,Christian Walker,HOU,LAA,6,statsapi,1.5,0.3522,0.4033798782670963,-0.051202780505201106,150,betmgm,6,2026-08-18,572233,824154,False,0,L,-1.0
HRR,Christian Walker,HOU,LAA,6,statsapi,1.5,0.4993,0.5015311004784688,-0.002242960266732652,-107,draftkings,3,2026-08-18,572233,824154,False,0,L,-1.0
TB,Taylor Trammell,HOU,LAA,7,statsapi,1.5,0.3103,0.34038961038961035,-0.030119028622247912,195,betmgm,6,2026-08-18,666211,824154,False,0,L,-1.0
HRR,Taylor Trammell,HOU,LAA,7,statsapi,1.5,0.4649,0.42642857142857143,0.03849370656800599,130,betmgm,3,2026-08-18,666211,824154,False,0,L,-1.0
TB,Cam Smith,HOU,LAA,8,statsapi,1.5,0.2869,0.3587933137240835,-0.07185372190609746,170,fanatics,6,2026-08-18,701358,824154,False,4,W,1.7
HRR,Cam Smith,HOU,LAA,8,statsapi,1.5,0.4245,0.48495049504950494,-0.060404479939541234,100,betmgm,3,2026-08-18,701358,824154,False,3,W,1.0
TB,Yainer Diaz,HOU,LAA,9,statsapi,1.5,0.2986,0.34109303838646715,-0.04251849665151758,190,betrivers,4,2026-08-18,673237,824154,False,1,L,-1.0
HRR,Yainer Diaz,HOU,LAA,9,statsapi,1.5,0.4499,0.5159004177973037,-0.06603637968797316,-113,williamhill_us,2,2026-08-18,673237,824154,False,1,L,-1.0
TB,Shohei Ohtani,LAD,COL,1,Expected Lineup,1.5,0.549,0.6291228070175439,-0.08016385120452818,-160,fanatics,5,2026-08-18,660271,824319,False,4,W,0.625
HRR,Shohei Ohtani,LAD,COL,1,Expected Lineup,2.5,0.5127,0.58,-0.06730919209536135,-148,draftkings,3,2026-08-18,660271,824319,False,4,W,0.6757
TB,Freddie Freeman,LAD,COL,2,Expected Lineup,1.5,0.5266,0.58,-0.05342515628290834,-139,betrivers,9,2026-08-18,518692,824319,False,2,W,0.7194
HRR,Freddie Freeman,LAD,COL,2,Expected Lineup,2.5,0.4566,0.5452173913043478,-0.08860054381566895,-124,williamhill_us,3,2026-08-18,518692,824319,False,5,W,0.8065
TB,Andy Pages,LAD,COL,3,Expected Lineup,1.5,0.5191,0.554468085106383,-0.035348045534329686,-120,fanatics,9,2026-08-18,681624,824319,False,1,L,-1.0
HRR,Andy Pages,LAD,COL,3,Expected Lineup,2.5,0.4485,0.5212844036697247,-0.07283384268882587,-110,betmgm,3,2026-08-18,681624,824319,False,1,L,-1.0
TB,Max Muncy,LAD,COL,4,Expected Lineup,1.5,0.4806,0.5038095238095238,-0.023252235732106108,-106,betrivers,9,2026-08-18,571970,824319,False,1,L,-1.0
HRR,Max Muncy,LAD,COL,4,Expected Lineup,2.5,0.4271,0.4873891625615764,-0.060297891539388304,105,betmgm,3,2026-08-18,571970,824319,False,2,L,-1.0
TB,Mookie Betts,LAD,COL,5,Expected Lineup,1.5,0.4594,0.5452173913043478,-0.0858101537502346,-124,betrivers,9,2026-08-18,605141,824319,False,0,L,-1.0
HRR,Mookie Betts,LAD,COL,5,Expected Lineup,2.5,0.3663,0.5038095238095238,-0.13750262445963984,-110,williamhill_us,3,2026-08-18,605141,824319,False,0,L,-1.0
TB,Kyle Tucker,LAD,COL,6,Expected Lineup,1.5,0.3716,0.4921951219512195,-0.12061746320432004,107,betrivers,9,2026-08-18,663656,824319,False,2,W,1.07
HRR,Kyle Tucker,LAD,COL,6,Expected Lineup,2.5,0.3148,0.45186609686609686,-0.13704894243167143,116,williamhill_us,2,2026-08-18,663656,824319,False,3,W,1.16
TB,Tommy Edman,LAD,COL,7,Expected Lineup,1.5,0.4095,0.48248756218905475,-0.07301479449931636,104,betrivers,9,2026-08-18,669242,824319,False,4,W,1.04
HRR,Tommy Edman,LAD,COL,7,Expected Lineup,2.5,0.3429,0.4552765861368254,-0.11242214540093459,115,williamhill_us,2,2026-08-18,669242,824319,False,3,W,1.15
TB,Teoscar Hernandez,LAD,COL,8,Expected Lineup,1.5,0.3915,0.5038095238095238,-0.11230955681386073,105,fanatics,10,2026-08-18,606192,824319,False,5,W,1.05
HRR,Teoscar Hernandez,LAD,COL,8,Expected Lineup,2.5,0.3107,0.4539336492890995,-0.14326948918878707,120,betmgm,3,2026-08-18,606192,824319,False,5,W,1.2
TB,Hunter Feduccia,LAD,COL,9,Expected Lineup,1.5,0.346,0.39666666666666667,-0.050678133836325134,170,fanatics,5,2026-08-18,676439,824319,False,0,L,-1.0
HRR,Hunter Feduccia,LAD,COL,9,Expected Lineup,1.5,0.4622,0.5295495495495496,-0.06732561384257263,-120,betmgm,3,2026-08-18,676439,824319,False,1,L,-1.0
TB,Jake McCarthy,COL,LAD,1,statsapi,1.5,0.4824,0.5038095238095238,-0.021366640500294465,-104,draftkings,9,2026-08-18,664983,824319,False,3,W,0.9615
HRR,Jake McCarthy,COL,LAD,1,statsapi,1.5,0.6279,0.5953846153846154,0.03246791122058457,-160,draftkings,1,2026-08-18,664983,824319,False,4,W,0.625
TB,Cole Carrigg,COL,LAD,2,statsapi,1.5,0.4355,0.49923076923076926,-0.0637529810472528,100,fanatics,9,2026-08-18,694249,824319,False,2,W,1.0
HRR,Cole Carrigg,COL,LAD,2,statsapi,1.5,0.5655,0.5847369078865141,-0.019213917960096194,-152,williamhill_us,2,2026-08-18,694249,824319,False,2,W,0.6579
TB,Willi Castro,COL,LAD,3,statsapi,1.5,0.3928,0.48,-0.08720083146091845,107,williamhill_us,9,2026-08-18,650489,824319,False,5,W,1.07
HRR,Willi Castro,COL,LAD,3,statsapi,1.5,0.5389,0.5650622406639004,-0.026142045958632343,-137,williamhill_us,3,2026-08-18,650489,824319,False,7,W,0.7299
TB,TJ Rumfield,COL,LAD,4,statsapi,1.5,0.4004,0.4345454545454545,-0.03417987981260556,125,fanatics,9,2026-08-18,681198,824319,False,3,W,1.25
HRR,TJ Rumfield,COL,LAD,4,statsapi,1.5,0.5532,0.5489655172413793,0.0042259325467300934,-132,williamhill_us,3,2026-08-18,681198,824319,False,4,W,0.7576
TB,Connor Norby,COL,LAD,5,statsapi,1.5,0.3059,0.4451162790697674,-0.13917393462187877,126,draftkings,9,2026-08-18,681393,824319,False,2,W,1.26
HRR,Connor Norby,COL,LAD,5,statsapi,1.5,0.3906,0.5169973420217782,-0.1263781817497442,100,fanatics,4,2026-08-18,681393,824319,False,2,W,1.0
TB,Mickey Moniak,COL,LAD,6,statsapi,1.5,0.4203,0.39666666666666667,0.023644422424983047,160,draftkings,7,2026-08-18,666160,824319,False,0,L,-1.0
HRR,Mickey Moniak,COL,LAD,6,statsapi,1.5,0.5525,0.47751243781094527,0.07503499105550832,110,draftkings,3,2026-08-18,666160,824319,False,0,L,-1.0
TB,Jordan Beck,COL,LAD,7,statsapi,1.5,0.319,0.4244444444444444,-0.10544612194459974,131,draftkings,9,2026-08-18,687597,824319,False,0,L,-1.0
HRR,Jordan Beck,COL,LAD,7,statsapi,1.5,0.4022,0.5083018867924528,-0.10611048239326237,-104,draftkings,3,2026-08-18,687597,824319,False,0,L,-1.0
TB,Braxton Fulford,COL,LAD,8,statsapi,1.5,0.2879,0.32250585480093674,-0.034597669755068616,222,draftkings,6,2026-08-18,690924,824319,False,1,L,-1.0
HRR,Braxton Fulford,COL,LAD,8,statsapi,0.5,0.6142,0.5767741935483871,0.037396108605239786,-143,draftkings,3,2026-08-18,690924,824319,False,1,W,0.6993
TB,Ezequiel Tovar,COL,LAD,9,statsapi,1.5,0.2748,0.40016806722689074,-0.12537892059850686,140,fanatics,9,2026-08-18,678662,824319,False,0,L,-1.0
HRR,Ezequiel Tovar,COL,LAD,9,statsapi,1.5,0.3585,0.48,-0.12152240278361193,100,draftkings,3,2026-08-18,678662,824319,False,0,L,-1.0
