date,game,team,line,side,pm,pk,edge,price,book,pay,nb,win,p_be,ev,u
2026-08-11,BAL@MIN,BAL,3.5,Under,0.42569999999999997,0.39281085380349967,0.032889146196500296,155,betmgm,1.55,3,0,0.3921568627450981,0.08553499999999992,-1.0
2026-08-11,BAL@MIN,BAL,4.5,Under,0.5609500000000001,0.5203045685279188,0.04064543147208122,-110,draftkings,0.9090909090909091,6,0,0.5238095238095238,0.07090454545454561,-1.0
2026-08-11,BAL@MIN,BAL,5.5,Under,0.6777,0.6318449031570219,0.04585509684297806,-182,williamhill_us,0.5494505494505495,3,1,0.6453900709219857,0.050062637362637386,0.5494505494505495
2026-08-11,BAL@MIN,MIN,3.5,Under,0.40080000000000005,0.3913696310092609,0.009430368990739124,160,williamhill_us,1.6,3,1,0.3846153846153846,0.04208000000000012,1.6
2026-08-11,BAL@MIN,MIN,4.5,Under,0.5388,0.5263157894736843,0.012484210526315653,-110,draftkings,0.9090909090909091,6,1,0.5238095238095238,0.028618181818181654,0.9090909090909091
2026-08-11,BAL@MIN,MIN,5.5,Under,0.66135,0.6455491744436468,0.015800825556353204,-187,williamhill_us,0.5347593582887701,3,1,0.6515679442508712,0.015013101604278045,0.5347593582887701
2026-08-11,BOS@TOR,BOS,2.5,Under,0.4376,0.4284750337381916,0.009124966261808365,130,williamhill_us,1.3,3,0,0.4347826086956522,0.006479999999999819,-1.0
2026-08-11,BOS@TOR,BOS,3.5,Under,0.5896,0.565480867028436,0.024119132971563984,-143,betrivers,0.6993006993006993,6,1,0.5884773662551441,0.001907692307692166,0.6993006993006993
2026-08-11,BOS@TOR,BOS,4.5,Under,0.7138,0.688199179629235,0.025600820370764943,-250,williamhill_us,0.4,3,1,0.7142857142857143,-0.000680000000000125,0.4
2026-08-11,BOS@TOR,TOR,2.5,Over,0.6813,0.6336194460473168,0.047680553952683224,-225,williamhill_us,0.4444444444444444,4,1,0.6923076923076923,-0.015900000000000025,0.4444444444444444
2026-08-11,BOS@TOR,TOR,3.5,Over,0.5278,0.4796954314720812,0.048104568527918834,-111,fanduel,0.9009009009009009,6,1,0.5260663507109005,0.0032954954954955706,0.9009009009009009
2026-08-11,BOS@TOR,TOR,4.5,Over,0.38245,0.3436672520382491,0.03878274796175091,155,betmgm,1.55,3,1,0.3921568627450981,-0.024752500000000066,1.55
2026-08-11,CHC@WSH,CHC,4.5,Under,0.43865,0.4314399495363417,0.007210050463658302,118,betrivers,1.18,6,0,0.4587155963302753,-0.0437430000000002,-1.0
2026-08-11,CHC@WSH,CHC,5.5,Under,0.5553,0.5427774333539988,0.012522566646001265,-134,betrivers,0.746268656716418,4,0,0.5726495726495727,-0.030297014925373178,-1.0
2026-08-11,CHC@WSH,CHC,6.5,Under,0.6628000000000001,0.6359984043765672,0.026801595623432872,-210,betrivers,0.47619047619047616,4,0,0.6774193548387096,-0.021580952380952256,-1.0
2026-08-11,CHC@WSH,WSH,2.5,Over,0.73205,0.6468514683799429,0.08519853162005708,-210,betrivers,0.47619047619047616,5,1,0.6774193548387096,0.08064523809523805,0.47619047619047616
2026-08-11,CHC@WSH,WSH,3.5,Over,0.5856,0.5168918918918919,0.06870810810810812,-114,betrivers,0.8771929824561403,6,1,0.5327102803738317,0.09928421052631586,0.8771929824561403
2026-08-11,CHC@WSH,WSH,4.5,Over,0.4442,0.38107707799038687,0.06312292200961311,155,betrivers,1.55,4,1,0.3921568627450981,0.13270999999999988,1.55
2026-08-11,CIN@CWS,CIN,2.5,Under,0.39449999999999996,0.3838403093344689,0.010659690665531074,145,draftkings,1.45,3,0,0.4081632653061224,-0.03347500000000003,-1.0
2026-08-11,CIN@CWS,CIN,3.5,Under,0.5428999999999999,0.5281576830249396,0.014742316975060343,-125,draftkings,0.8,6,0,0.5555555555555556,-0.022780000000000133,-1.0
2026-08-11,CIN@CWS,CIN,4.5,Under,0.6688000000000001,0.6506825608203636,0.018117439179636485,-220,draftkings,0.45454545454545453,3,0,0.6875,-0.02719999999999989,-1.0
2026-08-11,CLE@DET,CLE,2.5,Over,0.7201,0.650198997760268,0.06990100223973195,-225,williamhill_us,0.4444444444444444,3,1,0.6923076923076923,0.040144444444444316,0.4444444444444444
2026-08-11,CLE@DET,CLE,3.5,Over,0.5853,0.5203045685279188,0.0649954314720812,-128,fanduel,0.78125,6,1,0.5614035087719298,0.04256562500000016,0.78125
2026-08-11,CLE@DET,CLE,4.5,Over,0.45515,0.4015386428272579,0.053611357172742125,137,williamhill_us,1.37,4,0,0.42194092827004215,0.0787055000000001,-1.0
2026-08-11,CLE@DET,CLE,5.5,Over,0.3367,0.2983761696632984,0.038323830336701614,220,betmgm,2.2,4,0,0.3125,0.07743999999999995,-1.0
2026-08-11,CLE@DET,DET,3.5,Under,0.42655,0.41854155956727546,0.008008440432724528,120,fanduel,1.2,6,0,0.45454545454545453,-0.06158999999999992,-1.0
2026-08-11,CLE@DET,DET,4.5,Under,0.5708,0.5445920303605314,0.026207969639468587,-150,betmgm,0.6666666666666666,4,0,0.6000000000000001,-0.04866666666666675,-1.0
2026-08-11,CLE@DET,DET,5.5,Under,0.69265,0.6561849194928798,0.03646508050712016,-250,betmgm,0.4,4,0,0.7142857142857143,-0.03029000000000004,-1.0
2026-08-11,COL@AZ,AZ,3.5,Over,0.6978,0.6769746646795827,0.020825335320417304,-275,williamhill_us,0.36363636363636365,3,0,0.7333333333333333,-0.04845454545454542,-1.0
2026-08-11,COL@AZ,AZ,4.5,Over,0.56545,0.552733296521259,0.012716703478740987,-142,fanduel,0.704225352112676,5,0,0.5867768595041323,-0.03634577464788735,-1.0
2026-08-11,COL@AZ,AZ,5.5,Over,0.43695,0.4295207355773143,0.007429264422685711,115,betmgm,1.15,4,0,0.46511627906976744,-0.06055750000000004,-1.0
2026-08-11,COL@AZ,COL,2.5,Over,0.7507,0.6805147533997269,0.07018524660027314,-275,williamhill_us,0.36363636363636365,3,1,0.7333333333333333,0.02368181818181836,0.36363636363636365
2026-08-11,COL@AZ,COL,3.5,Over,0.61975,0.5520177711958534,0.06773222880414664,-142,fanduel,0.704225352112676,6,0,0.5867768595041323,0.056193661971831066,-1.0
2026-08-11,COL@AZ,COL,4.5,Over,0.4921,0.4196676031600357,0.07243239683996427,115,williamhill_us,1.15,4,0,0.46511627906976744,0.05801499999999993,-1.0
2026-08-11,HOU@SF,HOU,4.5,Over,0.5608,0.5061726421844668,0.054627357815533184,-111,fanduel,0.9009009009009009,5,0,0.5260663507109005,0.06602522522522514,-1.0
2026-08-11,HOU@SF,SF,3.5,Over,0.5335,0.4340485811169843,0.09945141888301567,123,betrivers,1.23,4,1,0.4484304932735426,0.189705,1.23
2026-08-11,KC@LAD,KC,2.5,Over,0.64125,0.5608915420764153,0.08035845792358465,-150,williamhill_us,0.6666666666666666,4,1,0.6000000000000001,0.06874999999999987,0.6666666666666666
2026-08-11,KC@LAD,LAD,4.5,Under,0.46765,0.4506405125431673,0.017009487456832728,112,betrivers,1.12,6,0,0.4716981132075471,-0.008581999999999979,-1.0
2026-08-11,MIL@SD,MIL,2.5,Over,0.75495,0.6833160829354612,0.07163391706453881,-250,williamhill_us,0.4,3,0,0.7142857142857143,0.056929999999999925,-1.0
2026-08-11,MIL@SD,MIL,3.5,Over,0.62795,0.5467012037178121,0.08124879628218795,-130,fanatics,0.7692307692307693,7,0,0.5652173913043479,0.11098846153846154,-1.0
2026-08-11,MIL@SD,MIL,4.5,Over,0.5002,0.4151898795938873,0.08501012040611267,125,williamhill_us,1.25,3,0,0.4444444444444444,0.12544999999999984,-1.0
2026-08-11,MIL@SD,SD,2.5,Over,0.6654,0.617878840905393,0.04752115909460697,-200,williamhill_us,0.5,3,1,0.6666666666666666,-0.0019000000000000128,0.5
2026-08-11,MIL@SD,SD,3.5,Over,0.51275,0.4607930386631069,0.05195696133689315,106,fanduel,1.06,6,1,0.4854368932038835,0.05626500000000001,1.06
2026-08-11,MIL@SD,SD,4.5,Over,0.3724,0.32959423902506574,0.04280576097493427,170,williamhill_us,1.7,3,1,0.37037037037037035,0.005480000000000151,1.7
2026-08-11,NYM@ATL,ATL,3.5,Under,0.51885,0.4144788241320041,0.10437117586799594,125,williamhill_us,1.25,3,0,0.4444444444444444,0.1674125000000002,-1.0
2026-08-11,NYM@ATL,ATL,4.5,Under,0.6606000000000001,0.550561797752809,0.11003820224719107,-135,draftkings,0.7407407407407407,6,1,0.574468085106383,0.14993333333333347,0.7407407407407407
2026-08-11,NYM@ATL,ATL,5.5,Under,0.77495,0.6646525679758308,0.1102974320241692,-225,williamhill_us,0.4444444444444444,3,1,0.6923076923076923,0.11937222222222221,0.4444444444444444
2026-08-11,NYM@ATL,NYM,2.5,Under,0.40135,0.3194852466002731,0.08186475339972688,200,betmgm,2.0,3,1,0.3333333333333333,0.20405000000000006,2.0
2026-08-11,NYM@ATL,NYM,3.5,Under,0.5541,0.449438202247191,0.10466179775280904,114,fanduel,1.14,6,1,0.4672897196261683,0.18577399999999988,1.14
2026-08-11,NYM@ATL,NYM,4.5,Under,0.68535,0.5858694696831235,0.09948053031687654,-155,betmgm,0.6451612903225806,3,1,0.607843137254902,0.12751129032258057,0.6451612903225806
2026-08-11,PHI@STL,PHI,4.5,Under,0.58895,0.5255127398872074,0.0634372601127926,-106,fanduel,0.9433962264150944,6,1,0.5145631067961165,0.14456320754716967,0.9433962264150944
2026-08-11,PHI@STL,STL,3.5,Over,0.595,0.4435314129850049,0.15146858701499505,114,fanduel,1.14,6,0,0.4672897196261683,0.27329999999999965,-1.0
2026-08-11,PIT@MIA,MIA,2.5,Over,0.7224,0.6049886236324742,0.11741137636752585,-160,betmgm,0.625,3,0,0.6153846153846154,0.17390000000000017,-1.0
2026-08-11,PIT@MIA,MIA,3.5,Over,0.5777,0.45168667810177243,0.12601332189822756,122,fanduel,1.22,5,0,0.4504504504504505,0.2824939999999998,-1.0
2026-08-11,PIT@MIA,MIA,4.5,Over,0.43215,0.3194852466002732,0.11266475339972676,210,betmgm,2.1,2,0,0.3225806451612903,0.3396649999999999,-1.0
2026-08-11,PIT@MIA,PIT,2.5,Over,0.71985,0.6267662277225456,0.09308377227745435,-205,draftkings,0.4878048780487805,2,0,0.6721311475409836,0.07099634146341471,-1.0
2026-08-11,PIT@MIA,PIT,3.5,Over,0.58945,0.49179655455291227,0.09765344544708776,100,fanduel,1.0,5,0,0.5,0.17890000000000006,-1.0
2026-08-11,PIT@MIA,PIT,4.5,Over,0.4628,0.3647500338096741,0.09804996619032591,160,betmgm,1.6,2,0,0.3846153846153846,0.2032799999999999,-1.0
2026-08-11,SEA@NYY,NYY,3.5,Under,0.5379499999999999,0.43677353130861596,0.10117646869138397,120,draftkings,1.2,6,0,0.45454545454545453,0.18348999999999993,-1.0
2026-08-11,SEA@NYY,NYY,4.5,Under,0.6782,0.5676429567642957,0.11055704323570437,-152,betrivers,0.6578947368421053,3,1,0.6031746031746031,0.12438421052631576,0.6578947368421053
2026-08-11,SEA@NYY,NYY,5.5,Under,0.7935,0.6864224137931034,0.10707758620689656,-285,draftkings,0.3508771929824561,3,1,0.7402597402597403,0.071921052631579,0.3508771929824561
2026-08-11,SEA@NYY,SEA,2.5,Over,0.6647,0.6463738668333855,0.018326133166614467,-225,williamhill_us,0.4444444444444444,3,0,0.6923076923076923,-0.0398777777777779,-1.0
2026-08-11,SEA@NYY,SEA,3.5,Over,0.52135,0.5187593796898449,0.0025906203101551117,-120,williamhill_us,0.8333333333333334,6,0,0.5454545454545454,-0.04419166666666663,-1.0
2026-08-11,SEA@NYY,SEA,4.5,Over,0.3878,0.3829914583905349,0.004808541609465089,140,betmgm,1.4,3,0,0.4166666666666667,-0.06928000000000012,-1.0
2026-08-11,TB@ATH,ATH,3.5,Under,0.5071,0.42744991703154334,0.07965008296845666,140,betmgm,1.4,3,0,0.4166666666666667,0.2170399999999999,-1.0
2026-08-11,TB@ATH,ATH,4.5,Under,0.64595,0.552733296521259,0.093216703478741,-125,betmgm,0.8,6,1,0.5555555555555556,0.16271000000000013,0.8
2026-08-11,TB@ATH,ATH,5.5,Under,0.7594,0.6777825129625683,0.08161748703743166,-220,betmgm,0.45454545454545453,3,1,0.6875,0.10458181818181811,0.45454545454545453
2026-08-11,TB@ATH,TB,4.5,Under,0.36739999999999995,0.3574519825241118,0.009948017475888138,155,betmgm,1.55,3,0,0.3921568627450981,-0.06313000000000024,-1.0
2026-08-11,TB@ATH,TB,5.5,Under,0.4838,0.46079303866310695,0.02300696133689306,-105,draftkings,0.9523809523809523,6,0,0.5121951219512195,-0.055438095238095286,-1.0
2026-08-11,TB@ATH,TB,6.5,Under,0.59285,0.5618455291509912,0.031004470849008814,-162,williamhill_us,0.6172839506172839,3,0,0.6183206106870228,-0.04119320987654318,-1.0
2026-08-11,TEX@LAA,LAA,2.5,Over,0.68205,0.6805147533997269,0.0015352466002731546,-260,fanatics,0.38461538461538464,4,1,0.7222222222222222,-0.055623076923076886,0.38461538461538464
2026-08-11,TEX@LAA,LAA,3.5,Under,0.46785,0.4576614849859998,0.010188515014000199,115,betmgm,1.15,6,1,0.46511627906976744,0.00587749999999998,1.15
2026-08-11,TEX@LAA,LAA,4.5,Under,0.60875,0.5925209429084118,0.016229057091588173,-155,betmgm,0.6451612903225806,3,1,0.607843137254902,0.001491935483870943,0.6451612903225806
2026-08-11,TEX@LAA,TEX,3.5,Under,0.35409999999999997,0.34644816504802656,0.007651834951973413,170,williamhill_us,1.7,3,1,0.37037037037037035,-0.043930000000000025,1.7
2026-08-11,TEX@LAA,TEX,4.5,Under,0.48695,0.4632426988922457,0.02370730110775432,106,betrivers,1.06,6,1,0.4854368932038835,0.0031170000000000364,1.06
2026-08-11,TEX@LAA,TEX,5.5,Under,0.60345,0.5751930443762955,0.02825695562370456,-154,williamhill_us,0.6493506493506493,3,1,0.6062992125984252,-0.004699350649350564,0.6493506493506493
2026-08-12,BAL@MIN,BAL,3.5,Over,0.60975,0.5834499776263388,0.026300022373661247,-148,betrivers,0.6756756756756757,5,1,0.5967741935483871,0.02174324324324317,0.6756756756756757
2026-08-12,BAL@MIN,BAL,4.5,Over,0.4766,0.4693877551020409,0.00721224489795913,115,betrivers,1.15,6,1,0.46511627906976744,0.0246900000000001,1.15
2026-08-12,BAL@MIN,BAL,5.5,Over,0.35765,0.3543554006968641,0.0032945993031359144,180,betrivers,1.8,4,0,0.35714285714285715,0.0014199999999999768,-1.0
2026-08-12,BAL@MIN,MIN,3.5,Under,0.46314999999999995,0.4281020499582351,0.035047950041764864,130,betmgm,1.3,4,0,0.4347826086956522,0.06524499999999978,-1.0
2026-08-12,BAL@MIN,MIN,4.5,Under,0.6038,0.552733296521259,0.05106670347874098,-135,draftkings,0.7407407407407407,6,0,0.574468085106383,0.05105925925925914,-1.0
2026-08-12,BAL@MIN,MIN,5.5,Under,0.7249,0.6685346035304007,0.05636539646959926,-235,betmgm,0.425531914893617,4,0,0.7014925373134329,0.033368085106382894,-1.0
2026-08-12,BOS@TOR,BOS,3.5,Under,0.50955,0.46814901356401273,0.04140098643598722,102,betrivers,1.02,6,0,0.49504950495049505,0.029290999999999956,-1.0
2026-08-12,BOS@TOR,TOR,3.5,Under,0.5756,0.5608915420764153,0.014708457923584661,-130,betmgm,0.7692307692307693,5,0,0.5652173913043479,0.018369230769230693,-1.0
2026-08-12,CHC@WSH,CHC,5.5,Under,0.56055,0.533066132264529,0.027483867735470957,-130,draftkings,0.7692307692307693,6,0,0.5652173913043479,-0.008257692307692355,-1.0
2026-08-12,CHC@WSH,WSH,3.5,Over,0.66155,0.5594871427548169,0.10206285724518305,-141,betrivers,0.7092198581560284,6,1,0.5850622406639003,0.13073439716312052,0.7092198581560284
2026-08-12,CHC@WSH,WSH,4.5,Over,0.5302,0.44726670347874103,0.08293329652125897,125,williamhill_us,1.25,3,1,0.4444444444444444,0.19294999999999995,1.25
2026-08-12,CIN@CWS,CIN,2.5,Under,0.3468,0.32485396645939324,0.021946033540606757,200,betmgm,2.0,3,1,0.3333333333333333,0.04039999999999999,2.0
2026-08-12,CIN@CWS,CIN,3.5,Under,0.4918,0.4576614849859998,0.034138515014000226,115,betrivers,1.15,6,1,0.46511627906976744,0.05736999999999992,1.15
2026-08-12,CIN@CWS,CIN,4.5,Under,0.6218,0.593060108975868,0.02873989102413199,-154,williamhill_us,0.6493506493506493,3,1,0.6062992125984252,0.025566233766233903,0.6493506493506493
2026-08-12,CLE@DET,CLE,2.5,Over,0.7032,0.6668950293065388,0.03630497069346128,-225,williamhill_us,0.4444444444444444,3,1,0.6923076923076923,0.015733333333333377,0.4444444444444444
2026-08-12,CLE@DET,CLE,3.5,Over,0.5647,0.533066132264529,0.031633867735470944,-125,williamhill_us,0.8,6,1,0.5555555555555556,0.01645999999999992,0.8
2026-08-12,CLE@DET,CLE,4.5,Over,0.4378,0.405776836476034,0.032023163523966,137,williamhill_us,1.37,3,1,0.42194092827004215,0.03758600000000012,1.37
2026-08-12,CLE@DET,DET,2.5,Over,0.70605,0.7000173536303171,0.006032646369682815,-275,williamhill_us,0.36363636363636365,4,1,0.7333333333333333,-0.037204545454545435,0.36363636363636365
2026-08-12,CLE@DET,DET,3.5,Under,0.44225000000000003,0.4366812227074236,0.005568777292576432,114,draftkings,1.14,6,0,0.4672897196261683,-0.053585000000000105,-1.0
2026-08-12,CLE@DET,DET,4.5,Under,0.5858,0.5633187772925765,0.022481222707423476,-150,betrivers,0.6666666666666666,3,1,0.6000000000000001,-0.023666666666666725,0.6666666666666666
2026-08-12,COL@AZ,AZ,4.5,Over,0.64125,0.5543606364172068,0.0868893635827932,-143,betrivers,0.6993006993006993,6,0,0.5884773662551441,0.0896765734265732,-1.0
2026-08-12,COL@AZ,AZ,5.5,Over,0.52055,0.4341876351155418,0.08636236488445814,115,betmgm,1.15,4,0,0.46511627906976744,0.11918249999999997,-1.0
2026-08-12,COL@AZ,AZ,6.5,Over,0.40375,0.3305127345844504,0.07323726541554959,185,betmgm,1.85,4,0,0.3508771929824561,0.15068750000000009,-1.0
2026-08-12,COL@AZ,COL,3.5,Over,0.70435,0.5445920303605313,0.15975796963946876,-138,fanduel,0.7246376811594203,7,1,0.5798319327731092,0.21474855072463783,0.7246376811594203
2026-08-12,COL@AZ,COL,4.5,Over,0.5891,0.4116814215168093,0.17741857848319065,120,williamhill_us,1.2,4,1,0.45454545454545453,0.29601999999999995,1.2
2026-08-12,COL@AZ,COL,5.5,Over,0.47305,0.31072991761071056,0.16232008238928947,200,betmgm,2.0,4,1,0.3333333333333333,0.41915000000000013,2.0
2026-08-12,HOU@SF,HOU,3.5,Under,0.47935000000000005,0.4001031325593366,0.07924686744066345,145,williamhill_us,1.45,2,1,0.4081632653061224,0.17440750000000027,1.45
2026-08-12,HOU@SF,HOU,4.5,Under,0.612,0.5157232704402516,0.09627672955974842,-113,betrivers,0.8849557522123894,4,1,0.5305164319248826,0.1535929203539823,0.8849557522123894
2026-08-12,HOU@SF,HOU,5.5,Under,0.7221,0.6312460283257977,0.09085397167420228,-187,williamhill_us,0.5347593582887701,2,1,0.6515679442508712,0.10824973262032067,0.5347593582887701
2026-08-12,HOU@SF,SF,2.5,Over,0.74805,0.6381926167790241,0.10985738322097593,-200,williamhill_us,0.5,3,0,0.6666666666666666,0.12207499999999993,-1.0
2026-08-12,HOU@SF,SF,3.5,Over,0.6001,0.48987854251012153,0.11022145748987844,-110,williamhill_us,0.9090909090909091,4,0,0.5238095238095238,0.14564545454545463,-1.0
2026-08-12,HOU@SF,SF,4.5,Over,0.458,0.3544508255563532,0.10354917444364681,160,williamhill_us,1.6,2,0,0.3846153846153846,0.19080000000000008,-1.0
2026-08-12,KC@LAD,KC,2.5,Over,0.64775,0.6336194460473168,0.014130553952683256,-200,williamhill_us,0.5,3,0,0.6666666666666666,-0.028374999999999928,-1.0
2026-08-12,KC@LAD,KC,3.5,Over,0.49525,0.48987854251012153,0.005371457489878495,-105,williamhill_us,0.9523809523809523,7,0,0.5121951219512195,-0.03308333333333335,-1.0
2026-08-12,KC@LAD,KC,4.5,Under,0.6353,0.6336194460473168,0.0016805539526831836,-190,betmgm,0.5263157894736842,3,1,0.6551724137931035,-0.030331578947368598,0.5263157894736842
2026-08-12,KC@LAD,LAD,3.5,Under,0.39225,0.30440751378018227,0.08784248621981772,200,betmgm,2.0,3,0,0.3333333333333333,0.17674999999999996,-1.0
2026-08-12,KC@LAD,LAD,4.5,Under,0.5380499999999999,0.4297019224536156,0.10834807754638431,115,betmgm,1.15,6,1,0.46511627906976744,0.15680749999999977,1.15
2026-08-12,KC@LAD,LAD,5.5,Under,0.6658,0.5541401273885351,0.11165987261146482,-140,draftkings,0.7142857142857143,3,1,0.5833333333333333,0.14137142857142848,0.7142857142857143
2026-08-12,MIL@SD,MIL,3.5,Over,0.6055,0.5676429567642958,0.03785704323570427,-148,fanduel,0.6756756756756757,5,0,0.5967741935483871,0.014621621621621728,-1.0
2026-08-12,MIL@SD,MIL,4.5,Over,0.47345,0.4513373365591048,0.022112663440895186,115,williamhill_us,1.15,4,0,0.46511627906976744,0.01791749999999981,-1.0
2026-08-12,MIL@SD,MIL,5.5,Over,0.353,0.3402783595844504,0.012721640415549573,185,betmgm,1.85,3,0,0.3508771929824561,0.006049999999999889,-1.0
2026-08-12,MIL@SD,SD,2.5,Under,0.4245,0.3409708709367769,0.08352912906322307,175,betmgm,1.75,4,0,0.36363636363636365,0.16737500000000005,-1.0
2026-08-12,MIL@SD,SD,3.5,Under,0.5882000000000001,0.47969543147208116,0.1085045685279189,-104,betrivers,0.9615384615384616,6,0,0.5098039215686274,0.15377692307692326,-1.0
2026-08-12,MIL@SD,SD,4.5,Under,0.7234,0.6212427193272783,0.10215728067272178,-185,draftkings,0.5405405405405406,3,1,0.6491228070175439,0.11442702702702712,0.5405405405405406
2026-08-12,NYM@ATL,ATL,3.5,Under,0.43725,0.34987815873038863,0.0873718412696114,165,betmgm,1.65,3,0,0.37735849056603776,0.15871250000000003,-1.0
2026-08-12,NYM@ATL,ATL,4.5,Under,0.5771,0.48098296919241,0.09611703080758993,-105,williamhill_us,0.9523809523809523,6,0,0.5121951219512195,0.1267190476190474,-1.0
2026-08-12,NYM@ATL,ATL,5.5,Under,0.7000500000000001,0.6049886236324742,0.09506137636752587,-182,williamhill_us,0.5494505494505495,3,0,0.6453900709219857,0.08469285714285735,-1.0
2026-08-12,NYM@ATL,NYM,2.5,Over,0.739,0.6420184661365214,0.09698153386347863,-225,williamhill_us,0.4444444444444444,3,1,0.6923076923076923,0.06744444444444442,0.4444444444444444
2026-08-12,NYM@ATL,NYM,3.5,Over,0.61,0.5041554124246831,0.1058445875753169,-115,fanduel,0.8695652173913043,7,0,0.5348837209302326,0.14043478260869557,-1.0
2026-08-12,NYM@ATL,NYM,4.5,Over,0.4814,0.3787572806727218,0.1026427193272782,145,betmgm,1.45,3,0,0.4081632653061224,0.17942999999999998,-1.0
2026-08-12,PHI@STL,PHI,3.5,Under,0.4385,0.39802600282117795,0.04047399717882205,135,draftkings,1.35,2,1,0.425531914893617,0.03047500000000003,1.35
2026-08-12,PHI@STL,PHI,4.5,Under,0.57145,0.5157232704402516,0.055726729559748445,-118,fanduel,0.847457627118644,5,1,0.5412844036697247,0.055729661016949095,0.847457627118644
2026-08-12,PHI@STL,PHI,5.5,Under,0.69065,0.6366206030150754,0.054029396984924594,-205,draftkings,0.4878048780487805,2,1,0.6721311475409836,0.027552439024390196,0.4878048780487805
2026-08-12,PHI@STL,STL,2.5,Under,0.40615,0.39718931632512033,0.008960683674879677,140,betmgm,1.4,3,0,0.4166666666666667,-0.02524000000000004,-1.0
2026-08-12,PHI@STL,STL,3.5,Under,0.5705,0.5521660920401739,0.018333907959826146,-135,draftkings,0.7407407407407407,5,0,0.574468085106383,-0.006907407407407473,-1.0
2026-08-12,PHI@STL,STL,4.5,Under,0.7097,0.6805147533997268,0.029185246600273218,-245,draftkings,0.40816326530612246,2,0,0.7101449275362319,-0.0006265306122449354,-1.0
2026-08-12,PIT@MIA,MIA,2.5,Under,0.3127,0.3070037688442211,0.005696231155778886,205,draftkings,2.05,4,0,0.3278688524590164,-0.04626500000000011,-1.0
2026-08-12,PIT@MIA,MIA,3.5,Under,0.46035000000000004,0.447266703478741,0.013083296521259058,115,betrivers,1.15,6,0,0.46511627906976744,-0.010247499999999965,-1.0
2026-08-12,PIT@MIA,MIA,4.5,Under,0.60065,0.5825416862832073,0.018108313716792668,-160,draftkings,0.625,3,0,0.6153846153846154,-0.02394374999999993,-1.0
2026-08-12,PIT@MIA,PIT,2.5,Over,0.71375,0.6722637491656589,0.0414862508343411,-275,williamhill_us,0.36363636363636365,3,0,0.7333333333333333,-0.02670454545454537,-1.0
2026-08-12,PIT@MIA,PIT,3.5,Over,0.57245,0.5306122448979592,0.0418377551020408,-140,fanduel,0.7142857142857143,6,0,0.5833333333333333,-0.018657142857142706,-1.0
2026-08-12,PIT@MIA,PIT,4.5,Over,0.4377,0.40472824943299257,0.03297175056700741,125,betmgm,1.25,3,0,0.4444444444444444,-0.01517500000000005,-1.0
2026-08-12,SEA@NYY,NYY,3.5,Under,0.46495,0.40644783667672935,0.05850216332327063,137,williamhill_us,1.37,3,0,0.42194092827004215,0.10193150000000006,-1.0
2026-08-12,SEA@NYY,NYY,4.5,Under,0.61145,0.5445920303605314,0.06685796963946866,-125,draftkings,0.8,6,0,0.5555555555555556,0.10061000000000009,-1.0
2026-08-12,SEA@NYY,NYY,5.5,Under,0.73675,0.6639288158795346,0.07282118412046545,-225,williamhill_us,0.4444444444444444,3,0,0.6923076923076923,0.06419444444444444,-1.0
2026-08-12,SEA@NYY,SEA,2.5,Over,0.71525,0.6724137931034483,0.042836206896551765,-275,williamhill_us,0.36363636363636365,3,1,0.7333333333333333,-0.024659090909090797,0.36363636363636365
2026-08-12,SEA@NYY,SEA,3.5,Over,0.57865,0.5427774333539988,0.03587256664600125,-148,fanduel,0.6756756756756757,4,1,0.5967741935483871,-0.030370270270270283,0.6756756756756757
2026-08-12,SEA@NYY,SEA,4.5,Over,0.4461,0.41146687539809357,0.03463312460190643,115,betmgm,1.15,5,1,0.46511627906976744,-0.04088500000000006,1.15
2026-08-12,TB@ATH,ATH,2.5,Under,0.48945000000000005,0.3875390619994794,0.10191093800052065,165,betmgm,1.65,5,0,0.37735849056603776,0.2970425000000001,-1.0
2026-08-12,TB@ATH,ATH,3.5,Under,0.6469,0.5306122448979591,0.11628775510204092,-110,betmgm,0.9090909090909091,6,0,0.5238095238095238,0.23499090909090925,-1.0
2026-08-12,TB@ATH,ATH,4.5,Under,0.776,0.6575817987863526,0.11841820121364743,-200,betmgm,0.5,4,1,0.6666666666666666,0.16400000000000015,0.5
2026-08-12,TB@ATH,TB,4.5,Over,0.6461,0.5931434151651712,0.05295658483482879,-185,betmgm,0.5405405405405406,3,1,0.6491228070175439,-0.004656756756756697,0.5405405405405406
2026-08-12,TB@ATH,TB,5.5,Over,0.5314,0.48987854251012153,0.041521457489878455,-104,fanduel,0.9615384615384616,6,1,0.5098039215686274,0.04236153846153856,0.9615384615384616
2026-08-12,TB@ATH,TB,6.5,Over,0.4246,0.384377121520706,0.040222878479293955,140,betmgm,1.4,4,1,0.4166666666666667,0.019039999999999946,1.4
2026-08-12,TEX@LAA,LAA,2.5,Under,0.38695,0.32485396645939324,0.062096033540606776,200,betmgm,2.0,3,0,0.3333333333333333,0.16084999999999994,-1.0
2026-08-12,TEX@LAA,LAA,3.5,Under,0.5406,0.4576614849859998,0.08293851501400018,118,betrivers,1.18,6,0,0.4587155963302753,0.1785079999999999,-1.0
2026-08-12,TEX@LAA,LAA,4.5,Under,0.6799,0.59712064475282,0.08277935524717994,-160,betmgm,0.625,3,0,0.6153846153846154,0.10483749999999992,-1.0
2026-08-12,TEX@LAA,TEX,3.5,Under,0.40185000000000004,0.3838403093344689,0.018009690665531153,160,williamhill_us,1.6,4,1,0.3846153846153846,0.04481000000000024,1.6
2026-08-12,TEX@LAA,TEX,4.5,Under,0.53005,0.5,0.03005000000000002,-105,williamhill_us,0.9523809523809523,6,1,0.5121951219512195,0.03485952380952373,0.9523809523809523
2026-08-12,TEX@LAA,TEX,5.5,Under,0.6476,0.6112662508526597,0.03633374914734022,-175,williamhill_us,0.5714285714285714,3,1,0.6363636363636364,0.017657142857142816,0.5714285714285714
2026-08-13,BOS@TOR,BOS,3.5,Over,0.61055,0.5833210546677909,0.027228945332209098,-175,williamhill_us,0.5714285714285714,3,1,0.6363636363636364,-0.04056428571428572,0.5714285714285714
2026-08-13,BOS@TOR,BOS,4.5,Over,0.47025,0.44726670347874103,0.022983296521258967,100,williamhill_us,1.0,6,1,0.5,-0.0595,1.0
2026-08-13,BOS@TOR,BOS,5.5,Over,0.34705,0.33807921624897946,0.008970783751020561,165,betmgm,1.65,3,1,0.37735849056603776,-0.08031749999999993,1.65
2026-08-13,BOS@TOR,TOR,2.5,Under,0.4444,0.3862866023475138,0.05811339765248624,145,draftkings,1.45,4,1,0.4081632653061224,0.08878000000000008,1.45
2026-08-13,BOS@TOR,TOR,3.5,Under,0.60565,0.5371848068943504,0.06846519310564958,-130,draftkings,0.7692307692307693,6,1,0.5652173913043479,0.07153461538461547,0.7692307692307693
2026-08-13,BOS@TOR,TOR,4.5,Under,0.73975,0.6724137931034483,0.06733620689655173,-235,betmgm,0.425531914893617,3,1,0.7014925373134329,0.05453723404255317,0.425531914893617
2026-08-13,CHC@WSH,CHC,3.5,Under,0.38715,0.37042682926829273,0.01672317073170726,160,williamhill_us,1.6,4,1,0.3846153846153846,0.006590000000000096,1.6
2026-08-13,CHC@WSH,CHC,4.5,Under,0.5155000000000001,0.4898785425101214,0.025621457489878652,-103,betrivers,0.970873786407767,6,1,0.5073891625615764,0.015985436893203975,0.970873786407767
2026-08-13,CHC@WSH,CHC,5.5,Under,0.6329,0.5966336251677089,0.036266374832291115,-175,draftkings,0.5714285714285714,3,1,0.6363636363636364,-0.005442857142857083,0.5714285714285714
2026-08-13,CHC@WSH,WSH,2.5,Over,0.7582,0.6597216404155497,0.09847835958445028,-225,williamhill_us,0.4444444444444444,4,1,0.6923076923076923,0.0951777777777778,0.4444444444444444
2026-08-13,CHC@WSH,WSH,3.5,Over,0.6229,0.5187593796898449,0.10414062031015514,-122,fanduel,0.819672131147541,6,1,0.5495495495495495,0.1334737704918032,0.819672131147541
2026-08-13,CHC@WSH,WSH,4.5,Over,0.4831,0.37280024698981173,0.11029975301018824,140,williamhill_us,1.4,3,1,0.4166666666666667,0.1594399999999998,1.4
2026-08-13,CIN@CWS,CIN,2.5,Over,0.69185,0.6613877315033024,0.03046226849669753,-245,fanatics,0.40816326530612246,4,1,0.7101449275362319,-0.025762244897959197,0.40816326530612246
2026-08-13,CIN@CWS,CIN,3.5,Over,0.55215,0.5203045685279188,0.03184543147208119,-122,fanduel,0.819672131147541,6,1,0.5495495495495495,0.004731967213114752,0.819672131147541
2026-08-13,CIN@CWS,CIN,4.5,Over,0.42095,0.39042040205318135,0.030529597946818643,130,williamhill_us,1.3,3,1,0.4347826086956522,-0.03181500000000015,1.3
2026-08-13,CLE@DET,CLE,3.5,Under,0.5719000000000001,0.447266703478741,0.1246332965212591,126,fanduel,1.26,6,1,0.4424778761061947,0.29249400000000003,1.26
2026-08-13,CLE@DET,CLE,4.5,Under,0.70575,0.5673720922052229,0.1383779077947771,-134,betrivers,0.746268656716418,6,1,0.5726495726495727,0.2324291044776119,0.746268656716418
2026-08-13,CLE@DET,CLE,5.5,Under,0.8063,0.6732748760960732,0.13302512390392685,-220,betrivers,0.45454545454545453,5,1,0.6875,0.17280000000000006,0.45454545454545453
2026-08-13,CLE@DET,DET,2.5,Over,0.65835,0.6458336626151828,0.012516337384817167,-220,betrivers,0.45454545454545453,6,1,0.6875,-0.04239999999999999,0.45454545454545453
2026-08-13,CLE@DET,DET,3.5,Under,0.49834999999999996,0.47969543147208116,0.018654568527918802,100,draftkings,1.0,7,1,0.5,-0.0033000000000000806,1.0
2026-08-13,CLE@DET,DET,4.5,Under,0.64375,0.6222361393803385,0.02151386061966154,-185,betmgm,0.5405405405405406,5,1,0.6491228070175439,-0.008277027027026929,0.5405405405405406
2026-08-13,MIL@LAD,LAD,3.5,Over,0.5928,0.5715249662618084,0.021275033738191618,-175,williamhill_us,0.5714285714285714,3,1,0.6363636363636364,-0.06845714285714288,0.5714285714285714
2026-08-13,MIL@LAD,LAD,4.5,Over,0.45525,0.43734449690651994,0.017905503093480046,114,fanduel,1.14,6,0,0.4672897196261683,-0.02576500000000015,-1.0
2026-08-13,MIL@LAD,LAD,5.5,Over,0.33115,0.32485396645939324,0.00629603354060676,175,betmgm,1.75,3,0,0.36363636363636365,-0.08933749999999996,-1.0
2026-08-13,MIL@LAD,MIL,2.5,Over,0.7679,0.6501218412696114,0.11777815873038866,-225,williamhill_us,0.4444444444444444,3,1,0.6923076923076923,0.109188888888889,0.4444444444444444
2026-08-13,MIL@LAD,MIL,3.5,Over,0.6452,0.5101214574898786,0.1350785425101214,-118,fanduel,0.847457627118644,6,1,0.5412844036697247,0.19197966101694908,0.847457627118644
2026-08-13,MIL@LAD,MIL,4.5,Over,0.51945,0.38537899901543893,0.13407100098456104,137,williamhill_us,1.37,3,1,0.42194092827004215,0.23109650000000004,1.37
2026-08-13,PHI@MIN,MIN,3.5,Over,0.72245,0.5735751996751048,0.1488748003248952,-142,fanduel,0.704225352112676,5,0,0.5867768595041323,0.2312176056338029,-1.0
2026-08-13,PHI@MIN,MIN,4.5,Over,0.58845,0.4565347273127342,0.13191527268726583,120,williamhill_us,1.2,4,0,0.45454545454545453,0.29459000000000013,-1.0
2026-08-13,PHI@MIN,MIN,5.5,Over,0.45915,0.32981355495521536,0.12933644504478464,200,betmgm,2.0,3,0,0.3333333333333333,0.37745000000000006,-1.0
2026-08-13,PHI@MIN,PHI,3.5,Under,0.41545,0.405776836476034,0.009673163523965966,125,williamhill_us,1.25,3,0,0.4444444444444444,-0.06523750000000006,-1.0
2026-08-13,PHI@MIN,PHI,4.5,Under,0.5449999999999999,0.5238589211618258,0.021141078838174177,-134,betrivers,0.746268656716418,6,0,0.5726495726495727,-0.04828358208955241,-1.0
2026-08-13,PHI@MIN,PHI,5.5,Under,0.65725,0.6420184661365214,0.015231533863478641,-225,williamhill_us,0.4444444444444444,3,0,0.6923076923076923,-0.0506388888888889,-1.0
2026-08-13,PIT@MIA,MIA,2.5,Over,0.64985,0.6460742596341924,0.003775740365807634,-220,fanduel,0.45454545454545453,6,0,0.6875,-0.05476363636363624,-1.0
2026-08-13,PIT@MIA,MIA,3.5,Under,0.5046999999999999,0.4938136312217195,0.01088636877828042,-105,draftkings,0.9523809523809523,7,1,0.5121951219512195,-0.014633333333333498,0.9523809523809523
2026-08-13,PIT@MIA,MIA,4.5,Under,0.6493,0.623656304474143,0.02564369552585699,-190,betrivers,0.5263157894736842,5,1,0.6551724137931035,-0.008963157894737006,0.5263157894736842
2026-08-13,PIT@MIA,PIT,3.5,Over,0.6216,0.5633187772925764,0.05828122270742364,-154,williamhill_us,0.6493506493506493,5,1,0.6062992125984252,0.025236363636363723,0.6493506493506493
2026-08-13,PIT@MIA,PIT,4.5,Over,0.49165,0.44645303353076704,0.045196966469232935,112,fanduel,1.12,7,1,0.4716981132075471,0.04229799999999995,1.12
2026-08-13,PIT@MIA,PIT,5.5,Over,0.37065,0.3286592785947181,0.04199072140528187,185,betmgm,1.85,5,1,0.3508771929824561,0.05635250000000003,1.85
2026-08-13,SEA@NYY,NYY,3.5,Under,0.48355000000000004,0.4366812227074236,0.046868777292576436,115,williamhill_us,1.15,6,1,0.46511627906976744,0.03963249999999996,1.15
2026-08-13,SEA@NYY,NYY,4.5,Under,0.6347499999999999,0.5697723569652432,0.06497764303475673,-154,williamhill_us,0.6493506493506493,4,1,0.6062992125984252,0.04692532467532451,0.6493506493506493
2026-08-13,SEA@NYY,NYY,5.5,Under,0.7535000000000001,0.684604589056028,0.06889541094397211,-275,draftkings,0.36363636363636365,4,1,0.7333333333333333,0.02750000000000008,0.36363636363636365
2026-08-13,SEA@NYY,SEA,2.5,Under,0.47965,0.4007390214164117,0.07891097858358831,155,betmgm,1.55,4,1,0.3921568627450981,0.22310750000000001,1.55
2026-08-13,SEA@NYY,SEA,3.5,Under,0.63115,0.546701203717812,0.08444879628218804,-118,betmgm,0.847457627118644,6,1,0.5412844036697247,0.16602288135593213,0.847457627118644
2026-08-13,SEA@NYY,SEA,4.5,Under,0.75135,0.6653491436100132,0.08600085638998678,-200,williamhill_us,0.5,4,1,0.6666666666666666,0.12702499999999994,0.5
2026-08-13,TEX@LAA,LAA,2.5,Over,0.6948,0.5785999533960613,0.11620004660393868,-150,fanatics,0.6666666666666666,3,1,0.6000000000000001,0.15799999999999992,0.6666666666666666
2026-08-13,TEX@LAA,LAA,3.5,Over,0.5417,0.4211388775092175,0.12056112249078244,118,fanduel,1.18,5,1,0.4587155963302753,0.1809059999999998,1.18
2026-08-13,TEX@LAA,TEX,3.5,Under,0.55665,0.44764903742932804,0.10900096257067193,118,betmgm,1.18,2,1,0.4587155963302753,0.21349699999999983,1.18
2026-08-14,AZ@ATL,ATL,3.5,Under,0.51395,0.38120442747254835,0.13274557252745167,150,draftkings,1.5,2,1,0.4,0.284875,1.5
2026-08-14,AZ@ATL,ATL,4.5,Under,0.65795,0.5138062871707731,0.1441437128292269,-115,draftkings,0.8695652173913043,4,1,0.5348837209302326,0.23008043478260864,0.8695652173913043
2026-08-14,AZ@ATL,ATL,5.5,Under,0.7706999999999999,0.6381926167790241,0.13250738322097588,-200,williamhill_us,0.5,2,1,0.6666666666666666,0.15605000000000002,0.5
2026-08-14,AZ@ATL,AZ,2.5,Over,0.5968,0.5884604071314599,0.008339592868540135,-167,williamhill_us,0.5988023952095808,2,0,0.6254681647940076,-0.045834730538922286,-1.0
2026-08-14,AZ@ATL,AZ,3.5,Under,0.5557000000000001,0.5520177711958535,0.0036822288041465923,-132,fanduel,0.7575757575757576,4,1,0.5689655172413793,-0.0233151515151514,0.7575757575757576
2026-08-14,AZ@ATL,AZ,4.5,Under,0.6838,0.6693574374181653,0.014442562581834628,-250,williamhill_us,0.4,2,1,0.7142857142857143,-0.04268000000000016,0.4
2026-08-14,BAL@TB,BAL,2.5,Over,0.729,0.6109203103667408,0.11807968963325921,-187,williamhill_us,0.5347593582887701,3,1,0.6515679442508712,0.11883957219251329,0.5347593582887701
2026-08-14,BAL@TB,BAL,3.5,Over,0.59185,0.5052301255230125,0.08661987447698749,-105,williamhill_us,0.9523809523809523,3,1,0.5121951219512195,0.15551666666666653,0.9523809523809523
2026-08-14,BAL@TB,BAL,4.5,Over,0.46185,0.3580586080586081,0.10379139194139186,160,williamhill_us,1.6,2,1,0.3846153846153846,0.20080999999999993,1.6
2026-08-14,BAL@TB,TB,3.5,Over,0.66295,0.607625876805013,0.05532412319498703,-170,fanatics,0.5882352941176471,3,1,0.6296296296296295,0.05292058823529433,0.5882352941176471
2026-08-14,BAL@TB,TB,4.5,Over,0.52855,0.4693877551020409,0.05916224489795907,105,williamhill_us,1.05,3,1,0.48780487804878053,0.08352749999999975,1.05
2026-08-14,BAL@TB,TB,5.5,Over,0.40705,0.3613375645164232,0.04571243548357684,170,williamhill_us,1.7,2,0,0.37037037037037035,0.0990350000000002,-1.0
2026-08-14,BOS@PIT,BOS,3.5,Under,0.45265,0.44263723729217874,0.010012762707821254,125,draftkings,1.25,5,0,0.4444444444444444,0.01846250000000005,-1.0
2026-08-14,BOS@PIT,BOS,4.5,Under,0.5815,0.5667244367417678,0.01477556325823226,-135,draftkings,0.7407407407407407,6,1,0.574468085106383,0.012240740740740774,0.7407407407407407
2026-08-14,BOS@PIT,BOS,5.5,Under,0.69455,0.6707169037489246,0.023833096251075436,-225,draftkings,0.4444444444444444,4,1,0.6923076923076923,0.0032388888888887912,0.4444444444444444
2026-08-14,BOS@PIT,PIT,3.5,Over,0.50865,0.5,0.008650000000000047,-113,betrivers,0.8849557522123894,6,1,0.5305164319248826,-0.04121725663716802,0.8849557522123894
2026-08-14,BOS@PIT,PIT,4.5,Under,0.6339,0.6240015974440895,0.009898402555910568,-195,betrivers,0.5128205128205128,4,0,0.6610169491525424,-0.04102307692307694,-1.0
2026-08-14,BOS@PIT,PIT,5.5,Under,0.74905,0.7249510601456262,0.024098939854373835,-335,betrivers,0.29850746268656714,4,0,0.7701149425287357,-0.027352985074626912,-1.0
2026-08-14,COL@SF,COL,2.5,Over,0.68945,0.6229575163398693,0.06649248366013072,-220,draftkings,0.45454545454545453,3,1,0.6875,0.002836363636363748,0.45454545454545453
2026-08-14,COL@SF,COL,3.5,Over,0.55825,0.48124062031015497,0.07700937968984506,-113,fanduel,0.8849557522123894,6,1,0.5305164319248826,0.05227654867256648,0.8849557522123894
2026-08-14,COL@SF,COL,4.5,Over,0.42825,0.3588062262532173,0.06944377374678273,145,draftkings,1.45,3,1,0.4081632653061224,0.0492125000000001,1.45
2026-08-14,COL@SF,SF,2.5,Over,0.85255,0.6787379875635953,0.17381201243640476,-250,williamhill_us,0.4,4,0,0.7142857142857143,0.19357000000000002,-1.0
2026-08-14,COL@SF,SF,3.5,Over,0.74215,0.5371848068943506,0.20496519310564942,-128,fanduel,0.78125,6,0,0.5614035087719298,0.3219546874999999,-1.0
2026-08-14,COL@SF,SF,4.5,Over,0.6163,0.3966972619777177,0.21960273802228225,130,betmgm,1.3,3,0,0.4347826086956522,0.4174899999999997,-1.0
2026-08-14,CWS@DET,DET,3.5,Under,0.48035000000000005,0.40693989102413197,0.07341010897586808,145,draftkings,1.45,3,0,0.4081632653061224,0.1768575000000001,-1.0
2026-08-14,CWS@DET,DET,4.5,Under,0.61635,0.5445920303605314,0.07175796963946857,-120,draftkings,0.8333333333333334,6,0,0.5454545454545454,0.12997499999999995,-1.0
2026-08-14,CWS@DET,DET,5.5,Under,0.72975,0.6619207837510206,0.06782921624897942,-200,williamhill_us,0.5,3,1,0.6666666666666666,0.09462499999999996,0.5
2026-08-14,KC@LAA,KC,3.5,Over,0.63015,0.5774023338195385,0.05274766618046145,-154,williamhill_us,0.6493506493506493,3,1,0.6062992125984252,0.0393383116883117,0.6493506493506493
2026-08-14,KC@LAA,KC,4.5,Over,0.5023,0.45168667810177243,0.05061332189822754,110,betrivers,1.1,6,1,0.47619047619047616,0.054829999999999934,1.1
2026-08-14,KC@LAA,KC,5.5,Over,0.38185,0.3436672520382491,0.03818274796175092,170,betmgm,1.7,3,1,0.37037037037037035,0.030995000000000106,1.7
2026-08-14,KC@LAA,LAA,2.5,Over,0.7469,0.6913060574286175,0.055593942571382504,-250,betmgm,0.4,4,1,0.7142857142857143,0.045660000000000034,0.4
2026-08-14,KC@LAA,LAA,3.5,Over,0.6077,0.5559568117330582,0.0517431882669418,-140,draftkings,0.7142857142857143,6,1,0.5833333333333333,0.04177142857142857,0.7142857142857143
2026-08-14,KC@LAA,LAA,4.5,Over,0.4653,0.4224064374609477,0.0428935625390523,125,betmgm,1.25,3,1,0.4444444444444444,0.046924999999999883,1.25
2026-08-14,MIA@CIN,CIN,2.5,Under,0.36285,0.32485396645939324,0.037996033540606766,195,draftkings,1.95,4,1,0.3389830508474576,0.07040750000000018,1.95
2026-08-14,MIA@CIN,CIN,3.5,Under,0.521,0.4693877551020408,0.051612244897959236,108,betrivers,1.08,6,1,0.4807692307692307,0.08367999999999998,1.08
2026-08-14,MIA@CIN,CIN,4.5,Under,0.66885,0.6055032605863084,0.06334673941369151,-167,williamhill_us,0.5988023952095808,3,1,0.6254681647940076,0.06935898203592794,0.5988023952095808
2026-08-14,MIA@CIN,MIA,2.5,Under,0.39095,0.3436672520382491,0.047282747961750915,185,betmgm,1.85,3,1,0.3508771929824561,0.11420750000000002,1.85
2026-08-14,MIA@CIN,MIA,3.5,Under,0.5459499999999999,0.47107438016528924,0.0748756198347107,105,draftkings,1.05,6,1,0.48780487804878053,0.11919749999999985,1.05
2026-08-14,MIA@CIN,MIA,4.5,Under,0.6778,0.5998968674406634,0.07790313255933656,-167,williamhill_us,0.5988023952095808,3,1,0.6254681647940076,0.08366826347305367,0.5988023952095808
2026-08-14,MIL@LAD,LAD,3.5,Over,0.63465,0.5935521633232707,0.04109783667672939,-175,williamhill_us,0.5714285714285714,3,0,0.6363636363636364,-0.0026928571428570525,-1.0
2026-08-14,MIL@LAD,LAD,4.5,Over,0.49395,0.4554079696394686,0.03854203036053139,110,fanduel,1.1,6,0,0.47619047619047616,0.03729500000000008,-1.0
2026-08-14,MIL@LAD,LAD,5.5,Over,0.36125,0.33534743202416917,0.025902567975830848,170,draftkings,1.7,3,0,0.37037037037037035,-0.024624999999999897,-1.0
2026-08-14,MIL@LAD,MIL,2.5,Under,0.44765,0.41153959286854014,0.036110407131459854,140,betmgm,1.4,3,1,0.4166666666666667,0.07435999999999998,1.4
2026-08-14,MIL@LAD,MIL,3.5,Under,0.60015,0.5521660920401739,0.0479839079598261,-139,betrivers,0.7194244604316546,6,1,0.5815899581589958,0.031912589928057455,0.7194244604316546
2026-08-14,MIL@LAD,MIL,4.5,Under,0.72485,0.6781183932346724,0.046731606765327616,-235,betmgm,0.425531914893617,3,1,0.7014925373134329,0.03329680851063821,0.425531914893617
2026-08-14,NYY@TOR,NYY,3.5,Over,0.6506,0.592520942908412,0.058079057091588004,-160,fanatics,0.625,4,0,0.6153846153846154,0.05722499999999986,-1.0
2026-08-14,NYY@TOR,NYY,4.5,Over,0.52315,0.4669102720259846,0.056239727974015385,106,fanduel,1.06,6,0,0.4854368932038835,0.07768900000000012,-1.0
2026-08-14,NYY@TOR,NYY,5.5,Over,0.4046,0.3536261331666146,0.050973866833385395,165,betmgm,1.65,3,0,0.37735849056603776,0.07218999999999998,-1.0
2026-08-14,NYY@TOR,TOR,2.5,Over,0.64315,0.6136135097430016,0.02953649025699845,-187,williamhill_us,0.5347593582887701,3,1,0.6515679442508712,-0.012919518716577594,0.5347593582887701
2026-08-14,NYY@TOR,TOR,3.5,Over,0.48295,0.4607930386631069,0.0221569613368931,105,draftkings,1.05,6,0,0.48780487804878053,-0.009952500000000142,-1.0
2026-08-14,NYY@TOR,TOR,4.5,Over,0.34245,0.3321043529875066,0.010345647012493353,175,williamhill_us,1.75,3,0,0.36363636363636365,-0.058262500000000106,-1.0
2026-08-14,SD@CLE,CLE,2.5,Over,0.6703,0.6189229220096133,0.05137707799038671,-230,fanatics,0.43478260869565216,4,1,0.696969696969697,-0.038265217391304396,0.43478260869565216
2026-08-14,SD@CLE,CLE,3.5,Over,0.5182,0.47823563551944287,0.039964364480557124,-122,betrivers,0.819672131147541,6,1,0.5495495495495495,-0.05704590163934431,0.819672131147541
2026-08-14,SD@CLE,CLE,4.5,Over,0.37505,0.3438538205980067,0.031196179401993318,145,betmgm,1.45,4,1,0.4081632653061224,-0.08112749999999991,1.45
2026-08-14,SD@CLE,SD,2.5,Over,0.71615,0.6030239517955609,0.11312604820443906,-186,betrivers,0.5376344086021505,4,1,0.6503496503496503,0.10117688172042993,0.5376344086021505
2026-08-14,SD@CLE,SD,3.5,Over,0.58045,0.4576614849859998,0.12278851501400023,100,williamhill_us,1.0,6,1,0.5,0.16090000000000004,1.0
2026-08-14,SD@CLE,SD,4.5,Over,0.444,0.34010327022375214,0.10389672977624786,170,williamhill_us,1.7,4,1,0.37037037037037035,0.1988000000000001,1.7
2026-08-14,SEA@HOU,HOU,3.5,Over,0.63165,0.5594871427548169,0.07216285724518312,-145,draftkings,0.6896551724137931,6,1,0.5918367346938775,0.06727068965517247,0.6896551724137931
2026-08-14,SEA@HOU,SEA,3.5,Over,0.57645,0.5330897279740154,0.04336027202598458,-130,fanduel,0.7692307692307693,6,1,0.5652173913043479,0.019873076923076827,0.7692307692307693
2026-08-14,STL@CHC,CHC,3.5,Over,0.6904,0.624494495297231,0.06590550470276901,-180,betmgm,0.5555555555555556,3,0,0.6428571428571428,0.07395555555555555,-1.0
2026-08-14,STL@CHC,CHC,4.5,Over,0.55795,0.4796954314720812,0.07825456852791873,106,fanduel,1.06,6,0,0.4854368932038835,0.14937699999999987,-1.0
2026-08-14,STL@CHC,CHC,5.5,Over,0.4287,0.3691054345065382,0.059594565493461815,170,betmgm,1.7,3,0,0.37037037037037035,0.15749000000000013,-1.0
2026-08-14,STL@CHC,STL,2.5,Under,0.42025,0.4053934579834084,0.01485654201659159,135,betmgm,1.35,3,1,0.425531914893617,-0.012412499999999937,1.35
2026-08-14,STL@CHC,STL,3.5,Under,0.5720000000000001,0.550561797752809,0.021438202247191063,-130,betrivers,0.7692307692307693,7,1,0.5652173913043479,0.01200000000000001,0.7692307692307693
2026-08-14,STL@CHC,STL,4.5,Under,0.69465,0.6751460335406068,0.01950396645939323,-235,betmgm,0.425531914893617,3,1,0.7014925373134329,-0.009754255319148974,0.425531914893617
2026-08-14,TEX@ATH,ATH,3.5,Under,0.45245,0.3838403093344689,0.06860969066553113,140,draftkings,1.4,2,0,0.4166666666666667,0.08587999999999996,-1.0
2026-08-14,TEX@ATH,ATH,4.5,Under,0.5937,0.5203045685279188,0.07339543147208116,-114,betrivers,0.8771929824561403,4,0,0.5327102803738317,0.11448947368421059,-1.0
2026-08-14,TEX@ATH,ATH,5.5,Under,0.7097,0.6341463414634146,0.07555365853658536,-200,williamhill_us,0.5,2,0,0.6666666666666666,0.06455000000000011,-1.0
2026-08-14,TEX@ATH,TEX,3.5,Over,0.6612,0.6336194460473168,0.027580553952683218,-200,williamhill_us,0.5,2,0,0.6666666666666666,-0.008199999999999985,-1.0
2026-08-14,TEX@ATH,TEX,4.5,Over,0.5359,0.5306122448979592,0.005287755102040825,-118,fanduel,0.847457627118644,4,0,0.5412844036697247,-0.009947457627118572,-1.0
2026-08-14,TEX@ATH,TEX,5.5,Over,0.4174,0.40697081464617096,0.010429185353829029,130,draftkings,1.3,2,0,0.4347826086956522,-0.03998000000000013,-1.0
2026-08-14,WSH@NYM,NYM,3.5,Under,0.47340000000000004,0.4196676031600357,0.053732396839964336,130,draftkings,1.3,4,0,0.4347826086956522,0.08882000000000012,-1.0
2026-08-14,WSH@NYM,NYM,4.5,Under,0.6072500000000001,0.552733296521259,0.054516703478741046,-140,draftkings,0.7142857142857143,6,1,0.5833333333333333,0.04100000000000015,0.7142857142857143
2026-08-14,WSH@NYM,NYM,5.5,Under,0.723,0.6777825129625683,0.04521748703743167,-240,draftkings,0.4166666666666667,3,1,0.7058823529411764,0.024250000000000105,0.4166666666666667
2026-08-14,WSH@NYM,WSH,3.5,Over,0.58885,0.5734924423417591,0.015357557658240872,-154,williamhill_us,0.6493506493506493,3,0,0.6062992125984252,-0.028779870129870155,-1.0
2026-08-14,WSH@NYM,WSH,4.5,Over,0.4646,0.44726670347874103,0.01733329652125898,118,fanduel,1.18,6,0,0.4587155963302753,0.01282799999999984,-1.0
2026-08-14,WSH@NYM,WSH,5.5,Over,0.34785,0.33889356681590266,0.008956433184097334,180,draftkings,1.8,3,0,0.35714285714285715,-0.026020000000000043,-1.0
2026-08-15,AZ@ATL,ATL,3.5,Under,0.42745,0.38502256742879526,0.04242743257120474,160,williamhill_us,1.6,4,1,0.3846153846153846,0.11136999999999997,1.6
2026-08-15,AZ@ATL,ATL,4.5,Under,0.56935,0.5082034454470877,0.06114655455291229,-105,williamhill_us,0.9523809523809523,6,1,0.5121951219512195,0.11158809523809521,0.9523809523809523
2026-08-15,AZ@ATL,ATL,5.5,Under,0.6972499999999999,0.6323666199703377,0.06488338002966221,-182,williamhill_us,0.5494505494505495,3,1,0.6453900709219857,0.0803543956043955,0.5494505494505495
2026-08-15,AZ@ATL,AZ,3.5,Over,0.57725,0.5702452417515939,0.007004758248406184,-148,fanduel,0.6756756756756757,4,1,0.5967741935483871,-0.03271621621621612,0.6756756756756757
2026-08-15,AZ@ATL,AZ,4.5,Under,0.5529999999999999,0.552733296521259,0.00026670347874091505,-135,draftkings,0.7407407407407407,5,0,0.574468085106383,-0.0373703703703705,-1.0
2026-08-15,AZ@ATL,AZ,5.5,Under,0.67155,0.6590291290632232,0.012520870936776785,-225,williamhill_us,0.4444444444444444,3,0,0.6923076923076923,-0.029983333333333362,-1.0
2026-08-15,BAL@TB,BAL,3.5,Over,0.4825,0.4576614849859998,0.024838515014000195,108,fanduel,1.08,6,1,0.4807692307692307,0.0036000000000000476,1.08
2026-08-15,BAL@TB,TB,3.5,Over,0.64285,0.5486725663716814,0.09417743362831865,-128,fanduel,0.78125,6,0,0.5614035087719298,0.14507656250000012,-1.0
2026-08-15,BOS@PIT,BOS,2.5,Over,0.73765,0.6833160829354612,0.05433391706453883,-250,williamhill_us,0.4,3,1,0.7142857142857143,0.03271000000000002,0.4
2026-08-15,BOS@PIT,BOS,3.5,Over,0.60305,0.5534367119548971,0.0496132880451029,-143,williamhill_us,0.6993006993006993,7,1,0.5884773662551441,0.024763286713286536,0.6993006993006993
2026-08-15,BOS@PIT,BOS,4.5,Over,0.47375,0.42847503373819157,0.045274966261808436,120,williamhill_us,1.2,3,0,0.45454545454545453,0.04225000000000012,-1.0
2026-08-15,BOS@PIT,PIT,2.5,Over,0.7267,0.637445295404814,0.08925470459518603,-200,williamhill_us,0.5,3,0,0.6666666666666666,0.09004999999999996,-1.0
2026-08-15,BOS@PIT,PIT,3.5,Over,0.58405,0.5,0.08404999999999996,-105,williamhill_us,0.9523809523809523,6,0,0.5121951219512195,0.14028809523809516,-1.0
2026-08-15,BOS@PIT,PIT,4.5,Over,0.4434,0.3583478251097906,0.08505217489020944,165,betmgm,1.65,3,0,0.37735849056603776,0.1750100000000001,-1.0
2026-08-15,COL@SF,COL,2.5,Over,0.61695,0.5925095326902636,0.02444046730973637,-175,williamhill_us,0.5714285714285714,2,0,0.6363636363636364,-0.030507142857142844,-1.0
2026-08-15,COL@SF,COL,3.5,Over,0.46715,0.44726670347874103,0.019883296521258975,116,fanduel,1.16,6,0,0.4629629629629629,0.009044000000000052,-1.0
2026-08-15,COL@SF,COL,4.5,Over,0.33965,0.3300963208589926,0.00955367914100741,185,betmgm,1.85,2,0,0.3508771929824561,-0.0319974999999999,-1.0
2026-08-15,COL@SF,SF,3.5,Over,0.7326,0.5837822471479227,0.14881775285207732,-160,betmgm,0.625,2,1,0.6153846153846154,0.19047499999999995,0.625
2026-08-15,COL@SF,SF,4.5,Over,0.60565,0.43668122270742354,0.16896877729257648,116,fanduel,1.16,6,1,0.4629629629629629,0.30820400000000014,1.16
2026-08-15,COL@SF,SF,5.5,Over,0.4762,0.32422551916594566,0.15197448083405435,185,betmgm,1.85,2,1,0.3508771929824561,0.35717,1.85
2026-08-15,CWS@DET,DET,2.5,Over,0.82065,0.7046165530460571,0.11603344695394291,-275,fanatics,0.36363636363636365,5,1,0.7333333333333333,0.1190681818181818,0.36363636363636365
2026-08-15,CWS@DET,DET,3.5,Over,0.6989,0.5715249662618084,0.1273750337381916,-148,fanduel,0.6756756756756757,7,0,0.5967741935483871,0.17112972972972962,-1.0
2026-08-15,CWS@DET,DET,4.5,Over,0.5692,0.43894208803298423,0.1302579119670158,126,fanduel,1.26,5,0,0.4424778761061947,0.286392,-1.0
2026-08-15,KC@LAA,KC,2.5,Under,0.39195,0.3880744870522821,0.0038755129477179295,170,betmgm,1.7,3,1,0.37037037037037035,0.05826500000000023,1.7
2026-08-15,KC@LAA,KC,3.5,Under,0.54085,0.5306122448979591,0.010237755102040946,-108,betrivers,0.9259259259259259,6,1,0.5192307692307692,0.04163703703703714,0.9259259259259259
2026-08-15,KC@LAA,KC,4.5,Under,0.6744,0.649857868430625,0.024542131569375014,-200,williamhill_us,0.5,3,1,0.6666666666666666,0.011600000000000055,0.5
2026-08-15,KC@LAA,LAA,3.5,Under,0.46030000000000004,0.4223602484472049,0.037939751552795165,137,williamhill_us,1.37,3,1,0.42194092827004215,0.09091100000000019,1.37
2026-08-15,KC@LAA,LAA,4.5,Under,0.5984,0.553546966469233,0.044853033530767084,-130,betmgm,0.7692307692307693,6,1,0.5652173913043479,0.05870769230769235,0.7692307692307693
2026-08-15,KC@LAA,LAA,5.5,Under,0.7213499999999999,0.6724137931034483,0.04893620689655165,-225,williamhill_us,0.4444444444444444,3,1,0.6923076923076923,0.04194999999999993,0.4444444444444444
2026-08-15,MIA@CIN,CIN,3.5,Under,0.4556,0.3933648124763538,0.06223518752364621,145,draftkings,1.45,3,0,0.4081632653061224,0.11621999999999999,-1.0
2026-08-15,MIA@CIN,CIN,4.5,Under,0.5996,0.5306122448979591,0.06898775510204092,-115,betrivers,0.8695652173913043,6,1,0.5348837209302326,0.12099130434782612,0.8695652173913043
2026-08-15,MIA@CIN,CIN,5.5,Under,0.723,0.642810436147257,0.080189563852743,-200,williamhill_us,0.5,3,1,0.6666666666666666,0.08450000000000002,0.5
2026-08-15,MIA@CIN,MIA,3.5,Over,0.64505,0.6086303689907391,0.03641963100926093,-187,williamhill_us,0.5347593582887701,3,1,0.6515679442508712,-0.010003475935828954,0.5347593582887701
2026-08-15,MIA@CIN,MIA,4.5,Over,0.5181,0.48945992664108945,0.028640073358910556,-106,betrivers,0.9433962264150944,6,1,0.5145631067961165,0.006873584905660479,0.9433962264150944
2026-08-15,MIA@CIN,MIA,5.5,Over,0.39755,0.3726851851851852,0.02486481481481484,145,betmgm,1.45,3,1,0.4081632653061224,-0.02600249999999993,1.45
2026-08-15,MIL@LAD,LAD,2.5,Under,0.4315,0.3867534327160296,0.04474656728397042,145,williamhill_us,1.45,4,1,0.4081632653061224,0.057174999999999976,1.45
2026-08-15,MIL@LAD,LAD,3.5,Under,0.5966,0.539206961336893,0.057393038663106966,-130,draftkings,0.7692307692307693,6,1,0.5652173913043479,0.05552307692307701,0.7692307692307693
2026-08-15,MIL@LAD,LAD,4.5,Under,0.7274499999999999,0.6704057609749343,0.05704423902506561,-250,williamhill_us,0.4,3,1,0.7142857142857143,0.018429999999999946,0.4
2026-08-15,MIL@LAD,MIL,2.5,Under,0.3235,0.3194852466002731,0.0040147533997269,200,betmgm,2.0,3,0,0.3333333333333333,-0.02949999999999997,-1.0
2026-08-15,MIL@LAD,MIL,3.5,Under,0.47204999999999997,0.45329879628218794,0.018751203717812026,110,draftkings,1.1,7,0,0.47619047619047616,-0.008695000000000008,-1.0
2026-08-15,MIL@LAD,MIL,4.5,Under,0.61005,0.5858694696831235,0.024180530316876503,-155,betmgm,0.6451612903225806,3,1,0.607843137254902,0.0036306451612901913,0.6451612903225806
2026-08-15,NYY@TOR,NYY,4.5,Under,0.63785,0.5474657647201591,0.09038423527984096,-129,betrivers,0.7751937984496124,5,1,0.5633187772925764,0.13230736434108525,0.7751937984496124
2026-08-15,NYY@TOR,TOR,2.5,Under,0.48214999999999997,0.46937629450052243,0.012773705499477539,120,betrivers,1.2,5,0,0.45454545454545453,0.06072999999999995,-1.0
2026-08-15,PHI@MIN,MIN,2.5,Over,0.73825,0.6455491744436468,0.09270082555635317,-200,fanatics,0.5,4,0,0.6666666666666666,0.107375,-1.0
2026-08-15,PHI@MIN,MIN,3.5,Over,0.5998,0.5,0.0998,-104,fanduel,0.9615384615384616,6,0,0.5098039215686274,0.17653076923076938,-1.0
2026-08-15,PHI@MIN,MIN,4.5,Over,0.4599,0.3663805539526832,0.09351944604731677,160,williamhill_us,1.6,3,0,0.3846153846153846,0.19574000000000003,-1.0
2026-08-15,PHI@MIN,PHI,3.5,Over,0.6081,0.5925095326902636,0.015590467309736344,-165,betmgm,0.6060606060606061,3,1,0.6226415094339623,-0.023354545454545517,0.6060606060606061
2026-08-15,PHI@MIN,PHI,4.5,Over,0.4791,0.46693386773547096,0.012166132264529061,106,fanduel,1.06,6,1,0.4854368932038835,-0.013053999999999899,1.06
2026-08-15,PHI@MIN,PHI,5.5,Over,0.35965,0.3544508255563532,0.005199174443646815,170,betmgm,1.7,3,1,0.37037037037037035,-0.028944999999999887,1.7
2026-08-15,SD@CLE,CLE,3.5,Over,0.6293,0.5633187772925764,0.06598122270742357,-154,williamhill_us,0.6493506493506493,2,1,0.6062992125984252,0.03793636363636366,0.6493506493506493
2026-08-15,SD@CLE,CLE,4.5,Over,0.49165,0.43668122270742354,0.05496877729257643,115,williamhill_us,1.15,4,1,0.46511627906976744,0.05704749999999992,1.15
2026-08-15,SD@CLE,CLE,5.5,Over,0.36685,0.3166839170645388,0.05016608293546121,187,williamhill_us,1.87,2,1,0.3484320557491289,0.05285950000000006,1.87
2026-08-15,SD@CLE,SD,2.5,Over,0.72635,0.6938620594441378,0.03248794055586224,-250,williamhill_us,0.4,2,0,0.7142857142857143,0.01689000000000007,-1.0
2026-08-15,SD@CLE,SD,3.5,Over,0.5972,0.5661414071601902,0.031058592839809718,-142,fanduel,0.704225352112676,3,0,0.5867768595041323,0.01776338028169011,-1.0
2026-08-15,SD@CLE,SD,4.5,Over,0.47115,0.44051285724518296,0.03063714275481705,120,williamhill_us,1.2,3,0,0.45454545454545453,0.03653000000000017,-1.0
2026-08-15,SEA@HOU,HOU,4.5,Under,0.59475,0.552733296521259,0.04201670347874098,-130,betmgm,0.7692307692307693,6,0,0.5652173913043479,0.05224999999999991,-1.0
2026-08-15,SEA@HOU,SEA,3.5,Over,0.62765,0.5594871427548169,0.06816285724518312,-143,williamhill_us,0.6993006993006993,4,1,0.5884773662551441,0.06656608391608398,0.6993006993006993
2026-08-15,STL@CHC,CHC,3.5,Under,0.38634999999999997,0.33337480301899314,0.052975196981006833,175,betmgm,1.75,3,0,0.36363636363636365,0.062462499999999865,-1.0
2026-08-15,STL@CHC,CHC,4.5,Under,0.5241,0.4554079696394687,0.06869203036053129,105,draftkings,1.05,6,1,0.48780487804878053,0.07440499999999983,1.05
2026-08-15,STL@CHC,CHC,5.5,Under,0.64775,0.5774023338195385,0.07034766618046151,-165,draftkings,0.6060606060606061,3,1,0.6226415094339623,0.040325757575757626,0.6060606060606061
2026-08-15,STL@CHC,STL,2.5,Over,0.75155,0.6648177251856645,0.08673227481433554,-225,williamhill_us,0.4444444444444444,3,1,0.6923076923076923,0.08557222222222238,0.4444444444444444
2026-08-15,STL@CHC,STL,3.5,Over,0.6299,0.5263157894736842,0.10358421052631583,-120,fanatics,0.8333333333333334,7,1,0.5454545454545454,0.15481666666666682,0.8333333333333334
2026-08-15,STL@CHC,STL,4.5,Over,0.50415,0.4033663748322911,0.10078362516770889,137,williamhill_us,1.37,3,1,0.42194092827004215,0.19483549999999994,1.37
2026-08-15,TEX@ATH,ATH,2.5,Under,0.33094999999999997,0.31941615750169716,0.011533842498302804,220,draftkings,2.2,4,0,0.3125,0.05903999999999998,-1.0
2026-08-15,TEX@ATH,ATH,3.5,Under,0.4919,0.449438202247191,0.042461797752809005,125,betmgm,1.25,5,1,0.4444444444444444,0.10677500000000006,1.25
2026-08-15,TEX@ATH,ATH,4.5,Under,0.6352,0.594223163523966,0.040976836476034006,-145,draftkings,0.6896551724137931,4,1,0.5918367346938775,0.07326896551724138,0.6896551724137931
2026-08-15,TEX@ATH,TEX,4.5,Under,0.6373,0.4321024406163725,0.2051975593836275,110,williamhill_us,1.1,5,0,0.47619047619047616,0.33833,-1.0
2026-08-15,TEX@ATH,TEX,5.5,Under,0.74505,0.5475460122699386,0.1975039877300614,-140,draftkings,0.7142857142857143,4,1,0.5833333333333333,0.2772285714285716,0.7142857142857143
2026-08-15,TEX@ATH,TEX,6.5,Under,0.83035,0.6420184661365214,0.18833153386347867,-225,williamhill_us,0.4444444444444444,3,1,0.6923076923076923,0.19939444444444443,0.4444444444444444
2026-08-15,WSH@NYM,NYM,2.5,Under,0.4214,0.3042333091575371,0.1171666908424629,220,betmgm,2.2,3,0,0.3125,0.3484800000000001,-1.0
2026-08-15,WSH@NYM,NYM,3.5,Under,0.5722,0.44362292051756014,0.1285770794824399,118,betmgm,1.18,3,0,0.4587155963302753,0.24739599999999995,-1.0
2026-08-15,WSH@NYM,NYM,4.5,Under,0.7058,0.5843929326169164,0.1214070673830836,-145,draftkings,0.6896551724137931,7,0,0.5918367346938775,0.19255862068965524,-1.0
2026-08-15,WSH@NYM,WSH,2.5,Over,0.80895,0.6381926167790241,0.1707573832209759,-200,williamhill_us,0.5,3,1,0.6666666666666666,0.21342499999999998,0.5
2026-08-15,WSH@NYM,WSH,3.5,Over,0.69465,0.4947698744769875,0.1998801255230125,-110,fanatics,0.9090909090909091,7,1,0.5238095238095238,0.32614999999999994,0.9090909090909091
2026-08-15,WSH@NYM,WSH,4.5,Over,0.5719,0.3736786052382455,0.1982213947617545,150,betmgm,1.5,3,0,0.4,0.42974999999999985,-1.0
